rank,word,meaning,example,note,tags
1,nie,아니다 / ~않다,Nie mam dziś czasu.,Polish Core 3000 · 빈도 #1 · particle · KO revised 2026-08-14 · Example generated for quiz,"core3000,core-500,particle"
2,to,이것 / 그것 / ~이다,To jest bardzo ważne.,Polish Core 3000 · 빈도 #2 · pron · KO revised 2026-08-14 · Example generated for quiz,"core3000,core-500,pron"
3,się,재귀 대명사 (자신을/서로),Ona uczy się polskiego.,Polish Core 3000 · 빈도 #3 · pron · KO revised 2026-08-14 · Example generated for quiz,"core3000,core-500,pron"
4,w,~안에 / ~에서,Mieszkam w Polsce.,Polish Core 3000 · 빈도 #4 · prep · KO revised 2026-08-14 · Example generated for quiz,"core3000,core-500,prep"
5,na,~에 / ~위에,Telefon leży na stole.,Polish Core 3000 · 빈도 #5 · prep · KO revised 2026-08-14 · Example generated for quiz,"core3000,core-500,prep"
6,i,그리고 / ~와,Kawa i herbata są na stole.,Polish Core 3000 · 빈도 #6 · conj · KO revised 2026-08-14 · Example generated for quiz,"core3000,core-500,conj"
7,że,~라는 것 / ~라고,"Wiem, że masz rację.",Polish Core 3000 · 빈도 #7 · conj · KO revised 2026-08-14 · Example generated for quiz,"core3000,core-500,conj"
8,z,~와 함께 / ~에서,Wracam z pracy o szóstej.,Polish Core 3000 · 빈도 #8 · prep · KO revised 2026-08-14 · Example generated for quiz,"core3000,core-500,prep"
9,co,무엇 / 뭐,Co robisz wieczorem?,Polish Core 3000 · 빈도 #9 · pron · KO revised 2026-08-14 · Example generated for quiz,"core3000,core-500,pron"
10,być,~이다 / 있다,Chcę być w domu przed ósmą.,Polish Core 3000 · 빈도 #10 · verb · KO revised 2026-08-14 · Example generated for quiz,"core3000,core-500,verb"
11,do,~로 / ~까지,Idę do sklepu po chleb.,Polish Core 3000 · 빈도 #11 · prep · KO revised 2026-08-14 · Example generated for quiz,"core3000,core-500,prep"
12,tak,그렇다 / 네,"Tak, rozumiem to dobrze.",Polish Core 3000 · 빈도 #12 · adv · KO revised 2026-08-14 · Example generated for quiz,"core3000,core-500,adv"
13,o,~에 대해 / ~을 두고,Rozmawiamy o pracy.,Polish Core 3000 · 빈도 #13 · prep · KO revised 2026-08-14 · Example generated for quiz,"core3000,core-500,prep"
14,jak,어떻게 / ~처럼,Jak masz na imię?,Polish Core 3000 · 빈도 #14 · pron · KO revised 2026-08-14 · Example generated for quiz,"core3000,core-500,pron"
15,ale,하지만,"Chcę iść, ale nie mam czasu.",Polish Core 3000 · 빈도 #15 · conj · KO revised 2026-08-14 · Example generated for quiz,"core3000,core-500,conj"
16,za,~뒤에 / ~을 위해 / ~대가로,Dziękuję za pomoc.,Polish Core 3000 · 빈도 #16 · prep · KO revised 2026-08-14 · Example generated for quiz,"core3000,core-500,prep"
17,ten,이 / 그,Ten film jest naprawdę dobry.,Polish Core 3000 · 빈도 #17 · pron · KO revised 2026-08-14 · Example generated for quiz,"core3000,core-500,pron"
18,on,그 / 그것,On pracuje w centrum miasta.,Polish Core 3000 · 빈도 #18 · pron · KO revised 2026-08-14 · Example generated for quiz,"core3000,core-500,pron"
19,po,~후에 / ~을 따라,Spotkamy się po pracy.,Polish Core 3000 · 빈도 #19 · prep · KO revised 2026-08-14 · Example generated for quiz,"core3000,core-500,prep"
20,tylko,오직 / 단지,Mam tylko pięć minut.,Polish Core 3000 · 빈도 #20 · conj · KO revised 2026-08-14 · Example generated for quiz,"core3000,core-500,conj"
21,czy,~인지 / 의문을 나타냄,Czy masz dziś czas?,Polish Core 3000 · 빈도 #21 · particle · KO revised 2026-08-14 · Example generated for quiz,"core3000,core-500,particle"
22,tu,여기,Tu jest bardzo spokojnie.,Polish Core 3000 · 빈도 #22 · pron · KO revised 2026-08-14 · Example generated for quiz,"core3000,core-500,pron"
23,może,아마 / ~할 수 있다,Może jutro będzie lepiej.,Polish Core 3000 · 빈도 #23 · particle · KO revised 2026-08-14 · Example generated for quiz,"core3000,core-500,particle"
24,mieć,가지다 / 있다,Chcę mieć więcej czasu.,Polish Core 3000 · 빈도 #24 · verb · KO revised 2026-08-14 · Example generated for quiz,"core3000,core-500,verb"
25,już,이미 / 벌써,Już jestem gotowy.,Polish Core 3000 · 빈도 #25 · adv · KO revised 2026-08-14 · Example generated for quiz,"core3000,core-500,adv"
26,jeśli,만약 / ~라면,"Jeśli masz czas, chodźmy na kawę.",Polish Core 3000 · 빈도 #26 · conj · KO revised 2026-08-14 · Example generated for quiz,"core3000,core-500,conj"
27,dla,~을 위해,To prezent dla ciebie.,Polish Core 3000 · 빈도 #27 · prep · KO revised 2026-08-14 · Example generated for quiz,"core3000,core-500,prep"
28,wiedzieć,알다,"Chcę wiedzieć, co się stało.",Polish Core 3000 · 빈도 #28 · verb · KO revised 2026-08-14 · Example generated for quiz,"core3000,core-500,verb"
29,coś,무언가,Chcę ci coś powiedzieć.,Polish Core 3000 · 빈도 #29 · pron · KO revised 2026-08-14 · Example generated for quiz,"core3000,core-500,pron"
30,dobrze,잘 / 좋게,Czuję się dziś dobrze.,Polish Core 3000 · 빈도 #30 · adv · KO revised 2026-08-14 · Example generated for quiz,"core3000,core-500,adv"
31,więc,그래서 / 그러므로,"Jest późno, więc wracam do domu.",Polish Core 3000 · 빈도 #31 · conj · KO revised 2026-08-14 · Example generated for quiz,"core3000,core-500,conj"
32,od,~부터 / ~에게서,Pracuję od poniedziałku do piątku.,Polish Core 3000 · 빈도 #32 · prep · KO revised 2026-08-14 · Example generated for quiz,"core3000,core-500,prep"
33,teraz,지금,Teraz nie mogę rozmawiać.,Polish Core 3000 · 빈도 #33 · adv · KO revised 2026-08-14 · Example generated for quiz,"core3000,core-500,adv"
34,pan,남성 존칭 / 선생님,Czy pan mówi po angielsku?,Polish Core 3000 · 빈도 #34 · noun · KO revised 2026-08-14 · Example generated for quiz,"core3000,core-500,noun"
35,wszystko,모든 것,Wszystko jest już gotowe.,Polish Core 3000 · 빈도 #35 · pron · KO revised 2026-08-14 · Example generated for quiz,"core3000,core-500,pron"
36,nic,아무것도 / 아무것도 ~않다,Nic dziś nie kupuję.,Polish Core 3000 · 빈도 #36 · pron · KO revised 2026-08-14 · Example generated for quiz,"core3000,core-500,pron"
37,tam,거기,Tam jest mój samochód.,Polish Core 3000 · 빈도 #37 · pron · KO revised 2026-08-14 · Example generated for quiz,"core3000,core-500,pron"
38,móc,~할 수 있다,Chcę móc ci jutro pomóc.,Polish Core 3000 · 빈도 #38 · verb · KO revised 2026-08-14 · Example generated for quiz,"core3000,core-500,verb"
39,prosić,부탁하다 / 청하다,Chcę prosić o pomoc.,Polish Core 3000 · 빈도 #39 · verb · KO revised 2026-08-14 · Example generated for quiz,"core3000,core-500,verb"
40,gdzie,어디,Gdzie jest najbliższy przystanek?,Polish Core 3000 · 빈도 #40 · pron · KO revised 2026-08-14 · Example generated for quiz,"core3000,core-500,pron"
41,kiedy,언제,Kiedy kończysz pracę?,Polish Core 3000 · 빈도 #41 · pron · KO revised 2026-08-14 · Example generated for quiz,"core3000,core-500,pron"
42,sobie,자기 자신에게,Kupiłem sobie nową książkę.,Polish Core 3000 · 빈도 #42 · pron · KO revised 2026-08-14 · Example generated for quiz,"core3000,core-500,pron"
43,bardzo,매우,Bardzo lubię tę kawiarnię.,Polish Core 3000 · 빈도 #43 · adv · KO revised 2026-08-14 · Example generated for quiz,"core3000,core-500,adv"
44,przez,~을 통해 / ~동안,Idziemy przez park.,Polish Core 3000 · 빈도 #44 · prep · KO revised 2026-08-14 · Example generated for quiz,"core3000,core-500,prep"
45,chcieć,원하다,Chcę chcieć mniej rzeczy.,Polish Core 3000 · 빈도 #45 · verb · KO revised 2026-08-14 · Example generated for quiz,"core3000,core-500,verb"
46,dlaczego,왜,Dlaczego jesteś dziś zmęczony?,Polish Core 3000 · 빈도 #46 · pron · KO revised 2026-08-14 · Example generated for quiz,"core3000,core-500,pron"
47,pani,여성 존칭 / 부인,Czy pani potrzebuje pomocy?,Polish Core 3000 · 빈도 #47 · noun · KO revised 2026-08-14 · Example generated for quiz,"core3000,core-500,noun"
48,jeszcze,아직 / 더,Jeszcze chwilę poczekam.,Polish Core 3000 · 빈도 #48 · particle · KO revised 2026-08-14 · Example generated for quiz,"core3000,core-500,particle"
49,mój,나의,To jest mój telefon.,Polish Core 3000 · 빈도 #49 · pron · KO revised 2026-08-14 · Example generated for quiz,"core3000,core-500,pron"
50,my,우리,My mieszkamy niedaleko centrum.,Polish Core 3000 · 빈도 #50 · pron · KO revised 2026-08-14 · Example generated for quiz,"core3000,core-500,pron"
51,żeby,~하도록 / ~하기 위해,"Przyszedłem wcześniej, żeby ci pomóc.",Polish Core 3000 · 빈도 #51 · conj · KO revised 2026-08-14 · Example generated for quiz,"core3000,core-500,conj"
52,no,그래 / 자 / 음,"No, zaczynajmy.",Polish Core 3000 · 빈도 #52 · particle · KO revised 2026-08-14 · Example generated for quiz,"core3000,core-500,particle"
53,bo,왜냐하면,"Zostaję w domu, bo pada.",Polish Core 3000 · 빈도 #53 · conj · KO revised 2026-08-14 · Example generated for quiz,"core3000,core-500,conj"
54,też,또한 / ~도,Ja też chcę iść.,Polish Core 3000 · 빈도 #54 · particle · KO revised 2026-08-14 · Example generated for quiz,"core3000,core-500,particle"
55,tutaj,여기,Tutaj można usiąść.,Polish Core 3000 · 빈도 #55 · pron · KO revised 2026-08-14 · Example generated for quiz,"core3000,core-500,pron"
56,naprawdę,정말,Naprawdę lubię to miejsce.,Polish Core 3000 · 빈도 #56 · particle · KO revised 2026-08-14 · Example generated for quiz,"core3000,core-500,particle"
57,nigdy,절대 ~않다 / 결코,On robi to nigdy.,Polish Core 3000 · 빈도 #57 · adv · KO revised 2026-08-14 · Example generated for quiz,"core3000,core-500,adv"
58,kto,누구,Kto dziś pracuje?,Polish Core 3000 · 빈도 #58 · pron · KO revised 2026-08-14 · Example generated for quiz,"core3000,core-500,pron"
59,dobry,좋은,W tekście pojawia się określenie „dobry”.,Polish Core 3000 · 빈도 #59 · adj · KO revised 2026-08-14 · Example generated for quiz,"core3000,core-500,adj"
60,przepraszać,사과하다,"Mogę przepraszać, jeśli będzie trzeba.",Polish Core 3000 · 빈도 #60 · verb · KO revised 2026-08-14 · Example generated for quiz,"core3000,core-500,verb"
61,gdy,~할 때,"Zadzwoń, gdy będziesz gotowy.",Polish Core 3000 · 빈도 #61 · conj · KO revised 2026-08-14 · Example generated for quiz,"core3000,core-500,conj"
62,musić,~해야 하다,W tekście pojawia się słowo „musić”.,Polish Core 3000 · 빈도 #62 · core · KO revised 2026-08-14 · Example generated for quiz,"core3000,core-500,core"
63,porządek,질서 / 정리,To jest porządek.,Polish Core 3000 · 빈도 #63 · noun · KO revised 2026-08-14 · Example generated for quiz,"core3000,core-500,noun"
64,dziękować,감사하다,"Mogę dziękować, jeśli będzie trzeba.",Polish Core 3000 · 빈도 #64 · verb · KO revised 2026-08-14 · Example generated for quiz,"core3000,core-500,verb"
65,nawet,심지어,Nawet on o tym nie wiedział.,Polish Core 3000 · 빈도 #65 · particle · KO revised 2026-08-14 · Example generated for quiz,"core3000,core-500,particle"
66,chyba,아마 / ~인 것 같다,Chyba dziś będzie padać.,Polish Core 3000 · 빈도 #66 · particle · KO revised 2026-08-14 · Example generated for quiz,"core3000,core-500,particle"
67,dom,집,To jest dom.,Polish Core 3000 · 빈도 #67 · noun · KO revised 2026-08-14 · Example generated for quiz,"core3000,core-500,noun"
68,prawda,진실 / 맞음,To jest prawda.,Polish Core 3000 · 빈도 #68 · noun · KO revised 2026-08-14 · Example generated for quiz,"core3000,core-500,noun"
69,zrobić,하다 / 만들다 (완료),"Mogę zrobić, jeśli będzie trzeba.",Polish Core 3000 · 빈도 #69 · verb · KO revised 2026-08-14 · Example generated for quiz,"core3000,core-500,verb"
70,właśnie,바로 / 방금,Właśnie skończyłem pracę.,Polish Core 3000 · 빈도 #70 · particle · KO revised 2026-08-14 · Example generated for quiz,"core3000,core-500,particle"
71,zawsze,항상,On robi to zawsze.,Polish Core 3000 · 빈도 #71 · adv · KO revised 2026-08-14 · Example generated for quiz,"core3000,core-500,adv"
72,hej,안녕 / 야,"Hej, jak się masz?",Polish Core 3000 · 빈도 #72 · intj · KO revised 2026-08-14 · Example generated for quiz,"core3000,core-500,intj"
73,dzięki,고마워 / 덕분에,To jest dzięki.,Polish Core 3000 · 빈도 #73 · noun · KO revised 2026-08-14 · Example generated for quiz,"core3000,core-500,noun"
74,bez,~없이,Piję kawę bez cukru.,Polish Core 3000 · 빈도 #74 · prep · KO revised 2026-08-14 · Example generated for quiz,"core3000,core-500,prep"
75,trochę,조금,On robi to trochę.,Polish Core 3000 · 빈도 #75 · adv · KO revised 2026-08-14 · Example generated for quiz,"core3000,core-500,adv"
76,ktoś,누군가,Ktoś czeka przed drzwiami.,Polish Core 3000 · 빈도 #76 · pron · KO revised 2026-08-14 · Example generated for quiz,"core3000,core-500,pron"
77,powiedzieć,말하다 (완료),"Mogę powiedzieć, jeśli będzie trzeba.",Polish Core 3000 · 빈도 #77 · verb · KO revised 2026-08-14 · Example generated for quiz,"core3000,core-500,verb"
78,który,어느 / 어떤 / ~하는,Który autobus jedzie do centrum?,Polish Core 3000 · 빈도 #78 · pron · KO revised 2026-08-14 · Example generated for quiz,"core3000,core-500,pron"
79,czas,시간,"Mogę czas, jeśli będzie trzeba.",Polish Core 3000 · 빈도 #79 · verb · KO revised 2026-08-14 · Example generated for quiz,"core3000,core-500,verb"
80,więcej,더 많이,W tekście pojawia się słowo „więcej”.,Polish Core 3000 · 빈도 #80 · core · KO revised 2026-08-14 · Example generated for quiz,"core3000,core-500,core"
81,twój,너의,Gdzie jest twój klucz?,Polish Core 3000 · 빈도 #81 · pron · KO revised 2026-08-14 · Example generated for quiz,"core3000,core-500,pron"
82,rok,해 / 년,To jest rok.,Polish Core 3000 · 빈도 #82 · noun · KO revised 2026-08-14 · Example generated for quiz,"core3000,core-500,noun"
83,wszystek,모든,W tekście pojawia się określenie „wszystek”.,Polish Core 3000 · 빈도 #83 · adj · KO revised 2026-08-14 · Example generated for quiz,"core3000,core-500,adj"
84,albo,또는,Możemy iść pieszo albo jechać autobusem.,Polish Core 3000 · 빈도 #84 · conj · KO revised 2026-08-14 · Example generated for quiz,"core3000,core-500,conj"
85,prosty,단순한 / 곧은,W tekście pojawia się określenie „prosty”.,Polish Core 3000 · 빈도 #85 · adj · KO revised 2026-08-14 · Example generated for quiz,"core3000,core-500,adj"
86,chodzić,걷다 / 다니다,"Mogę chodzić, jeśli będzie trzeba.",Polish Core 3000 · 빈도 #86 · verb · KO revised 2026-08-14 · Example generated for quiz,"core3000,core-500,verb"
87,razem,함께,On robi to razem.,Polish Core 3000 · 빈도 #87 · adv · KO revised 2026-08-14 · Example generated for quiz,"core3000,core-500,adv"
88,stać,서다 / ~인 상태이다,"Mogę stać, jeśli będzie trzeba.",Polish Core 3000 · 빈도 #88 · verb · KO revised 2026-08-14 · Example generated for quiz,"core3000,core-500,verb"
89,cześć,안녕 / 경의,To jest cześć.,Polish Core 3000 · 빈도 #89 · noun · KO revised 2026-08-14 · Example generated for quiz,"core3000,core-500,noun"
90,sam,혼자 / 스스로,On robi to sam.,Polish Core 3000 · 빈도 #90 · adv · KO revised 2026-08-14 · Example generated for quiz,"core3000,core-500,adv"
91,myśleć,생각하다,"Mogę myśleć, jeśli będzie trzeba.",Polish Core 3000 · 빈도 #91 · verb · KO revised 2026-08-14 · Example generated for quiz,"core3000,core-500,verb"
92,przed,~앞에 / ~전에,Czekam przed budynkiem.,Polish Core 3000 · 빈도 #92 · prep · KO revised 2026-08-14 · Example generated for quiz,"core3000,core-500,prep"
93,bóg,신,To jest bóg.,Polish Core 3000 · 빈도 #93 · noun · KO revised 2026-08-14 · Example generated for quiz,"core3000,core-500,noun"
94,czemu,왜,Czemu tak wcześnie wychodzisz?,Polish Core 3000 · 빈도 #94 · pron · KO revised 2026-08-14 · Example generated for quiz,"core3000,core-500,pron"
95,niż,~보다,Ten model jest tańszy niż tamten.,Polish Core 3000 · 빈도 #95 · conj · KO revised 2026-08-14 · Example generated for quiz,"core3000,core-500,conj"
96,lud,사람들 / 민중,To jest lud.,Polish Core 3000 · 빈도 #96 · noun · KO revised 2026-08-14 · Example generated for quiz,"core3000,core-500,noun"
97,daleko,멀리,On robi to daleko.,Polish Core 3000 · 빈도 #97 · adv · KO revised 2026-08-14 · Example generated for quiz,"core3000,core-500,adv"
98,wy,너희 / 여러분,Wy zaczynacie pracę o ósmej.,Polish Core 3000 · 빈도 #98 · pron · KO revised 2026-08-14 · Example generated for quiz,"core3000,core-500,pron"
99,przy,~옆에 / ~때,Usiądź przy oknie.,Polish Core 3000 · 빈도 #99 · prep · KO revised 2026-08-14 · Example generated for quiz,"core3000,core-500,prep"
100,człowiek,사람,To jest człowiek.,Polish Core 3000 · 빈도 #100 · noun · KO revised 2026-08-14 · Example generated for quiz,"core3000,core-500,noun"
101,dzień,날 / 하루,To jest dzień.,Polish Core 3000 · 빈도 #101 · noun · KO revised 2026-08-14 · Example generated for quiz,"core3000,core-500,noun"
102,życie,삶 / 생활,To jest życie.,Polish Core 3000 · 빈도 #102 · noun · KO revised 2026-08-14 · Example generated for quiz,"core3000,core-500,noun"
103,rzecz,것 / 물건,To jest rzecz.,Polish Core 3000 · 빈도 #103 · noun · KO revised 2026-08-14 · Example generated for quiz,"core3000,core-500,noun"
104,ok,좋아 / 괜찮아,W tekście pojawia się słowo „ok”.,Polish Core 3000 · 빈도 #104 · core · KO revised 2026-08-14 · Example generated for quiz,"core3000,core-500,core"
105,temu,~전에,Dwa lata temu mieszkałem w Warszawie.,Polish Core 3000 · 빈도 #105 · particle · KO revised 2026-08-14 · Example generated for quiz,"core3000,core-500,particle"
106,robić,하다 / 만들다,"Mogę robić, jeśli będzie trzeba.",Polish Core 3000 · 빈도 #106 · verb · KO revised 2026-08-14 · Example generated for quiz,"core3000,core-500,verb"
107,niech,~하게 하다 / ~하기를,Niech on zdecyduje.,Polish Core 3000 · 빈도 #107 · particle · KO revised 2026-08-14 · Example generated for quiz,"core3000,core-500,particle"
108,oczywiście,물론,On robi to oczywiście.,Polish Core 3000 · 빈도 #108 · adv · KO revised 2026-08-14 · Example generated for quiz,"core3000,core-500,adv"
109,siebie,자기 자신,Musisz bardziej dbać o siebie.,Polish Core 3000 · 빈도 #109 · pron · KO revised 2026-08-14 · Example generated for quiz,"core3000,core-500,pron"
110,cóż,뭐 / 글쎄,"Cóż, spróbujmy jeszcze raz.",Polish Core 3000 · 빈도 #110 · pron · KO revised 2026-08-14 · Example generated for quiz,"core3000,core-500,pron"
111,u,~에게 / ~의 집에서,Jestem dziś u lekarza.,Polish Core 3000 · 빈도 #111 · prep · KO revised 2026-08-14 · Example generated for quiz,"core3000,core-500,prep"
112,dać,주다,"Mogę dać, jeśli będzie trzeba.",Polish Core 3000 · 빈도 #112 · verb · KO revised 2026-08-14 · Example generated for quiz,"core3000,core-500,verb"
113,nikt,아무도,Nikt nie zna odpowiedzi.,Polish Core 3000 · 빈도 #113 · pron · KO revised 2026-08-14 · Example generated for quiz,"core3000,core-500,pron"
114,pod,~아래에,Torba jest pod stołem.,Polish Core 3000 · 빈도 #114 · prep · KO revised 2026-08-14 · Example generated for quiz,"core3000,core-500,prep"
115,dlatego,그래서 / 그 때문에,"Pada deszcz, dlatego zostaję w domu.",Polish Core 3000 · 빈도 #115 · pron · KO revised 2026-08-14 · Example generated for quiz,"core3000,core-500,pron"
116,pewnie,아마 / 확실히,On robi to pewnie.,Polish Core 3000 · 빈도 #116 · adv · KO revised 2026-08-14 · Example generated for quiz,"core3000,core-500,adv"
117,aby,~하기 위해 / ~하도록,"Pracuję, aby zdobyć doświadczenie.",Polish Core 3000 · 빈도 #117 · conj · KO revised 2026-08-14 · Example generated for quiz,"core3000,core-500,conj"
118,wtedy,그때,On robi to wtedy.,Polish Core 3000 · 빈도 #118 · adv · KO revised 2026-08-14 · Example generated for quiz,"core3000,core-500,adv"
119,wyglądać,보이다 / ~처럼 보이다,"Mogę wyglądać, jeśli będzie trzeba.",Polish Core 3000 · 빈도 #119 · verb · KO revised 2026-08-14 · Example generated for quiz,"core3000,core-500,verb"
120,jeden,하나 / 한 명,Mam jeden bilet.,Polish Core 3000 · 빈도 #120 · num · KO revised 2026-08-14 · Example generated for quiz,"core3000,core-500,num"
121,mówić,말하다,"Mogę mówić, jeśli będzie trzeba.",Polish Core 3000 · 빈도 #121 · verb · KO revised 2026-08-14 · Example generated for quiz,"core3000,core-500,verb"
122,dziś,오늘,On robi to dziś.,Polish Core 3000 · 빈도 #122 · adv · KO revised 2026-08-14 · Example generated for quiz,"core3000,core-500,adv"
123,taki,그런 / 이런,To jest taki sam model.,Polish Core 3000 · 빈도 #123 · pron · KO revised 2026-08-14 · Example generated for quiz,"core3000,core-500,pron"
124,jako,~로서,Pracuję jako inżynier.,Polish Core 3000 · 빈도 #124 · prep · KO revised 2026-08-14 · Example generated for quiz,"core3000,core-500,prep"
125,dwa,둘,Potrzebuję dwa bilety.,Polish Core 3000 · 빈도 #125 · num · KO revised 2026-08-14 · Example generated for quiz,"core3000,core-500,num"
126,potem,그다음에,On robi to potem.,Polish Core 3000 · 빈도 #126 · adv · KO revised 2026-08-14 · Example generated for quiz,"core3000,core-500,adv"
127,znaczyć,의미하다,"Mogę znaczyć, jeśli będzie trzeba.",Polish Core 3000 · 빈도 #127 · verb · KO revised 2026-08-14 · Example generated for quiz,"core3000,core-500,verb"
128,rozumieć,이해하다,"Mogę rozumieć, jeśli będzie trzeba.",Polish Core 3000 · 빈도 #128 · verb · KO revised 2026-08-14 · Example generated for quiz,"core3000,core-500,verb"
129,dziać,일어나다 / 벌어지다,"Mogę dziać, jeśli będzie trzeba.",Polish Core 3000 · 빈도 #129 · verb · KO revised 2026-08-14 · Example generated for quiz,"core3000,core-500,verb"
130,wiele,많은 / 많이,Wiele osób tu pracuje.,Polish Core 3000 · 빈도 #130 · pron · KO revised 2026-08-14 · Example generated for quiz,"core3000,core-500,pron"
131,stąd,여기서부터 / 그래서,Stąd jest blisko do dworca.,Polish Core 3000 · 빈도 #131 · pron · KO revised 2026-08-14 · Example generated for quiz,"core3000,core-500,pron"
132,miejsce,장소 / 자리,To jest miejsce.,Polish Core 3000 · 빈도 #132 · noun · KO revised 2026-08-14 · Example generated for quiz,"core3000,core-500,noun"
133,iść,가다 / 걷다,"Mogę iść, jeśli będzie trzeba.",Polish Core 3000 · 빈도 #133 · verb · KO revised 2026-08-14 · Example generated for quiz,"core3000,core-500,verb"
134,kilka,몇 / 몇 개,W tym zdaniu użyto słowa „kilka”.,Polish Core 3000 · 빈도 #134 · det · KO revised 2026-08-14 · Example generated for quiz,"core3000,core-500,det"
135,pomóc,돕다 (완료),"Mogę pomóc, jeśli będzie trzeba.",Polish Core 3000 · 빈도 #135 · verb · KO revised 2026-08-14 · Example generated for quiz,"core3000,core-500,verb"
136,dużo,많이 / 많은,On robi to dużo.,Polish Core 3000 · 빈도 #136 · adv · KO revised 2026-08-14 · Example generated for quiz,"core3000,core-500,adv"
137,ile,얼마나 / 몇,Ile to kosztuje?,Polish Core 3000 · 빈도 #137 · pron · KO revised 2026-08-14 · Example generated for quiz,"core3000,core-500,pron"
138,jasny,밝은 / 명확한,W tekście pojawia się określenie „jasny”.,Polish Core 3000 · 빈도 #138 · adj · KO revised 2026-08-14 · Example generated for quiz,"core3000,core-500,adj"
139,swój,자신의,Każdy ma swój sposób.,Polish Core 3000 · 빈도 #139 · pron · KO revised 2026-08-14 · Example generated for quiz,"core3000,core-500,pron"
140,cały,전체의 / 온,W tekście pojawia się określenie „cały”.,Polish Core 3000 · 빈도 #140 · adj · KO revised 2026-08-14 · Example generated for quiz,"core3000,core-500,adj"
141,skąd,어디서 / 어디로부터,Skąd jesteś?,Polish Core 3000 · 빈도 #141 · pron · KO revised 2026-08-14 · Example generated for quiz,"core3000,core-500,pron"
142,dziecko,아이 / 어린이,To jest dziecko.,Polish Core 3000 · 빈도 #142 · noun · KO revised 2026-08-14 · Example generated for quiz,"core3000,core-500,noun"
143,przykro,유감스럽게 / 미안하게,On robi to przykro.,Polish Core 3000 · 빈도 #143 · adv · KO revised 2026-08-14 · Example generated for quiz,"core3000,core-500,adv"
144,można,~할 수 있다,"Mogę można, jeśli będzie trzeba.",Polish Core 3000 · 빈도 #144 · verb · KO revised 2026-08-14 · Example generated for quiz,"core3000,core-500,verb"
145,jakiś,어떤 / 어느,Mam jakiś problem z telefonem.,Polish Core 3000 · 빈도 #145 · pron · KO revised 2026-08-14 · Example generated for quiz,"core3000,core-500,pron"
146,nad,~위에,Mieszkamy nad rzeką.,Polish Core 3000 · 빈도 #146 · prep · KO revised 2026-08-14 · Example generated for quiz,"core3000,core-500,prep"
147,sposób,방법,To jest sposób.,Polish Core 3000 · 빈도 #147 · noun · KO revised 2026-08-14 · Example generated for quiz,"core3000,core-500,noun"
148,trzeba,~해야 한다 / 필요하다,"Mogę trzeba, jeśli będzie trzeba.",Polish Core 3000 · 빈도 #148 · verb · KO revised 2026-08-14 · Example generated for quiz,"core3000,core-500,verb"
149,praca,일 / 직장,To jest praca.,Polish Core 3000 · 빈도 #149 · noun · KO revised 2026-08-14 · Example generated for quiz,"core3000,core-500,noun"
150,tyle,그만큼 / 그렇게 많이,Nie mam tyle czasu.,Polish Core 3000 · 빈도 #150 · pron · KO revised 2026-08-14 · Example generated for quiz,"core3000,core-500,pron"
151,zanim,~하기 전에,"Zadzwoń, zanim wyjdziesz.",Polish Core 3000 · 빈도 #151 · conj · KO revised 2026-08-14 · Example generated for quiz,"core3000,core-500,conj"
152,zbyt,너무 / 지나치게,On robi to zbyt.,Polish Core 3000 · 빈도 #152 · adv · KO revised 2026-08-14 · Example generated for quiz,"core3000,core-500,adv"
153,szybko,빨리,On robi to szybko.,Polish Core 3000 · 빈도 #153 · adv · KO revised 2026-08-14 · Example generated for quiz,"core3000,core-500,adv"
154,dzisiaj,오늘,On robi to dzisiaj.,Polish Core 3000 · 빈도 #154 · adv · KO revised 2026-08-14 · Example generated for quiz,"core3000,core-500,adv"
155,świetnie,훌륭하게 / 좋아,On robi to świetnie.,Polish Core 3000 · 빈도 #155 · adv · KO revised 2026-08-14 · Example generated for quiz,"core3000,core-500,adv"
156,zobaczyć,보다 (완료),"Mogę zobaczyć, jeśli będzie trzeba.",Polish Core 3000 · 빈도 #156 · verb · KO revised 2026-08-14 · Example generated for quiz,"core3000,core-500,verb"
157,zaraz,곧 / 바로,On robi to zaraz.,Polish Core 3000 · 빈도 #157 · adv · KO revised 2026-08-14 · Example generated for quiz,"core3000,core-500,adv"
158,pewny,확실한 / 자신 있는,W tekście pojawia się określenie „pewny”.,"Polish Core 3000 · 빈도 #158 · adj · EN: sure, certain · KO revised 2026-08-14 · Example generated for quiz","core3000,core-500,adj"
159,kochać,사랑하다,"Mogę kochać, jeśli będzie trzeba.",Polish Core 3000 · 빈도 #159 · verb · KO revised 2026-08-14 · Example generated for quiz,"core3000,core-500,verb"
160,nadal,여전히 / 계속,On robi to nadal.,Polish Core 3000 · 빈도 #160 · adv · KO revised 2026-08-14 · Example generated for quiz,"core3000,core-500,adv"
161,racja,옳음 / 맞는 말,To jest racja.,Polish Core 3000 · 빈도 #161 · noun · KO revised 2026-08-14 · Example generated for quiz,"core3000,core-500,noun"
162,trzy,셋,Mam trzy pytania.,Polish Core 3000 · 빈도 #162 · num · KO revised 2026-08-14 · Example generated for quiz,"core3000,core-500,num"
163,ojciec,아버지,To jest ojciec.,Polish Core 3000 · 빈도 #163 · noun · KO revised 2026-08-14 · Example generated for quiz,"core3000,core-500,noun"
164,ani,~도 아니다,"Nie mam ani czasu, ani pieniędzy.",Polish Core 3000 · 빈도 #164 · conj · KO revised 2026-08-14 · Example generated for quiz,"core3000,core-500,conj"
165,późno,늦게,On robi to późno.,Polish Core 3000 · 빈도 #165 · adv · KO revised 2026-08-14 · Example generated for quiz,"core3000,core-500,adv"
166,ponieważ,왜냐하면,"Zostałem w domu, ponieważ źle się czułem.",Polish Core 3000 · 빈도 #166 · conj · KO revised 2026-08-14 · Example generated for quiz,"core3000,core-500,conj"
167,przestać,그만두다 / 멈추다,"Mogę przestać, jeśli będzie trzeba.",Polish Core 3000 · 빈도 #167 · verb · KO revised 2026-08-14 · Example generated for quiz,"core3000,core-500,verb"
168,długo,오래,On robi to długo.,Polish Core 3000 · 빈도 #168 · adv · KO revised 2026-08-14 · Example generated for quiz,"core3000,core-500,adv"
169,mama,엄마,To jest mama.,Polish Core 3000 · 빈도 #169 · noun · KO revised 2026-08-14 · Example generated for quiz,"core3000,core-500,noun"
170,kiedyś,언젠가 / 예전에,On robi to kiedyś.,Polish Core 3000 · 빈도 #170 · adv · KO revised 2026-08-14 · Example generated for quiz,"core3000,core-500,adv"
171,wciąż,계속 / 여전히,On robi to wciąż.,Polish Core 3000 · 빈도 #171 · adv · KO revised 2026-08-14 · Example generated for quiz,"core3000,core-500,adv"
172,nadzieja,희망,To jest nadzieja.,Polish Core 3000 · 빈도 #172 · noun · KO revised 2026-08-14 · Example generated for quiz,"core3000,core-500,noun"
173,aż,~까지 / 무려,"Czekałem, aż skończyłeś pracę.",Polish Core 3000 · 빈도 #173 · conj · KO revised 2026-08-14 · Example generated for quiz,"core3000,core-500,conj"
174,jutro,내일,To jest jutro.,Polish Core 3000 · 빈도 #174 · noun · KO revised 2026-08-14 · Example generated for quiz,"core3000,core-500,noun"
175,każdy,각각의 / 모든,Każdy dzień jest inny.,Polish Core 3000 · 빈도 #175 · pron · KO revised 2026-08-14 · Example generated for quiz,"core3000,core-500,pron"
176,problem,문제,To jest problem.,Polish Core 3000 · 빈도 #176 · noun · KO revised 2026-08-14 · Example generated for quiz,"core3000,core-500,noun"
177,widzieć,보다 / 보이다,"Mogę widzieć, jeśli będzie trzeba.",Polish Core 3000 · 빈도 #177 · verb · KO revised 2026-08-14 · Example generated for quiz,"core3000,core-500,verb"
178,stary,늙은 / 오래된,W tekście pojawia się określenie „stary”.,Polish Core 3000 · 빈도 #178 · adj · KO revised 2026-08-14 · Example generated for quiz,"core3000,core-500,adj"
179,tata,아빠,To jest tata.,Polish Core 3000 · 빈도 #179 · noun · KO revised 2026-08-14 · Example generated for quiz,"core3000,core-500,noun"
180,potrzebować,필요로 하다,"Mogę potrzebować, jeśli będzie trzeba.",Polish Core 3000 · 빈도 #180 · verb · KO revised 2026-08-14 · Example generated for quiz,"core3000,core-500,verb"
181,znowu,다시,On robi to znowu.,Polish Core 3000 · 빈도 #181 · adv · KO revised 2026-08-14 · Example generated for quiz,"core3000,core-500,adv"
182,noc,밤,To jest noc.,Polish Core 3000 · 빈도 #182 · noun · KO revised 2026-08-14 · Example generated for quiz,"core3000,core-500,noun"
183,znaleźć,찾다 / 발견하다,"Mogę znaleźć, jeśli będzie trzeba.",Polish Core 3000 · 빈도 #183 · verb · KO revised 2026-08-14 · Example generated for quiz,"core3000,core-500,verb"
184,dokładnie,정확히,On robi to dokładnie.,Polish Core 3000 · 빈도 #184 · adv · KO revised 2026-08-14 · Example generated for quiz,"core3000,core-500,adv"
185,pierwszy,첫 번째,To mój pierwszy dzień w pracy.,Polish Core 3000 · 빈도 #185 · num · KO revised 2026-08-14 · Example generated for quiz,"core3000,core-500,num"
186,czuć,느끼다,"Mogę czuć, jeśli będzie trzeba.",Polish Core 3000 · 빈도 #186 · verb · KO revised 2026-08-14 · Example generated for quiz,"core3000,core-500,verb"
187,pieniądz,돈,To jest pieniądz.,Polish Core 3000 · 빈도 #187 · noun · KO revised 2026-08-14 · Example generated for quiz,"core3000,core-500,noun"
188,gdyby,만약,"Gdyby padało, zostałbym w domu.",Polish Core 3000 · 빈도 #188 · conj · EN: if · KO revised 2026-08-14 · Example generated for quiz,"core3000,core-500,conj"
189,nasz,우리의,To jest nasz pokój.,Polish Core 3000 · 빈도 #189 · pron · KO revised 2026-08-14 · Example generated for quiz,"core3000,core-500,pron"
190,słuchać,듣다,"Mogę słuchać, jeśli będzie trzeba.",Polish Core 3000 · 빈도 #190 · verb · KO revised 2026-08-14 · Example generated for quiz,"core3000,core-500,verb"
191,koniec,끝,To jest koniec.,Polish Core 3000 · 빈도 #191 · noun · KO revised 2026-08-14 · Example generated for quiz,"core3000,core-500,noun"
192,znać,알다 / 알고 지내다,"Mogę znać, jeśli będzie trzeba.",Polish Core 3000 · 빈도 #192 · verb · KO revised 2026-08-14 · Example generated for quiz,"core3000,core-500,verb"
193,wcześnie,일찍,On robi to wcześnie.,Polish Core 3000 · 빈도 #193 · adv · KO revised 2026-08-14 · Example generated for quiz,"core3000,core-500,adv"
194,spokój,평온 / 평화 / 침착,To jest spokój.,"Polish Core 3000 · 빈도 #194 · noun · EN: calm, calmness, peace, tranquility, quiet, composure · KO revised 2026-08-14 · Example generated for quiz","core3000,core-500,noun"
195,chwila,이때,To jest chwila.,"Polish Core 3000 · 빈도 #195 · noun · EN: moment, instant · KO revised 2026-08-14 · Example generated for quiz","core3000,core-500,noun"
196,zostać,막아내다,"Mogę zostać, jeśli będzie trzeba.",Polish Core 3000 · 빈도 #196 · verb · EN: (intransitive) to stay · KO revised 2026-08-14 · Example generated for quiz,"core3000,core-500,verb"
197,bym,가끔했다,"Chciałbym, bym miał więcej czasu.","Polish Core 3000 · 빈도 #197 · particle · EN: a particle used to make conditional mood; would, should · KO revised 2026-08-14 · Example generated for quiz","core3000,core-500,particle"
198,porozmawiać,이야기하다,"Mogę porozmawiać, jeśli będzie trzeba.","Polish Core 3000 · 빈도 #198 · verb · EN: (intransitive) to talk, to speak, to converse, to chat · KO revised 2026-08-14 · Example generated for quiz","core3000,core-500,verb"
199,spojrzeć,여겨지다,"Mogę spojrzeć, jeśli będzie trzeba.","Polish Core 3000 · 빈도 #199 · verb · EN: (intransitive) to look, glance, have a look · KO revised 2026-08-14 · Example generated for quiz","core3000,core-500,verb"
200,zabić,죽이다,"Mogę zabić, jeśli będzie trzeba.",Polish Core 3000 · 빈도 #200 · verb · EN: (transitive) to kill · KO revised 2026-08-14 · Example generated for quiz,"core3000,core-500,verb"
201,poza,너머,Poza pracą lubię gotować.,"Polish Core 3000 · 빈도 #201 · prep · EN: (+ instrumental) beyond, out of (denotes location) · KO revised 2026-08-14 · Example generated for quiz","core3000,core-500,prep"
202,och,아! / 오! (놀람·깨달음),"Och, zapomniałem kluczy.",Polish Core 3000 · 빈도 #202 · intj · EN: oh! (expresses surprise or realization) · KO revised 2026-08-14 · Example generated for quiz,"core3000,core-500,intj"
203,miły,기분좋은,W tekście pojawia się określenie „miły”.,"Polish Core 3000 · 빈도 #203 · adj · EN: nice, pleasant, dear, gentle, mild, soft, polite · KO revised 2026-08-14 · Example generated for quiz","core3000,core-500,adj"
204,minuta,분,To jest minuta.,Polish Core 3000 · 빈도 #204 · noun · KO revised 2026-08-14 · Example generated for quiz,"core3000,core-500,noun"
205,jakby,마치,"Wygląda, jakby miało padać.","Polish Core 3000 · 빈도 #205 · conj · EN: as if, as though · KO revised 2026-08-14 · Example generated for quiz","core3000,core-500,conj"
206,prawie,거의,Prawie skończyłem.,Polish Core 3000 · 빈도 #206 · particle · KO revised 2026-08-14 · Example generated for quiz,"core3000,core-500,particle"
207,drzwi,문,To jest drzwi.,Polish Core 3000 · 빈도 #207 · noun · KO revised 2026-08-14 · Example generated for quiz,"core3000,core-500,noun"
208,powód,사유,To jest powód.,Polish Core 3000 · 빈도 #208 · noun · EN: plaintiff · KO revised 2026-08-14 · Example generated for quiz,"core3000,core-500,noun"
209,powinien,일 것이다,"Mogę powinien, jeśli będzie trzeba.","Polish Core 3000 · 빈도 #209 · verb · EN: (intransitive) ought, should · KO revised 2026-08-14 · Example generated for quiz","core3000,core-500,verb"
210,gdzieś,어느땐가,Gdzieś tutaj jest mój klucz.,"Polish Core 3000 · 빈도 #210 · pron · EN: somewhere, in some place · KO revised 2026-08-14 · Example generated for quiz","core3000,core-500,pron"
211,lubić,좋아하다,"Mogę lubić, jeśli będzie trzeba.",Polish Core 3000 · 빈도 #211 · verb · EN: (transitive) to like (to enjoy) · KO revised 2026-08-14 · Example generated for quiz,"core3000,core-500,verb"
212,sprawa,호,To jest sprawa.,"Polish Core 3000 · 빈도 #212 · noun · EN: issue, affair, matter, business, thing · KO revised 2026-08-14 · Example generated for quiz","core3000,core-500,noun"
213,czekać,기다리다,"Mogę czekać, jeśli będzie trzeba.",Polish Core 3000 · 빈도 #213 · verb · EN: (intransitive) to wait [+ na (accusative)] (to delay movement or action until the arrival or occurrence of) · KO revised 2026-08-14 · Example generated for quiz,"core3000,core-500,verb"
214,pomysł,아이디어,To jest pomysł.,Polish Core 3000 · 빈도 #214 · noun · EN: idea · KO revised 2026-08-14 · Example generated for quiz,"core3000,core-500,noun"
215,wydawać,다써버리다,"Mogę wydawać, jeśli będzie trzeba.",Polish Core 3000 · 빈도 #215 · verb · EN: (transitive) to spend · KO revised 2026-08-14 · Example generated for quiz,"core3000,core-500,verb"
216,jednak,그럴지라도,"Było trudno, jednak daliśmy radę.",Polish Core 3000 · 빈도 #216 · conj · EN: however · KO revised 2026-08-14 · Example generated for quiz,"core3000,core-500,conj"
217,inny,다른 것 / 다른 사람 / 또 다른,Potrzebuję inny rozmiar.,"Polish Core 3000 · 빈도 #217 · pron · EN: a different one, another · KO revised 2026-08-14 · Example generated for quiz","core3000,core-500,pron"
218,dość,제법,On robi to dość.,Polish Core 3000 · 빈도 #218 · adv · EN: quite (to a certain degree) · KO revised 2026-08-14 · Example generated for quiz,"core3000,core-500,adv"
219,pomoc,도움 / 지원,To jest pomoc.,"Polish Core 3000 · 빈도 #219 · noun · EN: help, aid, assistance · KO revised 2026-08-14 · Example generated for quiz","core3000,core-500,noun"
220,przecież,하지만,Przecież już o tym rozmawialiśmy.,"Polish Core 3000 · 빈도 #220 · particle · EN: used to introduce a new, conflicting fact, but · KO revised 2026-08-14 · Example generated for quiz","core3000,core-500,particle"
221,bronić,방위하다,"Mogę bronić, jeśli będzie trzeba.",Polish Core 3000 · 빈도 #221 · verb · EN: (transitive) to defend [+genitive = someone or something] · KO revised 2026-08-14 · Example generated for quiz,"core3000,core-500,verb"
222,żaden,아니요,Żaden autobus teraz nie jedzie.,"Polish Core 3000 · 빈도 #222 · pron · EN: no, none, nobody · KO revised 2026-08-14 · Example generated for quiz","core3000,core-500,pron"
223,ciąg,순서,To jest ciąg.,Polish Core 3000 · 빈도 #223 · noun · EN: (mathematics) sequence · KO revised 2026-08-14 · Example generated for quiz,"core3000,core-500,noun"
224,źle,나쁘게,On robi to źle.,"Polish Core 3000 · 빈도 #224 · adv · EN: badly, wrong, wrongly, incorrectly · KO revised 2026-08-14 · Example generated for quiz","core3000,core-500,adv"
225,facet,버팀밧줄,To jest facet.,"Polish Core 3000 · 빈도 #225 · noun · EN: (colloquial) guy, fellow, chap · KO revised 2026-08-14 · Example generated for quiz","core3000,core-500,noun"
226,podobać,상고하다,"Mogę podobać, jeśli będzie trzeba.","Polish Core 3000 · 빈도 #226 · verb · EN: (reflexive) to appeal, to be likeable · KO revised 2026-08-14 · Example generated for quiz","core3000,core-500,verb"
227,jeżeli,만약,"Jeżeli chcesz, możemy zacząć teraz.",Polish Core 3000 · 빈도 #227 · conj · EN: if · KO revised 2026-08-14 · Example generated for quiz,"core3000,core-500,conj"
228,skoro,지,"Skoro jesteś tutaj, zaczynajmy.",Polish Core 3000 · 빈도 #228 · conj · EN: since · KO revised 2026-08-14 · Example generated for quiz,"core3000,core-500,conj"
229,e-mail,이메일,To jest e-mail.,Polish Core 3000 · 빈도 #229 · noun · EN: e-mail system · KO revised 2026-08-14 · Example generated for quiz,"core3000,core-500,noun"
230,pamiętać,기억나다,"Mogę pamiętać, jeśli będzie trzeba.",Polish Core 3000 · 빈도 #230 · verb · EN: (transitive) to remember; to recall · KO revised 2026-08-14 · Example generated for quiz,"core3000,core-500,verb"
231,sądzić,생각하다,"Mogę sądzić, jeśli będzie trzeba.",Polish Core 3000 · 빈도 #231 · verb · EN: (intransitive) to think; to suppose; to presume; to hold an opinion · KO revised 2026-08-14 · Example generated for quiz,"core3000,core-500,verb"
232,właściwy,적절한 / 올바른,W tekście pojawia się określenie „właściwy”.,"Polish Core 3000 · 빈도 #232 · adj · EN: proper, appropriate (following the established standards of behavior or manners) · KO revised 2026-08-14 · Example generated for quiz","core3000,core-500,adj"
233,pokój,방 / 평화,To jest pokój.,Polish Core 3000 · 빈도 #233 · noun · KO revised 2026-08-14 · Example generated for quiz,"core3000,core-500,noun"
234,równia,평면 / 평지,To jest równia.,Polish Core 3000 · 빈도 #234 · noun · EN: (geometry) plane (level or flat surface) · KO revised 2026-08-14 · Example generated for quiz,"core3000,core-500,noun"
235,nowy,새로운,W tekście pojawia się określenie „nowy”.,Polish Core 3000 · 빈도 #235 · adj · KO revised 2026-08-14 · Example generated for quiz,"core3000,core-500,adj"
236,wczoraj,어제,On robi to wczoraj.,Polish Core 3000 · 빈도 #236 · adv · KO revised 2026-08-14 · Example generated for quiz,"core3000,core-500,adv"
237,musieć,~해야 하다 / ~할 필요가 있다,"Mogę musieć, jeśli będzie trzeba.","Polish Core 3000 · 빈도 #237 · verb · EN: (intransitive) to have to, to need to, to be obliged to · KO revised 2026-08-14 · Example generated for quiz","core3000,core-500,verb"
238,poważny,엄격하다,W tekście pojawia się określenie „poważny”.,"Polish Core 3000 · 빈도 #238 · adj · EN: serious, grave · KO revised 2026-08-14 · Example generated for quiz","core3000,core-500,adj"
239,podczas,의동안,Nie używaj telefonu podczas spotkania.,Polish Core 3000 · 빈도 #239 · prep · EN: during · KO revised 2026-08-14 · Example generated for quiz,"core3000,core-500,prep"
240,oko,눈,To jest oko.,Polish Core 3000 · 빈도 #240 · noun · KO revised 2026-08-14 · Example generated for quiz,"core3000,core-500,noun"
241,rano,아침에,To jest rano.,Polish Core 3000 · 빈도 #241 · noun · KO revised 2026-08-14 · Example generated for quiz,"core3000,core-500,noun"
242,wystarczyć,지속하다,"Mogę wystarczyć, jeśli będzie trzeba.","Polish Core 3000 · 빈도 #242 · verb · EN: (intransitive) to last, to suffice, to be enough · KO revised 2026-08-14 · Example generated for quiz","core3000,core-500,verb"
243,spokojnie,차분하게 / 괜찮아,On robi to spokojnie.,Polish Core 3000 · 빈도 #243 · adv · KO revised 2026-08-14 · Example generated for quiz,"core3000,core-500,adv"
244,telefon,전화 / 전화기,To jest telefon.,Polish Core 3000 · 빈도 #244 · noun · KO revised 2026-08-14 · Example generated for quiz,"core3000,core-500,noun"
245,matka,어머니,To jest matka.,Polish Core 3000 · 빈도 #245 · noun · KO revised 2026-08-14 · Example generated for quiz,"core3000,core-500,noun"
246,samochód,자동차,To jest samochód.,Polish Core 3000 · 빈도 #246 · noun · KO revised 2026-08-14 · Example generated for quiz,"core3000,core-500,noun"
247,świat,세계,To jest świat.,Polish Core 3000 · 빈도 #247 · noun · EN: world · KO revised 2026-08-14 · Example generated for quiz,"core3000,core-500,noun"
248,wziąć,취하다,"Mogę wziąć, jeśli będzie trzeba.",Polish Core 3000 · 빈도 #248 · verb · EN: (transitive) to take (to grab with the hands) · KO revised 2026-08-14 · Example generated for quiz,"core3000,core-500,verb"
249,zamknąć,닫다,"Mogę zamknąć, jeśli będzie trzeba.","Polish Core 3000 · 빈도 #249 · verb · EN: (transitive) to close, to lock, to shut · KO revised 2026-08-14 · Example generated for quiz","core3000,core-500,verb"
250,mały,작은,W tekście pojawia się określenie „mały”.,Polish Core 3000 · 빈도 #250 · adj · KO revised 2026-08-14 · Example generated for quiz,"core3000,core-500,adj"
251,pozwolić,용납하다,"Mogę pozwolić, jeśli będzie trzeba.","Polish Core 3000 · 빈도 #251 · verb · EN: (transitive) to allow, to permit, to consent to · KO revised 2026-08-14 · Example generated for quiz","core3000,core-500,verb"
252,wino,와인,To jest wino.,Polish Core 3000 · 빈도 #252 · noun · EN: wine · KO revised 2026-08-14 · Example generated for quiz,"core3000,core-500,noun"
253,wrócić,복귀하다,"Mogę wrócić, jeśli będzie trzeba.","Polish Core 3000 · 빈도 #253 · verb · EN: (intransitive) to return, to get back, to come back · KO revised 2026-08-14 · Example generated for quiz","core3000,core-500,verb"
254,między,끼리,Sklep jest między bankiem a apteką.,Polish Core 3000 · 빈도 #254 · prep · EN: (+ instrumental) between; denotes location · KO revised 2026-08-14 · Example generated for quiz,"core3000,core-500,prep"
255,śmierć,죽음,To jest śmierć.,Polish Core 3000 · 빈도 #255 · noun · EN: death (cessation of life) · KO revised 2026-08-14 · Example generated for quiz,"core3000,core-500,noun"
256,numer,번호,To jest numer.,Polish Core 3000 · 빈도 #256 · noun · EN: number (used to show the rank of something in a list or sequence) · KO revised 2026-08-14 · Example generated for quiz,"core3000,core-500,noun"
257,oto,"자, 여기 있다 / 바로 이것이다",Oto mój dokument.,"Polish Core 3000 · 빈도 #257 · particle · EN: here it is, there it is/they are etc.; voilà · KO revised 2026-08-14 · Example generated for quiz","core3000,core-500,particle"
258,dopóki,하면서,"Poczekam, dopóki nie wrócisz.","Polish Core 3000 · 빈도 #258 · conj · EN: as long as, while · KO revised 2026-08-14 · Example generated for quiz","core3000,core-500,conj"
259,cokolwiek,무엇,Powiedz cokolwiek chcesz.,Polish Core 3000 · 빈도 #259 · pron · EN: whatever · KO revised 2026-08-14 · Example generated for quiz,"core3000,core-500,pron"
260,tłum,군중,To jest tłum.,Polish Core 3000 · 빈도 #260 · noun · EN: crowd (large group of people) · KO revised 2026-08-14 · Example generated for quiz,"core3000,core-500,noun"
261,dziewczyna,여,To jest dziewczyna.,"Polish Core 3000 · 빈도 #261 · noun · EN: girl, young woman · KO revised 2026-08-14 · Example generated for quiz","core3000,core-500,noun"
262,najpierw,먼저,On robi to najpierw.,Polish Core 3000 · 빈도 #262 · adv · EN: first · KO revised 2026-08-14 · Example generated for quiz,"core3000,core-500,adv"
263,pytanie,질문,To jest pytanie.,Polish Core 3000 · 빈도 #263 · noun · KO revised 2026-08-14 · Example generated for quiz,"core3000,core-500,noun"
264,inaczej,다른 상태로,On robi to inaczej.,"Polish Core 3000 · 빈도 #264 · adv · EN: otherwise, differently · KO revised 2026-08-14 · Example generated for quiz","core3000,core-500,adv"
265,znów,다시,On robi to znów.,"Polish Core 3000 · 빈도 #265 · adv · EN: again, anew, once more · KO revised 2026-08-14 · Example generated for quiz","core3000,core-500,adv"
266,przynajmniej,하다 못해,Poczekaj przynajmniej pięć minut.,Polish Core 3000 · 빈도 #266 · particle · EN: at least (at minimum) · KO revised 2026-08-14 · Example generated for quiz,"core3000,core-500,particle"
267,hala,교사,To jest hala.,"Polish Core 3000 · 빈도 #267 · noun · EN: hall, concourse · KO revised 2026-08-14 · Example generated for quiz","core3000,core-500,noun"
268,brzmieć,~하게 들리다 / 소리가 나다,"Mogę brzmieć, jeśli będzie trzeba.","Polish Core 3000 · 빈도 #268 · verb · EN: (intransitive) to sound, to be heard · KO revised 2026-08-14 · Example generated for quiz","core3000,core-500,verb"
269,wierzyć,믿다,"Mogę wierzyć, jeśli będzie trzeba.",Polish Core 3000 · 빈도 #269 · verb · EN: (intransitive) to believe · KO revised 2026-08-14 · Example generated for quiz,"core3000,core-500,verb"
270,trzymać,안다,"Mogę trzymać, jeśli będzie trzeba.","Polish Core 3000 · 빈도 #270 · verb · EN: (transitive) to hold, hold on, hold on to · KO revised 2026-08-14 · Example generated for quiz","core3000,core-500,verb"
271,ogół,전체,To jest ogół.,"Polish Core 3000 · 빈도 #271 · noun · EN: the whole, entirety · KO revised 2026-08-14 · Example generated for quiz","core3000,core-500,noun"
272,super,고귀한,W tekście pojawia się określenie „super”.,"Polish Core 3000 · 빈도 #272 · adj · EN: (colloquial) great, excellent · KO revised 2026-08-14 · Example generated for quiz","core3000,core-500,adj"
273,kobieta,여자 / 여성,To jest kobieta.,Polish Core 3000 · 빈도 #273 · noun · KO revised 2026-08-14 · Example generated for quiz,"core3000,core-500,noun"
274,dokąd,어디에,Dokąd jedziesz?,Polish Core 3000 · 빈도 #274 · pron · EN: where (the place to which) · KO revised 2026-08-14 · Example generated for quiz,"core3000,core-500,pron"
275,ręka,손 / 팔,To jest ręka.,Polish Core 3000 · 빈도 #275 · noun · KO revised 2026-08-14 · Example generated for quiz,"core3000,core-500,noun"
276,miłość,사랑,To jest miłość.,Polish Core 3000 · 빈도 #276 · noun · EN: love · KO revised 2026-08-14 · Example generated for quiz,"core3000,core-500,noun"
277,możliwy,있을 수 있는,W tekście pojawia się określenie „możliwy”.,"Polish Core 3000 · 빈도 #277 · adj · EN: possible, viable (able but not certain to happen) · KO revised 2026-08-14 · Example generated for quiz","core3000,core-500,adj"
278,grać,내기하다,"Mogę grać, jeśli będzie trzeba.","Polish Core 3000 · 빈도 #278 · verb · EN: (transitive, intransitive) to play (produce music using a musical instrument) [+ na (locative) = what] · KO revised 2026-08-14 · Example generated for quiz","core3000,core-500,verb"
279,prawo,법 / 권리 / 오른쪽,To jest prawo.,Polish Core 3000 · 빈도 #279 · noun · KO revised 2026-08-14 · Example generated for quiz,"core3000,core-500,noun"
280,ważny,중요한,W tekście pojawia się określenie „ważny”.,Polish Core 3000 · 빈도 #280 · adj · KO revised 2026-08-14 · Example generated for quiz,"core3000,core-500,adj"
281,wybaczyć,용서하다,"Mogę wybaczyć, jeśli będzie trzeba.",Polish Core 3000 · 빈도 #281 · verb · EN: (transitive) to forgive · KO revised 2026-08-14 · Example generated for quiz,"core3000,core-500,verb"
282,żona,아내,To jest żona.,Polish Core 3000 · 빈도 #282 · noun · EN: wife · KO revised 2026-08-14 · Example generated for quiz,"core3000,core-500,noun"
283,tak że,하였다,"Padało, tak że zostaliśmy w domu.","Polish Core 3000 · 빈도 #283 · conj · EN: so, therefore · KO revised 2026-08-14 · Example generated for quiz","core3000,core-500,conj"
284,słyszeć,청취하다,"Mogę słyszeć, jeśli będzie trzeba.",Polish Core 3000 · 빈도 #284 · verb · EN: (transitive) to hear · KO revised 2026-08-14 · Example generated for quiz,"core3000,core-500,verb"
285,drogi,비싼 / 소중한,W tekście pojawia się określenie „drogi”.,Polish Core 3000 · 빈도 #285 · adj · KO revised 2026-08-14 · Example generated for quiz,"core3000,core-500,adj"
286,cieszyć,만족 시키다,"Mogę cieszyć, jeśli będzie trzeba.","Polish Core 3000 · 빈도 #286 · verb · EN: (transitive) to gratify, to gladden, to please · KO revised 2026-08-14 · Example generated for quiz","core3000,core-500,verb"
287,dopiero,드러내놓고,On robi to dopiero.,"Polish Core 3000 · 빈도 #287 · adv · EN: barely, scarcely, just · KO revised 2026-08-14 · Example generated for quiz","core3000,core-500,adv"
288,poznać,만나다,"Mogę poznać, jeśli będzie trzeba.","Polish Core 3000 · 빈도 #288 · verb · EN: (transitive) to meet, to get to know · KO revised 2026-08-14 · Example generated for quiz","core3000,core-500,verb"
289,witać,인사하다,"Mogę witać, jeśli będzie trzeba.","Polish Core 3000 · 빈도 #289 · verb · EN: (transitive) to greet, to welcome (to affirm the arrival of someone) · KO revised 2026-08-14 · Example generated for quiz","core3000,core-500,verb"
290,pojmować,붙들다,"Mogę pojmować, jeśli będzie trzeba.","Polish Core 3000 · 빈도 #290 · verb · EN: (transitive) to grasp, to comprehend, to understand · KO revised 2026-08-14 · Example generated for quiz","core3000,core-500,verb"
291,para,증기 / 김; 한 쌍,To jest para.,"Polish Core 3000 · 빈도 #291 · noun · EN: (uncountable) steam, water in gaseous phase · KO revised 2026-08-14 · Example generated for quiz","core3000,core-500,noun"
292,przeciwko,겨루다,Jestem przeciwko temu pomysłowi.,Polish Core 3000 · 빈도 #292 · prep · EN: against · KO revised 2026-08-14 · Example generated for quiz,"core3000,core-500,prep"
293,udać,~인 척하다 / 가장하다,"Mogę udać, jeśli będzie trzeba.","Polish Core 3000 · 빈도 #293 · verb · EN: (intransitive) to pretend, to act, to feign · KO revised 2026-08-14 · Example generated for quiz","core3000,core-500,verb"
294,raczej,오히려,Raczej zostanę dziś w domu.,"Polish Core 3000 · 빈도 #294 · particle · EN: preferably, rather · KO revised 2026-08-14 · Example generated for quiz","core3000,core-500,particle"
295,wiadomość,메시지,To jest wiadomość.,"Polish Core 3000 · 빈도 #295 · noun · EN: message, piece of information (a concept conveyed by symbology) · KO revised 2026-08-14 · Example generated for quiz","core3000,core-500,noun"
296,pięć,오,Czekaj pięć minut.,Polish Core 3000 · 빈도 #296 · num · EN: five · KO revised 2026-08-14 · Example generated for quiz,"core3000,core-500,num"
297,godzina,시간 / 시각,To jest godzina.,Polish Core 3000 · 빈도 #297 · noun · KO revised 2026-08-14 · Example generated for quiz,"core3000,core-500,noun"
298,plan,계획,To jest plan.,Polish Core 3000 · 빈도 #298 · noun · EN: plan · KO revised 2026-08-14 · Example generated for quiz,"core3000,core-500,noun"
299,wcale,도시,Wcale nie jestem zmęczony.,Polish Core 3000 · 빈도 #299 · particle · EN: (strictly in the negative) not at all · KO revised 2026-08-14 · Example generated for quiz,"core3000,core-500,particle"
300,ciało,몸,To jest ciało.,Polish Core 3000 · 빈도 #300 · noun · EN: (anatomy) body · KO revised 2026-08-14 · Example generated for quiz,"core3000,core-500,noun"
301,słowo,단어 / 말,To jest słowo.,Polish Core 3000 · 빈도 #301 · noun · KO revised 2026-08-14 · Example generated for quiz,"core3000,core-500,noun"
302,dostać,제거하다,"Mogę dostać, jeśli będzie trzeba.","Polish Core 3000 · 빈도 #302 · verb · EN: (transitive) to get, to receive (+ accusative case) · KO revised 2026-08-14 · Example generated for quiz","core3000,core-500,verb"
303,oznaczać,골라내다,"Mogę oznaczać, jeśli będzie trzeba.","Polish Core 3000 · 빈도 #303 · verb · EN: (transitive) to mark, to label, to tag · KO revised 2026-08-14 · Example generated for quiz","core3000,core-500,verb"
304,czyli,즉,"Spotkamy się o osiemnastej, czyli o szóstej wieczorem.","Polish Core 3000 · 빈도 #304 · conj · EN: that is to say, in other words, i.e., or (connecting two names) · KO revised 2026-08-14 · Example generated for quiz","core3000,core-500,conj"
305,dziwny,이상한 / 낯선,W tekście pojawia się określenie „dziwny”.,"Polish Core 3000 · 빈도 #305 · adj · EN: strange, odd · KO revised 2026-08-14 · Example generated for quiz","core3000,core-500,adj"
306,zostawić,가시다,"Mogę zostawić, jeśli będzie trzeba.","Polish Core 3000 · 빈도 #306 · verb · EN: (transitive) to leave, to desert, to leave behind · KO revised 2026-08-14 · Example generated for quiz","core3000,core-500,verb"
307,zabrać,취하다,"Mogę zabrać, jeśli będzie trzeba.","Polish Core 3000 · 빈도 #307 · verb · EN: (transitive) to take, bring (to cause someone or something to be in a different place) · KO revised 2026-08-14 · Example generated for quiz","core3000,core-500,verb"
308,ostatni,마지막,W tekście pojawia się określenie „ostatni”.,"Polish Core 3000 · 빈도 #308 · adj · EN: last, final · KO revised 2026-08-14 · Example generated for quiz","core3000,core-500,adj"
309,rodzina,가족,To jest rodzina.,Polish Core 3000 · 빈도 #309 · noun · KO revised 2026-08-14 · Example generated for quiz,"core3000,core-500,noun"
310,ciężko,힘에겨운듯이,On robi to ciężko.,Polish Core 3000 · 빈도 #310 · adv · EN: heavily · KO revised 2026-08-14 · Example generated for quiz,"core3000,core-500,adv"
311,martwić,걱정시키다 / 걱정하다,"Mogę martwić, jeśli będzie trzeba.","Polish Core 3000 · 빈도 #311 · verb · EN: (transitive) to burden, to afflict, to worry · KO revised 2026-08-14 · Example generated for quiz","core3000,core-500,verb"
312,rozmawiać,이야기하다 / 대화하다,"Mogę rozmawiać, jeśli będzie trzeba.",Polish Core 3000 · 빈도 #312 · verb · KO revised 2026-08-14 · Example generated for quiz,"core3000,core-500,verb"
313,nazywać,부르다,"Mogę nazywać, jeśli będzie trzeba.","Polish Core 3000 · 빈도 #313 · verb · EN: (transitive) to call, name [+instrumental or nominative = the name] · KO revised 2026-08-14 · Example generated for quiz","core3000,core-500,verb"
314,szczęście,운,To jest szczęście.,Polish Core 3000 · 빈도 #314 · noun · EN: luck · KO revised 2026-08-14 · Example generated for quiz,"core3000,core-500,noun"
315,syn,아들,To jest syn.,Polish Core 3000 · 빈도 #315 · noun · EN: son · KO revised 2026-08-14 · Example generated for quiz,"core3000,core-500,noun"
316,powrót,개표보고,To jest powrót.,Polish Core 3000 · 빈도 #316 · noun · EN: return (act of returning) · KO revised 2026-08-14 · Example generated for quiz,"core3000,core-500,noun"
317,diabeł,악마,To jest diabeł.,"Polish Core 3000 · 빈도 #317 · noun · EN: (folklore, religion, theology) devil (a creature of hell) · KO revised 2026-08-14 · Example generated for quiz","core3000,core-500,noun"
318,wyjść,나가다 / 나오다,"Mogę wyjść, jeśli będzie trzeba.","Polish Core 3000 · 빈도 #318 · verb · EN: (intransitive) to exit, go out, to leave (on foot) · KO revised 2026-08-14 · Example generated for quiz","core3000,core-500,verb"
319,krewa,큰 실수,To jest krewa.,"Polish Core 3000 · 빈도 #319 · noun · EN: (colloquial) fiasco, failure, flop · KO revised 2026-08-14 · Example generated for quiz","core3000,core-500,noun"
320,szkoła,학교,To jest szkoła.,Polish Core 3000 · 빈도 #320 · noun · KO revised 2026-08-14 · Example generated for quiz,"core3000,core-500,noun"
321,niezły,점잖다,W tekście pojawia się określenie „niezły”.,"Polish Core 3000 · 빈도 #321 · adj · EN: not bad, pretty good, decent · KO revised 2026-08-14 · Example generated for quiz","core3000,core-500,adj"
322,natychmiast,즉시,On robi to natychmiast.,Polish Core 3000 · 빈도 #322 · adv · KO revised 2026-08-14 · Example generated for quiz,"core3000,core-500,adv"
323,seria,시리즈,To jest seria.,"Polish Core 3000 · 빈도 #323 · noun · EN: series, sequence (number of things or events which follow one after the other) · KO revised 2026-08-14 · Example generated for quiz","core3000,core-500,noun"
324,policja,경찰,To jest policja.,Polish Core 3000 · 빈도 #324 · noun · KO revised 2026-08-14 · Example generated for quiz,"core3000,core-500,noun"
325,rad,기쁜 / 기꺼운 (구식·서술형),W tekście pojawia się określenie „rad”.,Polish Core 3000 · 빈도 #325 · adj · EN: (dated) glad · KO revised 2026-08-14 · Example generated for quiz,"core3000,core-500,adj"
326,zgadzać,동의하다,"Mogę zgadzać, jeśli będzie trzeba.",Polish Core 3000 · 빈도 #326 · verb · EN: (reflexive) to agree · KO revised 2026-08-14 · Example generated for quiz,"core3000,core-500,verb"
327,droga,길 / 도로,To jest droga.,Polish Core 3000 · 빈도 #327 · noun · KO revised 2026-08-14 · Example generated for quiz,"core3000,core-500,noun"
328,cztery,사,Mamy cztery krzesła.,Polish Core 3000 · 빈도 #328 · num · EN: four · KO revised 2026-08-14 · Example generated for quiz,"core3000,core-500,num"
329,strona,쪽,To jest strona.,Polish Core 3000 · 빈도 #329 · noun · EN: side · KO revised 2026-08-14 · Example generated for quiz,"core3000,core-500,noun"
330,część,부분,To jest część.,"Polish Core 3000 · 빈도 #330 · noun · EN: part, piece, share · KO revised 2026-08-14 · Example generated for quiz","core3000,core-500,noun"
331,należeć,에속하다,"Mogę należeć, jeśli będzie trzeba.",Polish Core 3000 · 빈도 #331 · verb · EN: (intransitive) to belong · KO revised 2026-08-14 · Example generated for quiz,"core3000,core-500,verb"
332,głowa,머리,To jest głowa.,Polish Core 3000 · 빈도 #332 · noun · KO revised 2026-08-14 · Example generated for quiz,"core3000,core-500,noun"
333,brat,형제 / 남자 형제,To jest brat.,Polish Core 3000 · 빈도 #333 · noun · KO revised 2026-08-14 · Example generated for quiz,"core3000,core-500,noun"
334,blisko,가까이,On robi to blisko.,Polish Core 3000 · 빈도 #334 · adv · KO revised 2026-08-14 · Example generated for quiz,"core3000,core-500,adv"
335,skarb,보물,To jest skarb.,"Polish Core 3000 · 빈도 #335 · noun · EN: treasure, treasure trove · KO revised 2026-08-14 · Example generated for quiz","core3000,core-500,noun"
336,wieczór,저녁,To jest wieczór.,Polish Core 3000 · 빈도 #336 · noun · KO revised 2026-08-14 · Example generated for quiz,"core3000,core-500,noun"
337,dolar,달러,To jest dolar.,Polish Core 3000 · 빈도 #337 · noun · EN: dollar (designation for specific currency) · KO revised 2026-08-14 · Example generated for quiz,"core3000,core-500,noun"
338,twarz,얼굴,To jest twarz.,Polish Core 3000 · 빈도 #338 · noun · EN: face (front part of head) · KO revised 2026-08-14 · Example generated for quiz,"core3000,core-500,noun"
339,środek,중,To jest środek.,"Polish Core 3000 · 빈도 #339 · noun · EN: middle, centre, heart · KO revised 2026-08-14 · Example generated for quiz","core3000,core-500,noun"
340,obchodzić,돌다,"Mogę obchodzić, jeśli będzie trzeba.","Polish Core 3000 · 빈도 #340 · verb · EN: (transitive) to walk around, to go around · KO revised 2026-08-14 · Example generated for quiz","core3000,core-500,verb"
341,spotkanie,회의 / 만남,To jest spotkanie.,Polish Core 3000 · 빈도 #341 · noun · KO revised 2026-08-14 · Example generated for quiz,"core3000,core-500,noun"
342,Got,야만인,To jest Got.,Polish Core 3000 · 빈도 #342 · noun · EN: (historical) Goth (one of the Goths) · KO revised 2026-08-14 · Example generated for quiz,"core3000,core-500,noun"
343,doktor,의사,To jest doktor.,"Polish Core 3000 · 빈도 #343 · noun · EN: (colloquial, medicine) physician, medical doctor · KO revised 2026-08-14 · Example generated for quiz","core3000,core-500,noun"
344,temat,제목,To jest temat.,Polish Core 3000 · 빈도 #344 · noun · EN: subject (main topic) · KO revised 2026-08-14 · Example generated for quiz,"core3000,core-500,noun"
345,wielki,큰 / 위대한,W tekście pojawia się określenie „wielki”.,"Polish Core 3000 · 빈도 #345 · adj · EN: big, large; having large physical dimensions · KO revised 2026-08-14 · Example generated for quiz","core3000,core-500,adj"
346,uważać,여기다,"Mogę uważać, jeśli będzie trzeba.","Polish Core 3000 · 빈도 #346 · verb · EN: (transitive) to consider, to regard [(accusative) za (accusative) = (somebody/something) as (something)] · KO revised 2026-08-14 · Example generated for quiz","core3000,core-500,verb"
347,półka,바위턱,To jest półka.,Polish Core 3000 · 빈도 #347 · noun · EN: shelf · KO revised 2026-08-14 · Example generated for quiz,"core3000,core-500,noun"
348,chociaż,설렵,"Chociaż jestem zmęczony, jeszcze pracuję.","Polish Core 3000 · 빈도 #348 · conj · EN: although, though · KO revised 2026-08-14 · Example generated for quiz","core3000,core-500,conj"
349,kiedykolwiek,수시로,On robi to kiedykolwiek.,"Polish Core 3000 · 빈도 #349 · adv · EN: at any time, whenever, ever · KO revised 2026-08-14 · Example generated for quiz","core3000,core-500,adv"
350,leczyć,치료하다,"Mogę leczyć, jeśli będzie trzeba.","Polish Core 3000 · 빈도 #350 · verb · EN: (transitive) to cure, to heal, to treat · KO revised 2026-08-14 · Example generated for quiz","core3000,core-500,verb"
351,miasto,도시,To jest miasto.,Polish Core 3000 · 빈도 #351 · noun · KO revised 2026-08-14 · Example generated for quiz,"core3000,core-500,noun"
352,robot,로봇,To jest robot.,Polish Core 3000 · 빈도 #352 · noun · EN: robot · KO revised 2026-08-14 · Example generated for quiz,"core3000,core-500,noun"
353,zależeć,나름이다,"Mogę zależeć, jeśli będzie trzeba.","Polish Core 3000 · 빈도 #353 · verb · EN: (intransitive) to depend, hinge on · KO revised 2026-08-14 · Example generated for quiz","core3000,core-500,verb"
354,dobranoc,안녕히 주무세요,W rozmowie pojawia się zwrot „dobranoc”.,Polish Core 3000 · 빈도 #354 · phrase · KO revised 2026-08-14 · Example generated for quiz,"core3000,core-500,phrase"
355,zwać,부르다,"Mogę zwać, jeśli będzie trzeba.","Polish Core 3000 · 빈도 #355 · verb · EN: (transitive, literary) to call [+accusative = someone or something] (refer to by a name) · KO revised 2026-08-14 · Example generated for quiz","core3000,core-500,verb"
356,wspaniały,거룩하다,W tekście pojawia się określenie „wspaniały”.,"Polish Core 3000 · 빈도 #356 · adj · EN: magnificent, excellent · KO revised 2026-08-14 · Example generated for quiz","core3000,core-500,adj"
357,miesiąc,달 / 월,To jest miesiąc.,Polish Core 3000 · 빈도 #357 · noun · KO revised 2026-08-14 · Example generated for quiz,"core3000,core-500,noun"
358,mało,적게 / 조금,Mam dziś mało czasu.,Polish Core 3000 · 빈도 #358 · pron · KO revised 2026-08-14 · Example generated for quiz,"core3000,core-500,pron"
359,wejść,들다,"Mogę wejść, jeśli będzie trzeba.","Polish Core 3000 · 빈도 #359 · verb · EN: (intransitive) to enter, to go into · KO revised 2026-08-14 · Example generated for quiz","core3000,core-500,verb"
360,wypadek,사고,To jest wypadek.,Polish Core 3000 · 빈도 #360 · noun · EN: accident · KO revised 2026-08-14 · Example generated for quiz,"core3000,core-500,noun"
361,tydzień,주 / 일주일,To jest tydzień.,Polish Core 3000 · 빈도 #361 · noun · KO revised 2026-08-14 · Example generated for quiz,"core3000,core-500,noun"
362,chłopak,남자,To jest chłopak.,Polish Core 3000 · 빈도 #362 · noun · EN: boy · KO revised 2026-08-14 · Example generated for quiz,"core3000,core-500,noun"
363,szansa,시기,To jest szansa.,"Polish Core 3000 · 빈도 #363 · noun · EN: chance, opportunity [+infinitive = to do what] or [+genitive = of what] or [+ na (accusative) = for what] · KO revised 2026-08-14 · Example generated for quiz","core3000,core-500,noun"
364,woda,물,To jest woda.,Polish Core 3000 · 빈도 #364 · noun · KO revised 2026-08-14 · Example generated for quiz,"core3000,core-500,noun"
365,Jezu,세상에! / 아이고! (Jesus!),"Jezu, ale tu zimno!","Polish Core 3000 · 빈도 #365 · intj · EN: Christ!, jeez! · KO revised 2026-08-14 · Example generated for quiz","core3000,core-500,intj"
366,pracować,일하다,"Mogę pracować, jeśli będzie trzeba.",Polish Core 3000 · 빈도 #366 · verb · KO revised 2026-08-14 · Example generated for quiz,"core3000,core-500,verb"
367,jakoś,그럭저럭,Jakoś sobie poradzimy.,Polish Core 3000 · 빈도 #367 · pron · EN: somehow · KO revised 2026-08-14 · Example generated for quiz,"core3000,core-500,pron"
368,według,대로,Według planu kończymy o piątej.,Polish Core 3000 · 빈도 #368 · prep · EN: according to · KO revised 2026-08-14 · Example generated for quiz,"core3000,core-500,prep"
369,spotkać,만나다,"Mogę spotkać, jeśli będzie trzeba.",Polish Core 3000 · 빈도 #369 · verb · EN: (transitive) to meet · KO revised 2026-08-14 · Example generated for quiz,"core3000,core-500,verb"
370,kapitan,선장,To jest kapitan.,Polish Core 3000 · 빈도 #370 · noun · EN: captain · KO revised 2026-08-14 · Example generated for quiz,"core3000,core-500,noun"
371,zupełny,마치다,W tekście pojawia się określenie „zupełny”.,"Polish Core 3000 · 빈도 #371 · adj · EN: complete, total, absolute · KO revised 2026-08-14 · Example generated for quiz","core3000,core-500,adj"
372,sprawdzić,채점하다,"Mogę sprawdzić, jeśli będzie trzeba.","Polish Core 3000 · 빈도 #372 · verb · EN: (transitive) to check, to check up · KO revised 2026-08-14 · Example generated for quiz","core3000,core-500,verb"
373,okej,괜찮다,W tekście pojawia się określenie „okej”.,Polish Core 3000 · 빈도 #373 · adj · EN: (colloquial) OK · KO revised 2026-08-14 · Example generated for quiz,"core3000,core-500,adj"
374,wspólny,공동의 / 공통의,W tekście pojawia się określenie „wspólny”.,"Polish Core 3000 · 빈도 #374 · adj · EN: common, communal, shared, mutual, joint · KO revised 2026-08-14 · Example generated for quiz","core3000,core-500,adj"
375,jechać,가다,"Mogę jechać, jeśli będzie trzeba.","Polish Core 3000 · 빈도 #375 · verb · EN: (intransitive) to go, ride, drive · KO revised 2026-08-14 · Example generated for quiz","core3000,core-500,verb"
376,prawdopodobny,가능성이 높은 / 그럴듯한,W tekście pojawia się określenie „prawdopodobny”.,Polish Core 3000 · 빈도 #376 · adj · EN: probable · KO revised 2026-08-14 · Example generated for quiz,"core3000,core-500,adj"
377,spać,자다,"Mogę spać, jeśli będzie trzeba.",Polish Core 3000 · 빈도 #377 · verb · EN: (intransitive) to sleep; to rest in state of reduced consciousness · KO revised 2026-08-14 · Example generated for quiz,"core3000,core-500,verb"
378,zdejmować,벗어지다,"Mogę zdejmować, jeśli będzie trzeba.","Polish Core 3000 · 빈도 #378 · verb · EN: (transitive) to take off, to remove · KO revised 2026-08-14 · Example generated for quiz","core3000,core-500,verb"
379,wasz,네,Czy to jest wasz samochód?,"Polish Core 3000 · 빈도 #379 · pron · EN: your (belonging to the group of people addressed, possessive pronoun) · KO revised 2026-08-14 · Example generated for quiz","core3000,core-500,pron"
380,uwaga,주의,To jest uwaga.,Polish Core 3000 · 빈도 #380 · noun · EN: attention · KO revised 2026-08-14 · Example generated for quiz,"core3000,core-500,noun"
381,film,필름,To jest film.,"Polish Core 3000 · 빈도 #381 · noun · EN: film, movie, motion picture · KO revised 2026-08-14 · Example generated for quiz","core3000,core-500,noun"
382,pogadać,이야기하다,"Mogę pogadać, jeśli będzie trzeba.","Polish Core 3000 · 빈도 #382 · verb · EN: (intransitive, colloquial) to talk, to chat · KO revised 2026-08-14 · Example generated for quiz","core3000,core-500,verb"
383,brak,없다 / 부족하다,"Mogę brak, jeśli będzie trzeba.",Polish Core 3000 · 빈도 #383 · verb · EN: (intransitive) there is/are no; is/are wanting (+ genitive) · KO revised 2026-08-14 · Example generated for quiz,"core3000,core-500,verb"
384,ponad,자빠지다,Czekaliśmy ponad godzinę.,"Polish Core 3000 · 빈도 #384 · prep · EN: over, more than · KO revised 2026-08-14 · Example generated for quiz","core3000,core-500,prep"
385,kolega,동료 / 친구,To jest kolega.,Polish Core 3000 · 빈도 #385 · noun · KO revised 2026-08-14 · Example generated for quiz,"core3000,core-500,noun"
386,wkrótce,이번,On robi to wkrótce.,Polish Core 3000 · 빈도 #386 · adv · EN: soon · KO revised 2026-08-14 · Example generated for quiz,"core3000,core-500,adv"
387,przyjaciel,친구,To jest przyjaciel.,Polish Core 3000 · 빈도 #387 · noun · KO revised 2026-08-14 · Example generated for quiz,"core3000,core-500,noun"
388,góra,산,To jest góra.,Polish Core 3000 · 빈도 #388 · noun · EN: mountain · KO revised 2026-08-14 · Example generated for quiz,"core3000,core-500,noun"
389,nazwisko,성,To jest nazwisko.,"Polish Core 3000 · 빈도 #389 · noun · EN: surname, last name · KO revised 2026-08-14 · Example generated for quiz","core3000,core-500,noun"
390,wystarczający,충분한,W tekście pojawia się określenie „wystarczający”.,Polish Core 3000 · 빈도 #390 · adj · EN: sufficient · KO revised 2026-08-14 · Example generated for quiz,"core3000,core-500,adj"
391,zatrzymać,중단하다,"Mogę zatrzymać, jeśli będzie trzeba.","Polish Core 3000 · 빈도 #391 · verb · EN: (transitive) to stop, to staunch · KO revised 2026-08-14 · Example generated for quiz","core3000,core-500,verb"
392,odejść,가시다,"Mogę odejść, jeśli będzie trzeba.",Polish Core 3000 · 빈도 #392 · verb · EN: (intransitive) to leave; to go away; to walk away · KO revised 2026-08-14 · Example generated for quiz,"core3000,core-500,verb"
393,zmienić,달라지다,"Mogę zmienić, jeśli będzie trzeba.","Polish Core 3000 · 빈도 #393 · verb · EN: (transitive, reflexive) to change, to modify · KO revised 2026-08-14 · Example generated for quiz","core3000,core-500,verb"
394,wszędzie,곳곳,Szukałem tego wszędzie.,Polish Core 3000 · 빈도 #394 · pron · EN: everywhere · KO revised 2026-08-14 · Example generated for quiz,"core3000,core-500,pron"
395,rodzic,모체,To jest rodzic.,Polish Core 3000 · 빈도 #395 · noun · EN: parent · KO revised 2026-08-14 · Example generated for quiz,"core3000,core-500,noun"
396,początek,시작,To jest początek.,Polish Core 3000 · 빈도 #396 · noun · EN: beginning (act of doing that which begins anything) · KO revised 2026-08-14 · Example generated for quiz,"core3000,core-500,noun"
397,nagły,갑작스러운 / 급작스러운,W tekście pojawia się określenie „nagły”.,Polish Core 3000 · 빈도 #397 · adj · EN: sudden · KO revised 2026-08-14 · Example generated for quiz,"core3000,core-500,adj"
398,drugi,순간,To drugi przystanek.,Polish Core 3000 · 빈도 #398 · num · EN: second · KO revised 2026-08-14 · Example generated for quiz,"core3000,core-500,num"
399,choć,설렵,"Choć pada, idziemy na spacer.","Polish Core 3000 · 빈도 #399 · conj · EN: although, though · KO revised 2026-08-14 · Example generated for quiz","core3000,core-500,conj"
400,często,자주,On robi to często.,Polish Core 3000 · 빈도 #400 · adv · KO revised 2026-08-14 · Example generated for quiz,"core3000,core-500,adv"
401,kłopot,검거되어,To jest kłopot.,Polish Core 3000 · 빈도 #401 · noun · EN: trouble · KO revised 2026-08-14 · Example generated for quiz,"core3000,core-500,noun"
402,większość,과반수,To jest większość.,Polish Core 3000 · 빈도 #402 · noun · EN: majority · KO revised 2026-08-14 · Example generated for quiz,"core3000,core-500,noun"
403,zacząć,시작하다,"Mogę zacząć, jeśli będzie trzeba.","Polish Core 3000 · 빈도 #403 · verb · EN: (transitive) to start, to begin · KO revised 2026-08-14 · Example generated for quiz","core3000,core-500,verb"
404,trud,수고,To jest trud.,Polish Core 3000 · 빈도 #404 · noun · EN: toil · KO revised 2026-08-14 · Example generated for quiz,"core3000,core-500,noun"
405,błąd,과실,To jest błąd.,"Polish Core 3000 · 빈도 #405 · noun · EN: error, mistake (state, quality, or condition of being wrong) · KO revised 2026-08-14 · Example generated for quiz","core3000,core-500,noun"
406,pokazać,나타내다,"Mogę pokazać, jeśli będzie trzeba.",Polish Core 3000 · 빈도 #406 · verb · EN: (transitive) to show [+dative = to someone] · KO revised 2026-08-14 · Example generated for quiz,"core3000,core-500,verb"
407,córka,딸아이,To jest córka.,Polish Core 3000 · 빈도 #407 · noun · EN: daughter · KO revised 2026-08-14 · Example generated for quiz,"core3000,core-500,noun"
408,jedyny,유일한,W tekście pojawia się określenie „jedyny”.,"Polish Core 3000 · 빈도 #408 · adj · EN: only, sole (alone in a category) · KO revised 2026-08-14 · Example generated for quiz","core3000,core-500,adj"
409,szkoda,아쉽다 / 유감이다,"Mogę szkoda, jeśli będzie trzeba.","Polish Core 3000 · 빈도 #409 · verb · EN: (intransitive) used to express regret or disappointment; pity, shame · KO revised 2026-08-14 · Example generated for quiz","core3000,core-500,verb"
410,siostra,자매 / 여자 형제,To jest siostra.,Polish Core 3000 · 빈도 #410 · noun · KO revised 2026-08-14 · Example generated for quiz,"core3000,core-500,noun"
411,zapominać,잊다,"Mogę zapominać, jeśli będzie trzeba.","Polish Core 3000 · 빈도 #411 · verb · EN: (transitive) to forget (to cease remembering, to lose remembrance of) [+accusative something or someone] · KO revised 2026-08-14 · Example generated for quiz","core3000,core-500,verb"
412,ponownie,다시,On robi to ponownie.,Polish Core 3000 · 빈도 #412 · adv · KO revised 2026-08-14 · Example generated for quiz,"core3000,core-500,adv"
413,przyjść,도착하다,"Mogę przyjść, jeśli będzie trzeba.","Polish Core 3000 · 빈도 #413 · verb · EN: (intransitive) to arrive, to come · KO revised 2026-08-14 · Example generated for quiz","core3000,core-500,verb"
414,całkowity,전체의 / 완전한,W tekście pojawia się określenie „całkowity”.,"Polish Core 3000 · 빈도 #414 · adj · EN: total, entire, complete · KO revised 2026-08-14 · Example generated for quiz","core3000,core-500,adj"
415,zamiast,의 대신에,Zamiast kawy piję dziś herbatę.,Polish Core 3000 · 빈도 #415 · conj · EN: instead · KO revised 2026-08-14 · Example generated for quiz,"core3000,core-500,conj"
416,gówno,염병할,To jest gówno.,"Polish Core 3000 · 빈도 #416 · noun · EN: (vulgar) shit, excrement · KO revised 2026-08-14 · Example generated for quiz","core3000,core-500,noun"
417,dowiedzieć,찾아내다,"Mogę dowiedzieć, jeśli będzie trzeba.",Polish Core 3000 · 빈도 #417 · verb · EN: (reflexive) to find out · KO revised 2026-08-14 · Example generated for quiz,"core3000,core-500,verb"
418,obiecywać,약속하다,"Mogę obiecywać, jeśli będzie trzeba.","Polish Core 3000 · 빈도 #418 · verb · EN: (transitive, intransitive) to promise (to commit to something or action) · KO revised 2026-08-14 · Example generated for quiz","core3000,core-500,verb"
419,osoba,사람,To jest osoba.,Polish Core 3000 · 빈도 #419 · noun · EN: person · KO revised 2026-08-14 · Example generated for quiz,"core3000,core-500,noun"
420,niestety,불행하게도,On robi to niestety.,Polish Core 3000 · 빈도 #420 · adv · EN: unfortunately · KO revised 2026-08-14 · Example generated for quiz,"core3000,core-500,adv"
421,zadzwonić,전화하다 / 울리다,"Mogę zadzwonić, jeśli będzie trzeba.","Polish Core 3000 · 빈도 #421 · verb · EN: (intransitive) to ring, jangle, clink · KO revised 2026-08-14 · Example generated for quiz","core3000,core-500,verb"
422,zatem,따라서 / 그러므로,"Wszystko gotowe, zatem możemy zaczynać.",Polish Core 3000 · 빈도 #422 · conj · EN: therefore · KO revised 2026-08-14 · Example generated for quiz,"core3000,core-500,conj"
423,piękny,아름다운,W tekście pojawia się określenie „piękny”.,Polish Core 3000 · 빈도 #423 · adj · KO revised 2026-08-14 · Example generated for quiz,"core3000,core-500,adj"
424,oraz,와,Potrzebuję paszportu oraz formularza.,"Polish Core 3000 · 빈도 #424 · conj · EN: and, as well as · KO revised 2026-08-14 · Example generated for quiz","core3000,core-500,conj"
425,kraj,나라,To jest kraj.,Polish Core 3000 · 빈도 #425 · noun · KO revised 2026-08-14 · Example generated for quiz,"core3000,core-500,noun"
426,historia,역사,To jest historia.,Polish Core 3000 · 빈도 #426 · noun · EN: history · KO revised 2026-08-14 · Example generated for quiz,"core3000,core-500,noun"
427,mimo,불구하고,Mimo deszczu poszliśmy na spacer.,"Polish Core 3000 · 빈도 #427 · prep · EN: despite, in spite of · KO revised 2026-08-14 · Example generated for quiz","core3000,core-500,prep"
428,głupi,어리석은 / 바보 같은,W tekście pojawia się określenie „głupi”.,"Polish Core 3000 · 빈도 #428 · adj · EN: stupid, silly, dumb · KO revised 2026-08-14 · Example generated for quiz","core3000,core-500,adj"
429,dawno,오래,On robi to dawno.,"Polish Core 3000 · 빈도 #429 · adv · EN: long, a long time ago · KO revised 2026-08-14 · Example generated for quiz","core3000,core-500,adv"
430,obok,곁에,Apteka jest obok sklepu.,"Polish Core 3000 · 빈도 #430 · prep · EN: beside, next to, near · KO revised 2026-08-14 · Example generated for quiz","core3000,core-500,prep"
431,przykład,예,To jest przykład.,Polish Core 3000 · 빈도 #431 · noun · EN: example · KO revised 2026-08-14 · Example generated for quiz,"core3000,core-500,noun"
432,ruszać,움직이다,"Mogę ruszać, jeśli będzie trzeba.",Polish Core 3000 · 빈도 #432 · verb · EN: (transitive) to move · KO revised 2026-08-14 · Example generated for quiz,"core3000,core-500,verb"
433,oba,양,W tym zdaniu użyto słowa „oba”.,Polish Core 3000 · 빈도 #433 · det · EN: both · KO revised 2026-08-14 · Example generated for quiz,"core3000,core-500,det"
434,dół,아래,To jest dół.,Polish Core 3000 · 빈도 #434 · noun · EN: bottom (direction in space) · KO revised 2026-08-14 · Example generated for quiz,"core3000,core-500,noun"
435,odkąd,어디서,"Mieszkam tu, odkąd zacząłem pracę.","Polish Core 3000 · 빈도 #435 · pron · EN: whence, from where · KO revised 2026-08-14 · Example generated for quiz","core3000,core-500,pron"
436,zabawny,우습다,W tekście pojawia się określenie „zabawny”.,"Polish Core 3000 · 빈도 #436 · adj · EN: amusing, funny · KO revised 2026-08-14 · Example generated for quiz","core3000,core-500,adj"
437,Frank,개방적,To jest Frank.,Polish Core 3000 · 빈도 #437 · noun · EN: (historical) Frank (one of the Franks) · KO revised 2026-08-14 · Example generated for quiz,"core3000,core-500,noun"
438,łatwo,편히,On robi to łatwo.,Polish Core 3000 · 빈도 #438 · adv · EN: easily · KO revised 2026-08-14 · Example generated for quiz,"core3000,core-500,adv"
439,wieko,뚜껑,To jest wieko.,Polish Core 3000 · 빈도 #439 · noun · EN: lid (of a container) · KO revised 2026-08-14 · Example generated for quiz,"core3000,core-500,noun"
440,spora,훌씨,To jest spora.,Polish Core 3000 · 빈도 #440 · noun · EN: spore (unit of reproduction) · KO revised 2026-08-14 · Example generated for quiz,"core3000,core-500,noun"
441,szef,상사 / 사장,To jest szef.,Polish Core 3000 · 빈도 #441 · noun · KO revised 2026-08-14 · Example generated for quiz,"core3000,core-500,noun"
442,Panna,처녀자리 사람,To jest Panna.,Polish Core 3000 · 빈도 #442 · noun · EN: someone with a Virgo star sign · KO revised 2026-08-14 · Example generated for quiz,"core3000,core-500,noun"
443,zająć,점령하다,"Mogę zająć, jeśli będzie trzeba.","Polish Core 3000 · 빈도 #443 · verb · EN: (transitive) to occupy, to take up, to take or use space · KO revised 2026-08-14 · Example generated for quiz","core3000,core-500,verb"
444,zamierzać,고의로하다,"Mogę zamierzać, jeśli będzie trzeba.","Polish Core 3000 · 빈도 #444 · verb · EN: (transitive) to intend, to mean, to plan · KO revised 2026-08-14 · Example generated for quiz","core3000,core-500,verb"
445,istnieć,성립하다,"Mogę istnieć, jeśli będzie trzeba.",Polish Core 3000 · 빈도 #445 · verb · EN: (intransitive) to exist · KO revised 2026-08-14 · Example generated for quiz,"core3000,core-500,verb"
446,okazja,시기,To jest okazja.,"Polish Core 3000 · 빈도 #446 · noun · EN: chance, occasion, opportunity (chance for advancement, progress or profit) · KO revised 2026-08-14 · Example generated for quiz","core3000,core-500,noun"
447,moment,이때,To jest moment.,Polish Core 3000 · 빈도 #447 · noun · EN: (physics) moment · KO revised 2026-08-14 · Example generated for quiz,"core3000,core-500,noun"
448,spróbować,보다,"Mogę spróbować, jeśli będzie trzeba.",Polish Core 3000 · 빈도 #448 · verb · EN: (transitive) to try [+infinitive = to do what] or [+genitive = what] (attempt) · KO revised 2026-08-14 · Example generated for quiz,"core3000,core-500,verb"
449,kupić,사다 (완료),"Mogę kupić, jeśli będzie trzeba.",Polish Core 3000 · 빈도 #449 · verb · KO revised 2026-08-14 · Example generated for quiz,"core3000,core-500,verb"
450,sześć,여섯,Spotkanie zaczyna się o sześć.,Polish Core 3000 · 빈도 #450 · num · EN: six · KO revised 2026-08-14 · Example generated for quiz,"core3000,core-500,num"
451,gościć,간직하다,"Mogę gościć, jeśli będzie trzeba.","Polish Core 3000 · 빈도 #451 · verb · EN: (transitive) to entertain, to host, to receive · KO revised 2026-08-14 · Example generated for quiz","core3000,core-500,verb"
452,niby,같을만큼,"Niby wszystko działa, ale coś jest nie tak.",Polish Core 3000 · 빈도 #452 · conj · EN: as · KO revised 2026-08-14 · Example generated for quiz,"core3000,core-500,conj"
453,póki,하면서,"Póki masz czas, odpocznij.","Polish Core 3000 · 빈도 #453 · conj · EN: (literary) as long as, while · KO revised 2026-08-14 · Example generated for quiz","core3000,core-500,conj"
454,cicho,몰래,On robi to cicho.,"Polish Core 3000 · 빈도 #454 · adv · EN: quietly, silently · KO revised 2026-08-14 · Example generated for quiz","core3000,core-500,adv"
455,walczyć,싸우다,"Mogę walczyć, jeśli będzie trzeba.",Polish Core 3000 · 빈도 #455 · verb · EN: (intransitive) to fight (to be involved in a physical confrontation) [+ z (instrumental) = who/what or with who/what] · KO revised 2026-08-14 · Example generated for quiz,"core3000,core-500,verb"
456,prawdziwy,진짜의 / 참된,W tekście pojawia się określenie „prawdziwy”.,"Polish Core 3000 · 빈도 #456 · adj · EN: true, authentic, real · KO revised 2026-08-14 · Example generated for quiz","core3000,core-500,adj"
457,niedługo,이번,On robi to niedługo.,Polish Core 3000 · 빈도 #457 · adv · EN: soon · KO revised 2026-08-14 · Example generated for quiz,"core3000,core-500,adv"
458,tom,양,To jest tom.,Polish Core 3000 · 빈도 #458 · noun · EN: volume (single book of a publication issued in multi-book format) · KO revised 2026-08-14 · Example generated for quiz,"core3000,core-500,noun"
459,bać,두려워하다 / 무서워하다,"Mogę bać, jeśli będzie trzeba.","Polish Core 3000 · 빈도 #459 · verb · EN: (reflexive) to fear, to be afraid of something [+genitive = of what] or [+infitive = to do what] · KO revised 2026-08-14 · Example generated for quiz","core3000,core-500,verb"
460,straszny,무서운,W tekście pojawia się określenie „straszny”.,"Polish Core 3000 · 빈도 #460 · adj · EN: scary, frightening · KO revised 2026-08-14 · Example generated for quiz","core3000,core-500,adj"
461,mężczyzna,남자 / 남성,To jest mężczyzna.,Polish Core 3000 · 빈도 #461 · noun · KO revised 2026-08-14 · Example generated for quiz,"core3000,core-500,noun"
462,głos,목소리,To jest głos.,Polish Core 3000 · 빈도 #462 · noun · EN: voice · KO revised 2026-08-14 · Example generated for quiz,"core3000,core-500,noun"
463,około,근접하여,Będę tam około szóstej.,"Polish Core 3000 · 빈도 #463 · prep · EN: near, about, around, circa [+genitive] · KO revised 2026-08-14 · Example generated for quiz","core3000,core-500,prep"
464,boleć,아프다,"Mogę boleć, jeśli będzie trzeba.",Polish Core 3000 · 빈도 #464 · verb · EN: (intransitive) to hurt · KO revised 2026-08-14 · Example generated for quiz,"core3000,core-500,verb"
465,zwykle,보통 / 대개,On robi to zwykle.,Polish Core 3000 · 빈도 #465 · adv · KO revised 2026-08-14 · Example generated for quiz,"core3000,core-500,adv"
466,następny,다음의,W tekście pojawia się określenie „następny”.,Polish Core 3000 · 빈도 #466 · adj · EN: next (following in a sequence) · KO revised 2026-08-14 · Example generated for quiz,"core3000,core-500,adj"
467,powodzić,입신하다,"Mogę powodzić, jeśli będzie trzeba.","Polish Core 3000 · 빈도 #467 · verb · EN: (reflexive, impersonal) to be doing well, to be successful, to prosper [+dative = for someone] · KO revised 2026-08-14 · Example generated for quiz","core3000,core-500,verb"
468,widać,보이다 / 볼 수 있다,"Mogę widać, jeśli będzie trzeba.","Polish Core 3000 · 빈도 #468 · verb · EN: (intransitive) used to express visibility; can be seen, one can see · KO revised 2026-08-14 · Example generated for quiz","core3000,core-500,verb"
469,pewność,확신,To jest pewność.,Polish Core 3000 · 빈도 #469 · noun · EN: certainty · KO revised 2026-08-14 · Example generated for quiz,"core3000,core-500,noun"
470,lecieć,날다,"Mogę lecieć, jeśli będzie trzeba.",Polish Core 3000 · 빈도 #470 · verb · EN: (intransitive) to fly · KO revised 2026-08-14 · Example generated for quiz,"core3000,core-500,verb"
471,szczery,솔직한 / 진심 어린,W tekście pojawia się określenie „szczery”.,"Polish Core 3000 · 빈도 #471 · adj · EN: sincere, earnest · KO revised 2026-08-14 · Example generated for quiz","core3000,core-500,adj"
472,korekta,교정,To jest korekta.,Polish Core 3000 · 빈도 #472 · noun · EN: correction (“the act of correcting”) · KO revised 2026-08-14 · Example generated for quiz,"core3000,core-500,noun"
473,szpital,병원,To jest szpital.,Polish Core 3000 · 빈도 #473 · noun · KO revised 2026-08-14 · Example generated for quiz,"core3000,core-500,noun"
474,tędy,이리,Tędy jest szybciej.,Polish Core 3000 · 빈도 #474 · pron · EN: this way · KO revised 2026-08-14 · Example generated for quiz,"core3000,core-500,pron"
475,statek,전열함,To jest statek.,"Polish Core 3000 · 빈도 #475 · noun · EN: ship, craft, vessel · KO revised 2026-08-14 · Example generated for quiz","core3000,core-500,noun"
476,seks,성교,To jest seks.,Polish Core 3000 · 빈도 #476 · noun · EN: sex (sexual intercourse) · KO revised 2026-08-14 · Example generated for quiz,"core3000,core-500,noun"
477,kolejny,연속적인,W tekście pojawia się określenie „kolejny”.,"Polish Core 3000 · 빈도 #477 · adj · EN: successive, consecutive, succeeding · KO revised 2026-08-14 · Example generated for quiz","core3000,core-500,adj"
478,pasować,에 어울리다,"Mogę pasować, jeśli będzie trzeba.","Polish Core 3000 · 빈도 #478 · verb · EN: (intransitive) to suit, to match (to look good on someone) · KO revised 2026-08-14 · Example generated for quiz","core3000,core-500,verb"
479,jedzenie,음식,To jest jedzenie.,Polish Core 3000 · 빈도 #479 · noun · KO revised 2026-08-14 · Example generated for quiz,"core3000,core-500,noun"
480,nienawidzić,싫다,"Mogę nienawidzić, jeśli będzie trzeba.",Polish Core 3000 · 빈도 #480 · verb · EN: (transitive) to hate (a person or a thing) [+genitive = something] [+infinitive = doing something] · KO revised 2026-08-14 · Example generated for quiz,"core3000,core-500,verb"
481,przysięga,맹세 / 선서,To jest przysięga.,Polish Core 3000 · 빈도 #481 · noun · EN: oath (solemn pledge) · KO revised 2026-08-14 · Example generated for quiz,"core3000,core-500,noun"
482,umrzeć,죽다,"Mogę umrzeć, jeśli będzie trzeba.",Polish Core 3000 · 빈도 #482 · verb · EN: (intransitive) to die (to stop living) · KO revised 2026-08-14 · Example generated for quiz,"core3000,core-500,verb"
483,ulica,거리 / 길,To jest ulica.,Polish Core 3000 · 빈도 #483 · noun · KO revised 2026-08-14 · Example generated for quiz,"core3000,core-500,noun"
484,czyż,정말 ~인가? / 과연 ~인가?,Czyż nie jest pięknie?,Polish Core 3000 · 빈도 #484 · particle · EN: (emphatic) interrogative particle: introduces a yes-no question · KO revised 2026-08-14 · Example generated for quiz,"core3000,core-500,particle"
485,nigdzie,아무짝에도,On robi to nigdzie.,Polish Core 3000 · 빈도 #485 · adv · EN: nowhere · KO revised 2026-08-14 · Example generated for quiz,"core3000,core-500,adv"
486,włos,털,To jest włos.,Polish Core 3000 · 빈도 #486 · noun · EN: hair (pigmented filament of keratin which grows from a follicle on the skin of humans and other mammals) · KO revised 2026-08-14 · Example generated for quiz,"core3000,core-500,noun"
487,tysiąc,천,To jest tysiąc.,Polish Core 3000 · 빈도 #487 · noun · EN: thousand · KO revised 2026-08-14 · Example generated for quiz,"core3000,core-500,noun"
488,zamiar,의도,To jest zamiar.,Polish Core 3000 · 빈도 #488 · noun · EN: intention · KO revised 2026-08-14 · Example generated for quiz,"core3000,core-500,noun"
489,kolacja,저녁 식사,To jest kolacja.,Polish Core 3000 · 빈도 #489 · noun · EN: supper (dinner at night) · KO revised 2026-08-14 · Example generated for quiz,"core3000,core-500,noun"
490,wieść,지도하다,"Mogę wieść, jeśli będzie trzeba.","Polish Core 3000 · 빈도 #490 · verb · EN: (transitive) to lead, conduct · KO revised 2026-08-14 · Example generated for quiz","core3000,core-500,verb"
491,stan,상태,To jest stan.,"Polish Core 3000 · 빈도 #491 · noun · EN: state (of affairs), condition · KO revised 2026-08-14 · Example generated for quiz","core3000,core-500,noun"
492,powstrzymać,걷잡다,"Mogę powstrzymać, jeśli będzie trzeba.","Polish Core 3000 · 빈도 #492 · verb · EN: (transitive) to hold back, to contain, to stay, to check · KO revised 2026-08-14 · Example generated for quiz","core3000,core-500,verb"
493,żartować,농담하다,"Mogę żartować, jeśli będzie trzeba.","Polish Core 3000 · 빈도 #493 · verb · EN: (intransitive) to joke, to kid · KO revised 2026-08-14 · Example generated for quiz","core3000,core-500,verb"
494,noga,다리,To jest noga.,Polish Core 3000 · 빈도 #494 · noun · EN: leg · KO revised 2026-08-14 · Example generated for quiz,"core3000,core-500,noun"
495,uwielbiać,무척 좋아하다,"Mogę uwielbiać, jeśli będzie trzeba.",Polish Core 3000 · 빈도 #495 · verb · EN: (transitive) to like very much · KO revised 2026-08-14 · Example generated for quiz,"core3000,core-500,verb"
496,potrafić,통조림하다,"Mogę potrafić, jeśli będzie trzeba.","Polish Core 3000 · 빈도 #496 · verb · EN: (intransitive, auxiliary) can (to be able) · KO revised 2026-08-14 · Example generated for quiz","core3000,core-500,verb"
497,wybór,선택,To jest wybór.,Polish Core 3000 · 빈도 #497 · noun · EN: choice (option or decision) · KO revised 2026-08-14 · Example generated for quiz,"core3000,core-500,noun"
498,fajny,식히다,W tekście pojawia się określenie „fajny”.,"Polish Core 3000 · 빈도 #498 · adj · EN: (colloquial) cool, great, nice · KO revised 2026-08-14 · Example generated for quiz","core3000,core-500,adj"
499,trudny,어려운,W tekście pojawia się określenie „trudny”.,Polish Core 3000 · 빈도 #499 · adj · KO revised 2026-08-14 · Example generated for quiz,"core3000,core-500,adj"
500,cela,가스통,To jest cela.,Polish Core 3000 · 빈도 #500 · noun · EN: cell (room in a monastery) · KO revised 2026-08-14 · Example generated for quiz,"core3000,core-500,noun"
501,jama,공동,To jest jama.,Polish Core 3000 · 빈도 #501 · noun · EN: cavity · KO revised 2026-08-14 · Example generated for quiz,"core3000,core-1000,noun"
502,biuro,사무실,To jest biuro.,"Polish Core 3000 · 빈도 #502 · noun · EN: office, agency (building or room) · KO revised 2026-08-14 · Example generated for quiz","core3000,core-1000,noun"
503,henr,자기유도계수의 단위,To jest henr.,Polish Core 3000 · 빈도 #503 · noun · EN: henry · KO revised 2026-08-14 · Example generated for quiz,"core3000,core-1000,noun"
504,świetny,고귀한,W tekście pojawia się określenie „świetny”.,"Polish Core 3000 · 빈도 #504 · adj · EN: great, fantastic, splendid, excellent · KO revised 2026-08-14 · Example generated for quiz","core3000,core-1000,adj"
505,wolno,~해도 된다 / 허용된다,"Mogę wolno, jeśli będzie trzeba.",Polish Core 3000 · 빈도 #505 · verb · EN: (intransitive) it is allowed · KO revised 2026-08-14 · Example generated for quiz,"core3000,core-1000,verb"
506,moc,권불십년,To jest moc.,"Polish Core 3000 · 빈도 #506 · noun · EN: might, force · KO revised 2026-08-14 · Example generated for quiz","core3000,core-1000,noun"
507,uciec,내빼다,"Mogę uciec, jeśli będzie trzeba.","Polish Core 3000 · 빈도 #507 · verb · EN: (intransitive) to run away, to flee, to escape · KO revised 2026-08-14 · Example generated for quiz","core3000,core-1000,verb"
508,tył,도로,To jest tył.,Polish Core 3000 · 빈도 #508 · noun · EN: back (the reverse side) · KO revised 2026-08-14 · Example generated for quiz,"core3000,core-1000,noun"
509,informacja,보고,To jest informacja.,Polish Core 3000 · 빈도 #509 · noun · EN: information (communicable knowledge) · KO revised 2026-08-14 · Example generated for quiz,"core3000,core-1000,noun"
510,zapytać,묻다,"Mogę zapytać, jeśli będzie trzeba.",Polish Core 3000 · 빈도 #510 · verb · EN: (transitive) to ask · KO revised 2026-08-14 · Example generated for quiz,"core3000,core-1000,verb"
511,młody,젊은,W tekście pojawia się określenie „młody”.,Polish Core 3000 · 빈도 #511 · adj · KO revised 2026-08-14 · Example generated for quiz,"core3000,core-1000,adj"
512,obawiać,두려워하다,"Mogę obawiać, jeśli będzie trzeba.","Polish Core 3000 · 빈도 #512 · verb · EN: (reflexive) to fear, to worry, to be apprehensive [+genitive = about someone/something] · KO revised 2026-08-14 · Example generated for quiz","core3000,core-1000,verb"
513,otworzyć,열다,"Mogę otworzyć, jeśli będzie trzeba.",Polish Core 3000 · 빈도 #513 · verb · EN: (transitive) to open (to make something accessible) · KO revised 2026-08-14 · Example generated for quiz,"core3000,core-1000,verb"
514,odpowiedź,대답 / 답변,To jest odpowiedź.,Polish Core 3000 · 빈도 #514 · noun · KO revised 2026-08-14 · Example generated for quiz,"core3000,core-1000,noun"
515,związek,상관,To jest związek.,"Polish Core 3000 · 빈도 #515 · noun · EN: relation, relationship · KO revised 2026-08-14 · Example generated for quiz","core3000,core-1000,noun"
516,cent,센트,To jest cent.,Polish Core 3000 · 빈도 #516 · noun · EN: cent · KO revised 2026-08-14 · Example generated for quiz,"core3000,core-1000,noun"
517,szukać,찾다,"Mogę szukać, jeśli będzie trzeba.","Polish Core 3000 · 빈도 #517 · verb · EN: (transitive) to look for, to seek, to search [+genitive] · KO revised 2026-08-14 · Example generated for quiz","core3000,core-1000,verb"
518,wreszcie,마침내,On robi to wreszcie.,Polish Core 3000 · 빈도 #518 · adv · KO revised 2026-08-14 · Example generated for quiz,"core3000,core-1000,adv"
519,szczęśliwy,행복한 / 운 좋은,W tekście pojawia się określenie „szczęśliwy”.,Polish Core 3000 · 빈도 #519 · adj · EN: lucky; fortunate · KO revised 2026-08-14 · Example generated for quiz,"core3000,core-1000,adj"
520,uwięzić,수감하다,"Mogę uwięzić, jeśli będzie trzeba.","Polish Core 3000 · 빈도 #520 · verb · EN: (transitive) to imprison, to jail, to incarcerate · KO revised 2026-08-14 · Example generated for quiz","core3000,core-1000,verb"
521,mnóstwo,부유,To jest mnóstwo.,"Polish Core 3000 · 빈도 #521 · noun · EN: abundance, plethora, loads, tons · KO revised 2026-08-14 · Example generated for quiz","core3000,core-1000,noun"
522,hotel,호텔,To jest hotel.,Polish Core 3000 · 빈도 #522 · noun · EN: hotel · KO revised 2026-08-14 · Example generated for quiz,"core3000,core-1000,noun"
523,nieprawda,허구,To jest nieprawda.,"Polish Core 3000 · 빈도 #523 · noun · EN: falsehood, untruth · KO revised 2026-08-14 · Example generated for quiz","core3000,core-1000,noun"
524,reszta,나머지,To jest reszta.,Polish Core 3000 · 빈도 #524 · noun · EN: rest (remainder) · KO revised 2026-08-14 · Example generated for quiz,"core3000,core-1000,noun"
525,uspokoić,가라앉히다,"Mogę uspokoić, jeśli będzie trzeba.","Polish Core 3000 · 빈도 #525 · verb · EN: (transitive) to calm, to soothe, to quiet (to make calm) · KO revised 2026-08-14 · Example generated for quiz","core3000,core-1000,verb"
526,niesamowity,요기있는,W tekście pojawia się określenie „niesamowity”.,"Polish Core 3000 · 빈도 #526 · adj · EN: eerie, indescribable, uncanny (strange, mysteriously unsettling) · KO revised 2026-08-14 · Example generated for quiz","core3000,core-1000,adj"
527,sen,꿈,To jest sen.,Polish Core 3000 · 빈도 #527 · noun · EN: dream · KO revised 2026-08-14 · Example generated for quiz,"core3000,core-1000,noun"
528,ból,통증 / 아픔,To jest ból.,Polish Core 3000 · 빈도 #528 · noun · KO revised 2026-08-14 · Example generated for quiz,"core3000,core-1000,noun"
529,ślub,결혼,To jest ślub.,"Polish Core 3000 · 빈도 #529 · noun · EN: marriage, matrimony (act of being married) · KO revised 2026-08-14 · Example generated for quiz","core3000,core-1000,noun"
530,duży,큰,W tekście pojawia się określenie „duży”.,Polish Core 3000 · 빈도 #530 · adj · KO revised 2026-08-14 · Example generated for quiz,"core3000,core-1000,adj"
531,wojna,전쟁,To jest wojna.,Polish Core 3000 · 빈도 #531 · noun · EN: war · KO revised 2026-08-14 · Example generated for quiz,"core3000,core-1000,noun"
532,lista,재고조사,To jest lista.,"Polish Core 3000 · 빈도 #532 · noun · EN: (operations) inventory, list (register or roll of paper consisting of an enumeration or compilation of a set of possible items) · KO revised 2026-08-14 · Example generated for quiz","core3000,core-1000,noun"
533,ktokolwiek,누구도,"Ktokolwiek to zrobił, zrobił to dobrze.","Polish Core 3000 · 빈도 #533 · pron · EN: anybody, anyone · KO revised 2026-08-14 · Example generated for quiz","core3000,core-1000,pron"
534,sekunda,초,To jest sekunda.,Polish Core 3000 · 빈도 #534 · noun · KO revised 2026-08-14 · Example generated for quiz,"core3000,core-1000,noun"
535,łóżko,침대,To jest łóżko.,Polish Core 3000 · 빈도 #535 · noun · KO revised 2026-08-14 · Example generated for quiz,"core3000,core-1000,noun"
536,przyszłość,미래,To jest przyszłość.,Polish Core 3000 · 빈도 #536 · noun · EN: future (the time ahead) · KO revised 2026-08-14 · Example generated for quiz,"core3000,core-1000,noun"
537,ciekawy,재미있다,W tekście pojawia się określenie „ciekawy”.,Polish Core 3000 · 빈도 #537 · adj · EN: interesting (arousing or holding someone's attention) · KO revised 2026-08-14 · Example generated for quiz,"core3000,core-1000,adj"
538,ach,오,"Ach, teraz rozumiem.",Polish Core 3000 · 빈도 #538 · intj · EN: ah! (expresses surprise) · KO revised 2026-08-14 · Example generated for quiz,"core3000,core-1000,intj"
539,prezent,선물,To jest prezent.,"Polish Core 3000 · 빈도 #539 · noun · EN: gift, present (something given to another voluntarily, without charge) · KO revised 2026-08-14 · Example generated for quiz","core3000,core-1000,noun"
540,mara,꿈,To jest mara.,"Polish Core 3000 · 빈도 #540 · noun · EN: (literary) dream, nightmare · KO revised 2026-08-14 · Example generated for quiz","core3000,core-1000,noun"
541,walka,격투,To jest walka.,"Polish Core 3000 · 빈도 #541 · noun · EN: combat, fight, struggle · KO revised 2026-08-14 · Example generated for quiz","core3000,core-1000,noun"
542,mowa,말씀,To jest mowa.,"Polish Core 3000 · 빈도 #542 · noun · EN: speech (an oration, session of speaking) · KO revised 2026-08-14 · Example generated for quiz","core3000,core-1000,noun"
543,tona,톤,To jest tona.,Polish Core 3000 · 빈도 #543 · noun · EN: tonne · KO revised 2026-08-14 · Example generated for quiz,"core3000,core-1000,noun"
544,sytuacja,입장,To jest sytuacja.,Polish Core 3000 · 빈도 #544 · noun · EN: situation (status with regard to circumstances) · KO revised 2026-08-14 · Example generated for quiz,"core3000,core-1000,noun"
545,chronić,예방하다,"Mogę chronić, jeśli będzie trzeba.",Polish Core 3000 · 빈도 #545 · verb · EN: (transitive) to protect (to keep safe) · KO revised 2026-08-14 · Example generated for quiz,"core3000,core-1000,verb"
546,światło,빛 / 조명,To jest światło.,Polish Core 3000 · 빈도 #546 · noun · EN: light · KO revised 2026-08-14 · Example generated for quiz,"core3000,core-1000,noun"
547,los,운,To jest los.,Polish Core 3000 · 빈도 #547 · noun · EN: fate · KO revised 2026-08-14 · Example generated for quiz,"core3000,core-1000,noun"
548,własny,자기 자신의,W tekście pojawia się określenie „własny”.,Polish Core 3000 · 빈도 #548 · adj · EN: own · KO revised 2026-08-14 · Example generated for quiz,"core3000,core-1000,adj"
549,skończyć,끝내다,"Mogę skończyć, jeśli będzie trzeba.","Polish Core 3000 · 빈도 #549 · verb · EN: (transitive) to end, to finish · KO revised 2026-08-14 · Example generated for quiz","core3000,core-1000,verb"
550,wysoki,높다,W tekście pojawia się określenie „wysoki”.,Polish Core 3000 · 빈도 #550 · adj · EN: tall · KO revised 2026-08-14 · Example generated for quiz,"core3000,core-1000,adj"
551,ofiara,산 재물,To jest ofiara.,Polish Core 3000 · 빈도 #551 · noun · EN: victim · KO revised 2026-08-14 · Example generated for quiz,"core3000,core-1000,noun"
552,morderstwo,살인,To jest morderstwo.,Polish Core 3000 · 빈도 #552 · noun · EN: murder (an act of deliberate killing) · KO revised 2026-08-14 · Example generated for quiz,"core3000,core-1000,noun"
553,pomiędzy,끼리,Stół stoi pomiędzy oknami.,"Polish Core 3000 · 빈도 #553 · prep · EN: (+ instrumental) between, among (denotes location) · KO revised 2026-08-14 · Example generated for quiz","core3000,core-1000,prep"
554,dno,아래,To jest dno.,Polish Core 3000 · 빈도 #554 · noun · EN: bottom (the lowest part of a container) · KO revised 2026-08-14 · Example generated for quiz,"core3000,core-1000,noun"
555,obiad,점심,To jest obiad.,"Polish Core 3000 · 빈도 #555 · noun · EN: lunch, usually eaten around 1 or 2pm, and sometimes stretching as late as 4 or 5pm · KO revised 2026-08-14 · Example generated for quiz","core3000,core-1000,noun"
556,dowód,증거,To jest dowód.,Polish Core 3000 · 빈도 #556 · noun · EN: evidence (anything admitted by a court as proof) · KO revised 2026-08-14 · Example generated for quiz,"core3000,core-1000,noun"
557,zdawać,취하다,"Mogę zdawać, jeśli będzie trzeba.","Polish Core 3000 · 빈도 #557 · verb · EN: (transitive) to take, to sit (e.g. an exam) · KO revised 2026-08-14 · Example generated for quiz","core3000,core-1000,verb"
558,coraz,점점,On robi to coraz.,"Polish Core 3000 · 빈도 #558 · adv · EN: more and more, increasingly, used with comparatives to show a growing rate of change. · KO revised 2026-08-14 · Example generated for quiz","core3000,core-1000,adv"
559,nieco,얼마간,On robi to nieco.,"Polish Core 3000 · 빈도 #559 · adv · EN: somewhat, a little bit, a little, slightly · KO revised 2026-08-14 · Example generated for quiz","core3000,core-1000,adv"
560,system,질서,To jest system.,Polish Core 3000 · 빈도 #560 · noun · EN: system (collection of organized things; whole composed of relationships among its members) · KO revised 2026-08-14 · Example generated for quiz,"core3000,core-1000,noun"
561,martwy,죽은 / 생명이 없는,W tekście pojawia się określenie „martwy”.,Polish Core 3000 · 빈도 #561 · adj · EN: dead (no longer living) · KO revised 2026-08-14 · Example generated for quiz,"core3000,core-1000,adj"
562,zjeść,먹다,"Mogę zjeść, jeśli będzie trzeba.",Polish Core 3000 · 빈도 #562 · verb · EN: (transitive) to eat · KO revised 2026-08-14 · Example generated for quiz,"core3000,core-1000,verb"
563,wokół,둘레에,On robi to wokół.,"Polish Core 3000 · 빈도 #563 · adv · EN: around, all around · KO revised 2026-08-14 · Example generated for quiz","core3000,core-1000,adv"
564,dzieciak,아이,To jest dzieciak.,"Polish Core 3000 · 빈도 #564 · noun · EN: child, kid · KO revised 2026-08-14 · Example generated for quiz","core3000,core-1000,noun"
565,patrzeć,바라보다,"Mogę patrzeć, jeśli będzie trzeba.","Polish Core 3000 · 빈도 #565 · verb · EN: (intransitive, reflexive) to look at [+accusative = something/someone] · KO revised 2026-08-14 · Example generated for quiz","core3000,core-1000,verb"
566,usiąść,앉다,"Mogę usiąść, jeśli będzie trzeba.",Polish Core 3000 · 빈도 #566 · verb · EN: (intransitive) to sit down · KO revised 2026-08-14 · Example generated for quiz,"core3000,core-1000,verb"
567,siła,강하기,To jest siła.,Polish Core 3000 · 빈도 #567 · noun · EN: strength · KO revised 2026-08-14 · Example generated for quiz,"core3000,core-1000,noun"
568,starać,시도하다,"Mogę starać, jeśli będzie trzeba.","Polish Core 3000 · 빈도 #568 · verb · EN: (reflexive) to attempt, to try · KO revised 2026-08-14 · Example generated for quiz","core3000,core-1000,verb"
569,jeść,먹다,"Mogę jeść, jeśli będzie trzeba.",Polish Core 3000 · 빈도 #569 · verb · KO revised 2026-08-14 · Example generated for quiz,"core3000,core-1000,verb"
570,wow,대히트,"Wow, to wygląda świetnie!","Polish Core 3000 · 빈도 #570 · intj · EN: (colloquial, slang, informal) wow · KO revised 2026-08-14 · Example generated for quiz","core3000,core-1000,intj"
571,milion,훌륭하여,To jest milion.,Polish Core 3000 · 빈도 #571 · noun · EN: million (10⁶) · KO revised 2026-08-14 · Example generated for quiz,"core3000,core-1000,noun"
572,tyłek,엉덩이,To jest tyłek.,"Polish Core 3000 · 빈도 #572 · noun · EN: (colloquial) rear, buttocks, butt · KO revised 2026-08-14 · Example generated for quiz","core3000,core-1000,noun"
573,styl,스타일,To jest styl.,Polish Core 3000 · 빈도 #573 · noun · EN: style (manner of expression in writing or speech) · KO revised 2026-08-14 · Example generated for quiz,"core3000,core-1000,noun"
574,zbrodnia,범죄,To jest zbrodnia.,"Polish Core 3000 · 빈도 #574 · noun · EN: crime, felony · KO revised 2026-08-14 · Example generated for quiz","core3000,core-1000,noun"
575,owszem,예,"Owszem, zgadzam się.","Polish Core 3000 · 빈도 #575 · particle · EN: certainly, yes, of course · KO revised 2026-08-14 · Example generated for quiz","core3000,core-1000,particle"
576,uratować,덜다,"Mogę uratować, jeśli będzie trzeba.","Polish Core 3000 · 빈도 #576 · verb · EN: (transitive) to save, to rescue · KO revised 2026-08-14 · Example generated for quiz","core3000,core-1000,verb"
577,interes,볼일,To jest interes.,Polish Core 3000 · 빈도 #577 · noun · EN: business (commercial enterprise) · KO revised 2026-08-14 · Example generated for quiz,"core3000,core-1000,noun"
578,ciążyć,찌뿌둥하다,"Mogę ciążyć, jeśli będzie trzeba.",Polish Core 3000 · 빈도 #578 · verb · EN: (intransitive) to be heavy · KO revised 2026-08-14 · Example generated for quiz,"core3000,core-1000,verb"
579,wyraźnie,똑똑히,On robi to wyraźnie.,"Polish Core 3000 · 빈도 #579 · adv · EN: clearly, expressly, audibly · KO revised 2026-08-14 · Example generated for quiz","core3000,core-1000,adv"
580,przejść,다하다,"Mogę przejść, jeśli będzie trzeba.","Polish Core 3000 · 빈도 #580 · verb · EN: (intransitive) to go through, to pass through · KO revised 2026-08-14 · Example generated for quiz","core3000,core-1000,verb"
581,ogień,불,To jest ogień.,Polish Core 3000 · 빈도 #581 · noun · EN: fire (chemical process) · KO revised 2026-08-14 · Example generated for quiz,"core3000,core-1000,noun"
582,ależ,"정말 / 아니, 그런데 (강조)",Ależ to było szybkie!,Polish Core 3000 · 빈도 #582 · particle · EN: (emphatic) used at the beginning of a sentence for emphasis · KO revised 2026-08-14 · Example generated for quiz,"core3000,core-1000,particle"
583,pies,개,To jest pies.,Polish Core 3000 · 빈도 #583 · noun · EN: a dog (Canis lupus familiaris) · KO revised 2026-08-14 · Example generated for quiz,"core3000,core-1000,noun"
584,brakować,부족하다,"Mogę brakować, jeśli będzie trzeba.","Polish Core 3000 · 빈도 #584 · verb · EN: (impersonal, transitive) to lack, to be out of, to be without [+dative = who], [+genitive = what] · KO revised 2026-08-14 · Example generated for quiz","core3000,core-1000,verb"
585,przyjmować,감수하다,"Mogę przyjmować, jeśli będzie trzeba.","Polish Core 3000 · 빈도 #585 · verb · EN: (transitive) to accept, to receive · KO revised 2026-08-14 · Example generated for quiz","core3000,core-1000,verb"
586,zdobyć,손에 넣다,"Mogę zdobyć, jeśli będzie trzeba.","Polish Core 3000 · 빈도 #586 · verb · EN: (transitive) to obtain, to acquire, to gain · KO revised 2026-08-14 · Example generated for quiz","core3000,core-1000,verb"
587,użyć,사용하다,"Mogę użyć, jeśli będzie trzeba.","Polish Core 3000 · 빈도 #587 · verb · EN: (transitive) to use (employ, apply) · KO revised 2026-08-14 · Example generated for quiz","core3000,core-1000,verb"
588,firma,회사,To jest firma.,Polish Core 3000 · 빈도 #588 · noun · KO revised 2026-08-14 · Example generated for quiz,"core3000,core-1000,noun"
589,potrzeba,필요하다 / ~할 필요가 있다,"Mogę potrzeba, jeśli będzie trzeba.","Polish Core 3000 · 빈도 #589 · verb · EN: (intransitive) Used to express necessity; it is needed, there is a need for · KO revised 2026-08-14 · Example generated for quiz","core3000,core-1000,verb"
590,wstawać,기립하다,"Mogę wstawać, jeśli będzie trzeba.",Polish Core 3000 · 빈도 #590 · verb · EN: (intransitive) to get up (to rise from bed) · KO revised 2026-08-14 · Example generated for quiz,"core3000,core-1000,verb"
591,stamtąd,거기서부터,On robi to stamtąd.,Polish Core 3000 · 빈도 #591 · adv · EN: from there · KO revised 2026-08-14 · Example generated for quiz,"core3000,core-1000,adv"
592,adres,주소,To jest adres.,"Polish Core 3000 · 빈도 #592 · noun · EN: address (direction for letters, a description of the location of a property) · KO revised 2026-08-14 · Example generated for quiz","core3000,core-1000,noun"
593,dosyć,제법,On robi to dosyć.,Polish Core 3000 · 빈도 #593 · adv · EN: quite (to a certain degree) · KO revised 2026-08-14 · Example generated for quiz,"core3000,core-1000,adv"
594,drink,가짜신사,To jest drink.,Polish Core 3000 · 빈도 #594 · noun · EN: cocktail (served alcoholic beverage) · KO revised 2026-08-14 · Example generated for quiz,"core3000,core-1000,noun"
595,osobisty,개인의,W tekście pojawia się określenie „osobisty”.,Polish Core 3000 · 빈도 #595 · adj · EN: (relational) personal (of or pertaining to a particular person) · KO revised 2026-08-14 · Example generated for quiz,"core3000,core-1000,adj"
596,rodzaj,종류,To jest rodzaj.,"Polish Core 3000 · 빈도 #596 · noun · EN: kind, type · KO revised 2026-08-14 · Example generated for quiz","core3000,core-1000,noun"
597,pobliże,부근,To jest pobliże.,"Polish Core 3000 · 빈도 #597 · noun · EN: vicinity, nearby space · KO revised 2026-08-14 · Example generated for quiz","core3000,core-1000,noun"
598,zasada,공리,To jest zasada.,"Polish Core 3000 · 빈도 #598 · noun · EN: principle, rule · KO revised 2026-08-14 · Example generated for quiz","core3000,core-1000,noun"
599,wyjaśnić,설명하다,"Mogę wyjaśnić, jeśli będzie trzeba.","Polish Core 3000 · 빈도 #599 · verb · EN: (transitive) to explain, to clarify · KO revised 2026-08-14 · Example generated for quiz","core3000,core-1000,verb"
600,zespół,팀,To jest zespół.,"Polish Core 3000 · 빈도 #600 · noun · EN: team, band, crew · KO revised 2026-08-14 · Example generated for quiz","core3000,core-1000,noun"
601,śmieszny,웃긴 / 재미있는,W tekście pojawia się określenie „śmieszny”.,Polish Core 3000 · 빈도 #601 · adj · EN: funny · KO revised 2026-08-14 · Example generated for quiz,"core3000,core-1000,adj"
602,atak,공격,To jest atak.,Polish Core 3000 · 빈도 #602 · noun · EN: (attempt to cause damage or injury): attack · KO revised 2026-08-14 · Example generated for quiz,"core3000,core-1000,noun"
603,but,끝쇠,To jest but.,Polish Core 3000 · 빈도 #603 · noun · EN: shoe · KO revised 2026-08-14 · Example generated for quiz,"core3000,core-1000,noun"
604,program,예정,To jest program.,Polish Core 3000 · 빈도 #604 · noun · EN: program (structured set of activities) · KO revised 2026-08-14 · Example generated for quiz,"core3000,core-1000,noun"
605,dziesięć,열,Mam dziesięć minut.,Polish Core 3000 · 빈도 #605 · num · EN: ten · KO revised 2026-08-14 · Example generated for quiz,"core3000,core-1000,num"
606,ładny,예쁜 / 멋진,W tekście pojawia się określenie „ładny”.,Polish Core 3000 · 빈도 #606 · adj · KO revised 2026-08-14 · Example generated for quiz,"core3000,core-1000,adj"
607,puścić,기권하다,"Mogę puścić, jeśli będzie trzeba.","Polish Core 3000 · 빈도 #607 · verb · EN: (transitive) to let go, to release · KO revised 2026-08-14 · Example generated for quiz","core3000,core-1000,verb"
608,siedzieć,앉아 있다 / 앉다,"Mogę siedzieć, jeśli będzie trzeba.","Polish Core 3000 · 빈도 #608 · verb · EN: (intransitive) to sit, to be seated · KO revised 2026-08-14 · Example generated for quiz","core3000,core-1000,verb"
609,mózg,뇌리,To jest mózg.,"Polish Core 3000 · 빈도 #609 · noun · EN: brain (control center of the central nervous system of an animal located in the skull which is responsible for perception, cognition, attention, memor · KO revised 2026-08-14 · Example generated for quiz","core3000,core-1000,noun"
610,laboratorium,연구실,To jest laboratorium.,Polish Core 3000 · 빈도 #610 · noun · EN: laboratory · KO revised 2026-08-14 · Example generated for quiz,"core3000,core-1000,noun"
611,codzienny,매일의,W tekście pojawia się określenie „codzienny”.,"Polish Core 3000 · 빈도 #611 · adj · EN: daily, everyday · KO revised 2026-08-14 · Example generated for quiz","core3000,core-1000,adj"
612,klucz,열쇠,To jest klucz.,Polish Core 3000 · 빈도 #612 · noun · KO revised 2026-08-14 · Example generated for quiz,"core3000,core-1000,noun"
613,prowadzić,지도하다,"Mogę prowadzić, jeśli będzie trzeba.","Polish Core 3000 · 빈도 #613 · verb · EN: (transitive) to lead (to guide or conduct with the hand, or by means of some physical contact connection) · KO revised 2026-08-14 · Example generated for quiz","core3000,core-1000,verb"
614,załatwić,보살피다,"Mogę załatwić, jeśli będzie trzeba.","Polish Core 3000 · 빈도 #614 · verb · EN: (transitive) to take care of, to deal with, to get done · KO revised 2026-08-14 · Example generated for quiz","core3000,core-1000,verb"
615,mieszkanie,아파트 / 주거,To jest mieszkanie.,Polish Core 3000 · 빈도 #615 · noun · KO revised 2026-08-14 · Example generated for quiz,"core3000,core-1000,noun"
616,woleć,선호하다,"Mogę woleć, jeśli będzie trzeba.",Polish Core 3000 · 빈도 #616 · verb · EN: (transitive) to prefer · KO revised 2026-08-14 · Example generated for quiz,"core3000,core-1000,verb"
617,byśmy,가끔했다,W tym zdaniu użyto słowa „byśmy”.,Polish Core 3000 · 빈도 #617 · particle · EN: first-person plural conditional mood marker; would · KO revised 2026-08-14 · Example generated for quiz,"core3000,core-1000,particle"
618,bezpieczeństwo,안전,To jest bezpieczeństwo.,"Polish Core 3000 · 빈도 #618 · noun · EN: safety, security (condition or feeling of being safe) · KO revised 2026-08-14 · Example generated for quiz","core3000,core-1000,noun"
619,decydować,결정하다,"Mogę decydować, jeśli będzie trzeba.",Polish Core 3000 · 빈도 #619 · verb · EN: (intransitive) to decide (to resolve or settle) · KO revised 2026-08-14 · Example generated for quiz,"core3000,core-1000,verb"
620,nauczyć,가르치다,"Mogę nauczyć, jeśli będzie trzeba.","Polish Core 3000 · 빈도 #620 · verb · EN: (transitive, intransitive) to teach · KO revised 2026-08-14 · Example generated for quiz","core3000,core-1000,verb"
621,siadać,앉다,"Mogę siadać, jeśli będzie trzeba.",Polish Core 3000 · 빈도 #621 · verb · EN: (intransitive) to sit down · KO revised 2026-08-14 · Example generated for quiz,"core3000,core-1000,verb"
622,uczuwać,느끼다,"Mogę uczuwać, jeśli będzie trzeba.","Polish Core 3000 · 빈도 #622 · verb · EN: (transitive, dated) to feel (to sense using touch or neurons) · KO revised 2026-08-14 · Example generated for quiz","core3000,core-1000,verb"
623,złapać,걸리다,"Mogę złapać, jeśli będzie trzeba.",Polish Core 3000 · 빈도 #623 · verb · EN: (transitive) to catch (intercept something thrown) · KO revised 2026-08-14 · Example generated for quiz,"core3000,core-1000,verb"
624,koło,원반 레코드,To jest koło.,Polish Core 3000 · 빈도 #624 · noun · EN: (geometry) disk (set of points whose distance from a specified point is less than or equal to a specified length) · KO revised 2026-08-14 · Example generated for quiz,"core3000,core-1000,noun"
625,piwo,맥주,To jest piwo.,Polish Core 3000 · 빈도 #625 · noun · EN: beer · KO revised 2026-08-14 · Example generated for quiz,"core3000,core-1000,noun"
626,siedem,일곱,"Wstaję o siódmej, ale autobus mam o siedem.",Polish Core 3000 · 빈도 #626 · num · EN: seven · KO revised 2026-08-14 · Example generated for quiz,"core3000,core-1000,num"
627,pozbyć,없애다,"Mogę pozbyć, jeśli będzie trzeba.",Polish Core 3000 · 빈도 #627 · verb · EN: (reflexive) to get rid of [+genitive = of what] · KO revised 2026-08-14 · Example generated for quiz,"core3000,core-1000,verb"
628,tuż,대충,On robi to tuż.,"Polish Core 3000 · 빈도 #628 · adv · EN: almost, nearly, right, just · KO revised 2026-08-14 · Example generated for quiz","core3000,core-1000,adv"
629,zniszczyć,헐다,"Mogę zniszczyć, jeśli będzie trzeba.",Polish Core 3000 · 빈도 #629 · verb · EN: (transitive) to destroy (to damage beyond repair) · KO revised 2026-08-14 · Example generated for quiz,"core3000,core-1000,verb"
630,budynek,건물,To jest budynek.,Polish Core 3000 · 빈도 #630 · noun · EN: building · KO revised 2026-08-14 · Example generated for quiz,"core3000,core-1000,noun"
631,ślad,자취,To jest ślad.,"Polish Core 3000 · 빈도 #631 · noun · EN: trace, track · KO revised 2026-08-14 · Example generated for quiz","core3000,core-1000,noun"
632,wolny,느린 / 자유로운,W tekście pojawia się określenie „wolny”.,Polish Core 3000 · 빈도 #632 · adj · KO revised 2026-08-14 · Example generated for quiz,"core3000,core-1000,adj"
633,podobno,상상상,Podobno jutro ma padać.,"Polish Core 3000 · 빈도 #633 · particle · EN: supposedly, apparently, reputedly · KO revised 2026-08-14 · Example generated for quiz","core3000,core-1000,particle"
634,naprawić,수리하다,"Mogę naprawić, jeśli będzie trzeba.","Polish Core 3000 · 빈도 #634 · verb · EN: (transitive) to repair, to mend · KO revised 2026-08-14 · Example generated for quiz","core3000,core-1000,verb"
635,nick,별명,To jest nick.,"Polish Core 3000 · 빈도 #635 · noun · EN: (Internet) nickname (familiar, invented given name) · KO revised 2026-08-14 · Example generated for quiz","core3000,core-1000,noun"
636,przyznać,승인하다,"Mogę przyznać, jeśli będzie trzeba.","Polish Core 3000 · 빈도 #636 · verb · EN: (intransitive) to admit, to acknowledge · KO revised 2026-08-14 · Example generated for quiz","core3000,core-1000,verb"
637,książka,책,To jest książka.,Polish Core 3000 · 빈도 #637 · noun · EN: book · KO revised 2026-08-14 · Example generated for quiz,"core3000,core-1000,noun"
638,jajo,계란,To jest jajo.,Polish Core 3000 · 빈도 #638 · noun · EN: egg · KO revised 2026-08-14 · Example generated for quiz,"core3000,core-1000,noun"
639,kawa,커피,To jest kawa.,Polish Core 3000 · 빈도 #639 · noun · KO revised 2026-08-14 · Example generated for quiz,"core3000,core-1000,noun"
640,lekarz,의사,To jest lekarz.,Polish Core 3000 · 빈도 #640 · noun · KO revised 2026-08-14 · Example generated for quiz,"core3000,core-1000,noun"
641,urodziny,생일,To jest urodziny.,Polish Core 3000 · 빈도 #641 · noun · EN: birthday (anniversary of one's birth) · KO revised 2026-08-14 · Example generated for quiz,"core3000,core-1000,noun"
642,odebrać,되돌리다,"Mogę odebrać, jeśli będzie trzeba.",Polish Core 3000 · 빈도 #642 · verb · EN: (transitive) to take back · KO revised 2026-08-14 · Example generated for quiz,"core3000,core-1000,verb"
643,badać,검사하다 / 조사하다,"Mogę badać, jeśli będzie trzeba.","Polish Core 3000 · 빈도 #643 · verb · EN: (transitive, medicine) to test, to probe (to check or the medical state of a patient or have one's own medical state checked) · KO revised 2026-08-14 · Example generated for quiz","core3000,core-1000,verb"
644,król,왕,To jest król.,Polish Core 3000 · 빈도 #644 · noun · EN: king (male monarch) · KO revised 2026-08-14 · Example generated for quiz,"core3000,core-1000,noun"
645,wobec,앞,Musimy być ostrożni wobec zmian.,Polish Core 3000 · 빈도 #645 · prep · EN: in front of · KO revised 2026-08-14 · Example generated for quiz,"core3000,core-1000,prep"
646,zeszły,지난 / 이전의,W tekście pojawia się określenie „zeszły”.,Polish Core 3000 · 빈도 #646 · adj · EN: last (most recent) · KO revised 2026-08-14 · Example generated for quiz,"core3000,core-1000,adj"
647,ostrożny,조심스러운 / 신중한,W tekście pojawia się określenie „ostrożny”.,"Polish Core 3000 · 빈도 #647 · adj · EN: careful, cautious · KO revised 2026-08-14 · Example generated for quiz","core3000,core-1000,adj"
648,ruch,운동,To jest ruch.,Polish Core 3000 · 빈도 #648 · noun · EN: movement · KO revised 2026-08-14 · Example generated for quiz,"core3000,core-1000,noun"
649,doskonały,완벽하다,W tekście pojawia się określenie „doskonały”.,"Polish Core 3000 · 빈도 #649 · adj · EN: perfect, excellent, flawless · KO revised 2026-08-14 · Example generated for quiz","core3000,core-1000,adj"
650,zginąć,멸망하다,"Mogę zginąć, jeśli będzie trzeba.",Polish Core 3000 · 빈도 #650 · verb · EN: (intransitive) to perish (to be ruined) · KO revised 2026-08-14 · Example generated for quiz,"core3000,core-1000,verb"
651,znak,표시 / 기호 / 신호,To jest znak.,Polish Core 3000 · 빈도 #651 · noun · EN: sign · KO revised 2026-08-14 · Example generated for quiz,"core3000,core-1000,noun"
652,samolot,비행기,To jest samolot.,Polish Core 3000 · 빈도 #652 · noun · KO revised 2026-08-14 · Example generated for quiz,"core3000,core-1000,noun"
653,weekend,주말,To jest weekend.,Polish Core 3000 · 빈도 #653 · noun · EN: weekend · KO revised 2026-08-14 · Example generated for quiz,"core3000,core-1000,noun"
654,kuchnia,주방 / 요리,To jest kuchnia.,Polish Core 3000 · 빈도 #654 · noun · KO revised 2026-08-14 · Example generated for quiz,"core3000,core-1000,noun"
655,zwłaszcza,별로,On robi to zwłaszcza.,"Polish Core 3000 · 빈도 #655 · adv · EN: especially, particularly · KO revised 2026-08-14 · Example generated for quiz","core3000,core-1000,adv"
656,kawał,농담,To jest kawał.,Polish Core 3000 · 빈도 #656 · noun · EN: joke (amusing story) · KO revised 2026-08-14 · Example generated for quiz,"core3000,core-1000,noun"
657,chory,아픈 / 병든,W tekście pojawia się określenie „chory”.,"Polish Core 3000 · 빈도 #657 · adj · EN: ill, sick · KO revised 2026-08-14 · Example generated for quiz","core3000,core-1000,adj"
658,twierdzić,요구하다,"Mogę twierdzić, jeśli będzie trzeba.",Polish Core 3000 · 빈도 #658 · verb · EN: (intransitive) to claim (to state a new fact) · KO revised 2026-08-14 · Example generated for quiz,"core3000,core-1000,verb"
659,słychać,들리다,"Mogę słychać, jeśli będzie trzeba.","Polish Core 3000 · 빈도 #659 · verb · EN: (intransitive) (to be able to) be heard, to be audible · KO revised 2026-08-14 · Example generated for quiz","core3000,core-1000,verb"
660,przygotować,준비하다,"Mogę przygotować, jeśli będzie trzeba.",Polish Core 3000 · 빈도 #660 · verb · EN: (transitive) to prepare · KO revised 2026-08-14 · Example generated for quiz,"core3000,core-1000,verb"
661,detektyw,탐정의,To jest detektyw.,Polish Core 3000 · 빈도 #661 · noun · EN: detective · KO revised 2026-08-14 · Example generated for quiz,"core3000,core-1000,noun"
662,wśród,에 둘러싸여,Wśród ludzi było bardzo głośno.,"Polish Core 3000 · 빈도 #662 · prep · EN: among, amidst · KO revised 2026-08-14 · Example generated for quiz","core3000,core-1000,prep"
663,zadawać,정하다,"Mogę zadawać, jeśli będzie trzeba.","Polish Core 3000 · 빈도 #663 · verb · EN: (transitive) to set, to pose, to give · KO revised 2026-08-14 · Example generated for quiz","core3000,core-1000,verb"
664,wzgląd,대가,To jest wzgląd.,Polish Core 3000 · 빈도 #664 · noun · EN: consideration · KO revised 2026-08-14 · Example generated for quiz,"core3000,core-1000,noun"
665,lunch,점심,To jest lunch.,Polish Core 3000 · 빈도 #665 · noun · EN: lunch (meal around midday) · KO revised 2026-08-14 · Example generated for quiz,"core3000,core-1000,noun"
666,odzyskać,되찾다,"Mogę odzyskać, jeśli będzie trzeba.","Polish Core 3000 · 빈도 #666 · verb · EN: (transitive) to regain, to recover, to retrieve, to win back, to get something back · KO revised 2026-08-14 · Example generated for quiz","core3000,core-1000,verb"
667,oprócz,이외,Oprócz kawy poproszę wodę.,"Polish Core 3000 · 빈도 #667 · prep · EN: except, apart from, but · KO revised 2026-08-14 · Example generated for quiz","core3000,core-1000,prep"
668,podać,지내다,"Mogę podać, jeśli będzie trzeba.","Polish Core 3000 · 빈도 #668 · verb · EN: (transitive) to pass, to hand · KO revised 2026-08-14 · Example generated for quiz","core3000,core-1000,verb"
669,założyć,신다,"Mogę założyć, jeśli będzie trzeba.",Polish Core 3000 · 빈도 #669 · verb · EN: (transitive) to put on; to put clothing or equipment on a person or animal · KO revised 2026-08-14 · Example generated for quiz,"core3000,core-1000,verb"
670,święto,휴일,To jest święto.,"Polish Core 3000 · 빈도 #670 · noun · EN: holiday (e.g., Easter, Christmas, National holiday) · KO revised 2026-08-14 · Example generated for quiz","core3000,core-1000,noun"
671,raport,보고,To jest raport.,Polish Core 3000 · 빈도 #671 · noun · EN: report · KO revised 2026-08-14 · Example generated for quiz,"core3000,core-1000,noun"
672,fakt,사실,To jest fakt.,Polish Core 3000 · 빈도 #672 · noun · EN: fact · KO revised 2026-08-14 · Example generated for quiz,"core3000,core-1000,noun"
673,oddać,복귀하다,"Mogę oddać, jeśli będzie trzeba.","Polish Core 3000 · 빈도 #673 · verb · EN: (transitive) to give back, to return · KO revised 2026-08-14 · Example generated for quiz","core3000,core-1000,verb"
674,różny,여러 가지의,W tekście pojawia się określenie „różny”.,Polish Core 3000 · 빈도 #674 · adj · EN: various · KO revised 2026-08-14 · Example generated for quiz,"core3000,core-1000,adj"
675,przysługa,부탁,To jest przysługa.,"Polish Core 3000 · 빈도 #675 · noun · EN: (UK) favour, (US) favor (deed in which help is voluntarily provided) · KO revised 2026-08-14 · Example generated for quiz","core3000,core-1000,noun"
676,kość,뼈,To jest kość.,Polish Core 3000 · 빈도 #676 · noun · EN: bone · KO revised 2026-08-14 · Example generated for quiz,"core3000,core-1000,noun"
677,zgodny,조화되다,W tekście pojawia się określenie „zgodny”.,"Polish Core 3000 · 빈도 #677 · adj · EN: in agreement, harmonious, consistent, concordant · KO revised 2026-08-14 · Example generated for quiz","core3000,core-1000,adj"
678,wrazić,밀어 넣다 (구식),"Mogę wrazić, jeśli będzie trzeba.","Polish Core 3000 · 빈도 #678 · verb · EN: (transitive, dated) to push into something · KO revised 2026-08-14 · Example generated for quiz","core3000,core-1000,verb"
679,sprawiać,유발하다,"Mogę sprawiać, jeśli będzie trzeba.",Polish Core 3000 · 빈도 #679 · verb · EN: (transitive) to cause; to make happen · KO revised 2026-08-14 · Example generated for quiz,"core3000,core-1000,verb"
680,krok,단계,To jest krok.,Polish Core 3000 · 빈도 #680 · noun · EN: step · KO revised 2026-08-14 · Example generated for quiz,"core3000,core-1000,noun"
681,wynik,결과,To jest wynik.,Polish Core 3000 · 빈도 #681 · noun · EN: result ((that which results) · KO revised 2026-08-14 · Example generated for quiz,"core3000,core-1000,noun"
682,wygrać,이기다,"Mogę wygrać, jeśli będzie trzeba.",Polish Core 3000 · 빈도 #682 · verb · EN: (transitive) to win (a prize) · KO revised 2026-08-14 · Example generated for quiz,"core3000,core-1000,verb"
683,rząd,줄,To jest rząd.,Polish Core 3000 · 빈도 #683 · noun · EN: row · KO revised 2026-08-14 · Example generated for quiz,"core3000,core-1000,noun"
684,rozmowa,대화,To jest rozmowa.,Polish Core 3000 · 빈도 #684 · noun · EN: conversation · KO revised 2026-08-14 · Example generated for quiz,"core3000,core-1000,noun"
685,rozkaz,명령,To jest rozkaz.,"Polish Core 3000 · 빈도 #685 · noun · EN: order, command · KO revised 2026-08-14 · Example generated for quiz","core3000,core-1000,noun"
686,podróż,도정,To jest podróż.,"Polish Core 3000 · 빈도 #686 · noun · EN: journey, travel, trip · KO revised 2026-08-14 · Example generated for quiz","core3000,core-1000,noun"
687,dawny,옛날의 / 이전의,W tekście pojawia się określenie „dawny”.,"Polish Core 3000 · 빈도 #687 · adj · EN: past, former, distant (in time) · KO revised 2026-08-14 · Example generated for quiz","core3000,core-1000,adj"
688,agent,대리인,To jest agent.,Polish Core 3000 · 빈도 #688 · noun · EN: (espionage) agent (someone who works for an intelligence agency) · KO revised 2026-08-14 · Example generated for quiz,"core3000,core-1000,noun"
689,doceniać,알아주다,"Mogę doceniać, jeśli będzie trzeba.",Polish Core 3000 · 빈도 #689 · verb · EN: (transitive) to appreciate (to be grateful for something) · KO revised 2026-08-14 · Example generated for quiz,"core3000,core-1000,verb"
690,grupa,반,To jest grupa.,Polish Core 3000 · 빈도 #690 · noun · EN: group (number of things or persons being in some relation to one another) · KO revised 2026-08-14 · Example generated for quiz,"core3000,core-1000,noun"
691,decyzja,확정,To jest decyzja.,Polish Core 3000 · 빈도 #691 · noun · EN: decision (choice or judgement) · KO revised 2026-08-14 · Example generated for quiz,"core3000,core-1000,noun"
692,iż,그,"Wiadomo, iż decyzja jest ostateczna.",Polish Core 3000 · 빈도 #692 · conj · EN: (literary) Introduces a nounal subordinate clause; that · KO revised 2026-08-14 · Example generated for quiz,"core3000,core-1000,conj"
693,udział,참가,To jest udział.,Polish Core 3000 · 빈도 #693 · noun · EN: participation · KO revised 2026-08-14 · Example generated for quiz,"core3000,core-1000,noun"
694,możliwość,시기,To jest możliwość.,"Polish Core 3000 · 빈도 #694 · noun · EN: chance, occasion, opportunity (chance for advancement, progress or profit) · KO revised 2026-08-14 · Example generated for quiz","core3000,core-1000,noun"
695,kat,실행자,To jest kat.,"Polish Core 3000 · 빈도 #695 · noun · EN: executioner, hangman, headsman · KO revised 2026-08-14 · Example generated for quiz","core3000,core-1000,noun"
696,chętny,기꺼이 하는,W tekście pojawia się określenie „chętny”.,Polish Core 3000 · 빈도 #696 · adj · EN: willing · KO revised 2026-08-14 · Example generated for quiz,"core3000,core-1000,adj"
697,błagać,간청하다,"Mogę błagać, jeśli będzie trzeba.","Polish Core 3000 · 빈도 #697 · verb · EN: (transitive) to beseech, to plead, to beg [+ o (accusative) = for what] or [+genitive = for what] [+ żeby (object) = to do what] · KO revised 2026-08-14 · Example generated for quiz","core3000,core-1000,verb"
698,zapłacić,지급하다,"Mogę zapłacić, jeśli będzie trzeba.",Polish Core 3000 · 빈도 #698 · verb · EN: (transitive) to pay (to give money in exchange for goods or services) · KO revised 2026-08-14 · Example generated for quiz,"core3000,core-1000,verb"
699,dumny,거만한,W tekście pojawia się określenie „dumny”.,Polish Core 3000 · 빈도 #699 · adj · EN: proud (feeling pride) · KO revised 2026-08-14 · Example generated for quiz,"core3000,core-1000,adj"
700,liczyć,세다,"Mogę liczyć, jeśli będzie trzeba.",Polish Core 3000 · 빈도 #700 · verb · EN: (transitive) to count (to enumerate or determine number) · KO revised 2026-08-14 · Example generated for quiz,"core3000,core-1000,verb"
701,kasa,계산대,To jest kasa.,Polish Core 3000 · 빈도 #701 · noun · EN: cash desk; checkout · KO revised 2026-08-14 · Example generated for quiz,"core3000,core-1000,noun"
702,cud,기적,To jest cud.,Polish Core 3000 · 빈도 #702 · noun · EN: miracle · KO revised 2026-08-14 · Example generated for quiz,"core3000,core-1000,noun"
703,prezydent,대통령,To jest prezydent.,Polish Core 3000 · 빈도 #703 · noun · EN: president (leader of the country) · KO revised 2026-08-14 · Example generated for quiz,"core3000,core-1000,noun"
704,wydarzyć,생기다,"Mogę wydarzyć, jeśli będzie trzeba.","Polish Core 3000 · 빈도 #704 · verb · EN: (reflexive) to happen, to occur, to take place · KO revised 2026-08-14 · Example generated for quiz","core3000,core-1000,verb"
705,dzwonić,전화하다 / 울리다,"Mogę dzwonić, jeśli będzie trzeba.",Polish Core 3000 · 빈도 #705 · verb · KO revised 2026-08-14 · Example generated for quiz,"core3000,core-1000,verb"
706,kontakt,연락 / 접촉,To jest kontakt.,Polish Core 3000 · 빈도 #706 · noun · EN: contact (an establishment of communication) · KO revised 2026-08-14 · Example generated for quiz,"core3000,core-1000,noun"
707,napis,등록공채,To jest napis.,"Polish Core 3000 · 빈도 #707 · noun · EN: short piece of text, inscription · KO revised 2026-08-14 · Example generated for quiz","core3000,core-1000,noun"
708,karta,카드,To jest karta.,Polish Core 3000 · 빈도 #708 · noun · EN: card · KO revised 2026-08-14 · Example generated for quiz,"core3000,core-1000,noun"
709,sygnał,신호,To jest sygnał.,Polish Core 3000 · 빈도 #709 · noun · EN: signal · KO revised 2026-08-14 · Example generated for quiz,"core3000,core-1000,noun"
710,osiem,여덟,Praca zaczyna się o osiem.,Polish Core 3000 · 빈도 #710 · num · EN: eight · KO revised 2026-08-14 · Example generated for quiz,"core3000,core-1000,num"
711,słoń,코끼리,To jest słoń.,"Polish Core 3000 · 빈도 #711 · noun · EN: elephant, elephantid (any member of the family Elephantidae) · KO revised 2026-08-14 · Example generated for quiz","core3000,core-1000,noun"
712,ochrona,보호,To jest ochrona.,Polish Core 3000 · 빈도 #712 · noun · EN: protection · KO revised 2026-08-14 · Example generated for quiz,"core3000,core-1000,noun"
713,pora,~할 시간이다 / 때다,"Mogę pora, jeśli będzie trzeba.",Polish Core 3000 · 빈도 #713 · verb · EN: (intransitive) it is time · KO revised 2026-08-14 · Example generated for quiz,"core3000,core-1000,verb"
714,ochota,소망,To jest ochota.,"Polish Core 3000 · 빈도 #714 · noun · EN: desire, will, willingness · KO revised 2026-08-14 · Example generated for quiz","core3000,core-1000,noun"
715,potrzebny,필요한,W tekście pojawia się określenie „potrzebny”.,Polish Core 3000 · 빈도 #715 · adj · EN: necessary · KO revised 2026-08-14 · Example generated for quiz,"core3000,core-1000,adj"
716,zabawa,놀이 / 재미,To jest zabawa.,"Polish Core 3000 · 빈도 #716 · noun · EN: (uncountable) fun, amusement · KO revised 2026-08-14 · Example generated for quiz","core3000,core-1000,noun"
717,rzeczywisty,실제의 / 현실의,W tekście pojawia się określenie „rzeczywisty”.,"Polish Core 3000 · 빈도 #717 · adj · EN: real, actual (existing objectively) · KO revised 2026-08-14 · Example generated for quiz","core3000,core-1000,adj"
718,przypadek,마당,To jest przypadek.,"Polish Core 3000 · 빈도 #718 · noun · EN: instance, case · KO revised 2026-08-14 · Example generated for quiz","core3000,core-1000,noun"
719,niewiele,몇,Niewiele osób o tym wie.,"Polish Core 3000 · 빈도 #719 · pron · EN: not many, few, little [+genitive] · KO revised 2026-08-14 · Example generated for quiz","core3000,core-1000,pron"
720,stracić,잃다,"Mogę stracić, jeśli będzie trzeba.",Polish Core 3000 · 빈도 #720 · verb · EN: (transitive) to lose (to cause something to cease to be in one's possession or capability) · KO revised 2026-08-14 · Example generated for quiz,"core3000,core-1000,verb"
721,tamten,그,Tamten budynek jest bardzo stary.,"Polish Core 3000 · 빈도 #721 · pron · EN: that, that one · KO revised 2026-08-14 · Example generated for quiz","core3000,core-1000,pron"
722,bezpieczny,안전한,W tekście pojawia się określenie „bezpieczny”.,"Polish Core 3000 · 빈도 #722 · adj · EN: safe, secure (not in or posing danger or risk) · KO revised 2026-08-14 · Example generated for quiz","core3000,core-1000,adj"
723,okno,창문,To jest okno.,Polish Core 3000 · 빈도 #723 · noun · KO revised 2026-08-14 · Example generated for quiz,"core3000,core-1000,noun"
724,obraza,모욕 / 모욕죄,To jest obraza.,"Polish Core 3000 · 빈도 #724 · noun · EN: insult, affront · KO revised 2026-08-14 · Example generated for quiz","core3000,core-1000,noun"
725,zazwyczaj,보통,On robi to zazwyczaj.,Polish Core 3000 · 빈도 #725 · adv · EN: usually · KO revised 2026-08-14 · Example generated for quiz,"core3000,core-1000,adv"
726,leżeć,가공하다,"Mogę leżeć, jeśli będzie trzeba.",Polish Core 3000 · 빈도 #726 · verb · EN: (intransitive) to lie (to be in horizontal position) · KO revised 2026-08-14 · Example generated for quiz,"core3000,core-1000,verb"
727,zastanawiać,신비화하다,"Mogę zastanawiać, jeśli będzie trzeba.","Polish Core 3000 · 빈도 #727 · verb · EN: (transitive) to mystify, to bewilder · KO revised 2026-08-14 · Example generated for quiz","core3000,core-1000,verb"
728,poradzić,조언하다 / 해결하다,"Mogę poradzić, jeśli będzie trzeba.","Polish Core 3000 · 빈도 #728 · verb · EN: (transitive) to advise, to counsel · KO revised 2026-08-14 · Example generated for quiz","core3000,core-1000,verb"
729,przekonać,납득하다,"Mogę przekonać, jeśli będzie trzeba.",Polish Core 3000 · 빈도 #729 · verb · EN: (transitive) to convince · KO revised 2026-08-14 · Example generated for quiz,"core3000,core-1000,verb"
730,wynosić,합계이 되다,"Mogę wynosić, jeśli będzie trzeba.","Polish Core 3000 · 빈도 #730 · verb · EN: (transitive) to total, amount · KO revised 2026-08-14 · Example generated for quiz","core3000,core-1000,verb"
731,wart,값,To jest wart.,Polish Core 3000 · 빈도 #731 · noun · EN: the main current of a river · KO revised 2026-08-14 · Example generated for quiz,"core3000,core-1000,noun"
732,kazać,주문하다,"Mogę kazać, jeśli będzie trzeba.","Polish Core 3000 · 빈도 #732 · verb · EN: (intransitive) to order, to tell someone to do something [+dative = someone] · KO revised 2026-08-14 · Example generated for quiz","core3000,core-1000,verb"
733,wybrać,선택하다,"Mogę wybrać, jeśli będzie trzeba.",Polish Core 3000 · 빈도 #733 · verb · EN: (transitive) to choose · KO revised 2026-08-14 · Example generated for quiz,"core3000,core-1000,verb"
734,zdrowie,건강,To jest zdrowie.,Polish Core 3000 · 빈도 #734 · noun · KO revised 2026-08-14 · Example generated for quiz,"core3000,core-1000,noun"
735,wiec,곪음,To jest wiec.,"Polish Core 3000 · 빈도 #735 · noun · EN: gathering, rally · KO revised 2026-08-14 · Example generated for quiz","core3000,core-1000,noun"
736,opuścić,포기하다,"Mogę opuścić, jeśli będzie trzeba.","Polish Core 3000 · 빈도 #736 · verb · EN: (transitive) to abandon, to leave · KO revised 2026-08-14 · Example generated for quiz","core3000,core-1000,verb"
737,okolica,분위기,To jest okolica.,"Polish Core 3000 · 빈도 #737 · noun · EN: surroundings, vicinity, neighbourhood · KO revised 2026-08-14 · Example generated for quiz","core3000,core-1000,noun"
738,zimny,차가운,W tekście pojawia się określenie „zimny”.,Polish Core 3000 · 빈도 #738 · adj · KO revised 2026-08-14 · Example generated for quiz,"core3000,core-1000,adj"
739,test,시험,To jest test.,Polish Core 3000 · 빈도 #739 · noun · EN: test · KO revised 2026-08-14 · Example generated for quiz,"core3000,core-1000,noun"
740,wyprawiać,보내다 / 떠나보내다,"Mogę wyprawiać, jeśli będzie trzeba.","Polish Core 3000 · 빈도 #740 · verb · EN: (transitive) to pack off, to send away · KO revised 2026-08-14 · Example generated for quiz","core3000,core-1000,verb"
741,niespodzianka,기습,To jest niespodzianka.,Polish Core 3000 · 빈도 #741 · noun · EN: surprise · KO revised 2026-08-14 · Example generated for quiz,"core3000,core-1000,noun"
742,doczekać,~할 때까지 기다리다,"Mogę doczekać, jeśli będzie trzeba.","Polish Core 3000 · 빈도 #742 · verb · EN: (transitive) to wait until a specific, expected moment [+genitive] · KO revised 2026-08-14 · Example generated for quiz","core3000,core-1000,verb"
743,wysłać,부치다,"Mogę wysłać, jeśli będzie trzeba.",Polish Core 3000 · 빈도 #743 · verb · EN: (transitive) to send · KO revised 2026-08-14 · Example generated for quiz,"core3000,core-1000,verb"
744,zaufać,믿다 / 신뢰하다,"Mogę zaufać, jeśli będzie trzeba.",Polish Core 3000 · 빈도 #744 · verb · EN: (transitive) to trust (to place confidence in) [+dative] or [+ w (object)] [+accusative] · KO revised 2026-08-14 · Example generated for quiz,"core3000,core-1000,verb"
745,zmiana,변화 / 변경 / 교대,To jest zmiana.,"Polish Core 3000 · 빈도 #745 · noun · EN: change, shift (the quality of not being the same as before) · KO revised 2026-08-14 · Example generated for quiz","core3000,core-1000,noun"
746,oglądać,목도하다,"Mogę oglądać, jeśli będzie trzeba.",Polish Core 3000 · 빈도 #746 · verb · EN: (transitive) to watch (to look at for a period of time) · KO revised 2026-08-14 · Example generated for quiz,"core3000,core-1000,verb"
747,dolec,달러 (구어),To jest dolec.,Polish Core 3000 · 빈도 #747 · noun · EN: (colloquial) U.S. dollar · KO revised 2026-08-14 · Example generated for quiz,"core3000,core-1000,noun"
748,przynieść,데리고오다,"Mogę przynieść, jeśli będzie trzeba.","Polish Core 3000 · 빈도 #748 · verb · EN: (transitive) to bring, to fetch · KO revised 2026-08-14 · Example generated for quiz","core3000,core-1000,verb"
749,poziom,수준,To jest poziom.,Polish Core 3000 · 빈도 #749 · noun · EN: level (degree or amount) · KO revised 2026-08-14 · Example generated for quiz,"core3000,core-1000,noun"
750,przód,앞쪽,To jest przód.,"Polish Core 3000 · 빈도 #750 · noun · EN: front, fore · KO revised 2026-08-14 · Example generated for quiz","core3000,core-1000,noun"
751,przyjemność,즐거움,To jest przyjemność.,Polish Core 3000 · 빈도 #751 · noun · EN: pleasure · KO revised 2026-08-14 · Example generated for quiz,"core3000,core-1000,noun"
752,akurat,마침,Akurat mam teraz chwilę.,"Polish Core 3000 · 빈도 #752 · particle · EN: used to emphasize the accuracy of information: just, exactly, precisely, to be exact, to be precise · KO revised 2026-08-14 · Example generated for quiz","core3000,core-1000,particle"
753,pytać,묻다,"Mogę pytać, jeśli będzie trzeba.",Polish Core 3000 · 빈도 #753 · verb · KO revised 2026-08-14 · Example generated for quiz,"core3000,core-1000,verb"
754,zemrzeć,죽다,"Mogę zemrzeć, jeśli będzie trzeba.","Polish Core 3000 · 빈도 #754 · verb · EN: (intransitive, literary) to die (to stop living) · KO revised 2026-08-14 · Example generated for quiz","core3000,core-1000,verb"
755,naśmiecić,낳다,"Mogę naśmiecić, jeśli będzie trzeba.",Polish Core 3000 · 빈도 #755 · verb · EN: (intransitive) to litter (to drop or throw trash without properly disposing of it) · KO revised 2026-08-14 · Example generated for quiz,"core3000,core-1000,verb"
756,przeszłość,과거,To jest przeszłość.,"Polish Core 3000 · 빈도 #756 · noun · EN: past (period of time that has already happened, in contrast to the present and the future) · KO revised 2026-08-14 · Example generated for quiz","core3000,core-1000,noun"
757,operacja,가동,To jest operacja.,Polish Core 3000 · 빈도 #757 · noun · EN: operation · KO revised 2026-08-14 · Example generated for quiz,"core3000,core-1000,noun"
758,małżeństwo,결혼,To jest małżeństwo.,Polish Core 3000 · 빈도 #758 · noun · EN: marriage · KO revised 2026-08-14 · Example generated for quiz,"core3000,core-1000,noun"
759,wątpić,의심하다,"Mogę wątpić, jeśli będzie trzeba.","Polish Core 3000 · 빈도 #759 · verb · EN: (intransitive) to doubt (to disbelieve, question or suspect) · KO revised 2026-08-14 · Example generated for quiz","core3000,core-1000,verb"
760,wewnątrz,속,On robi to wewnątrz.,Polish Core 3000 · 빈도 #760 · adv · EN: inside · KO revised 2026-08-14 · Example generated for quiz,"core3000,core-1000,adv"
761,długi,긴 / 오랜,W tekście pojawia się określenie „długi”.,Polish Core 3000 · 빈도 #761 · adj · EN: long (of large physical length) · KO revised 2026-08-14 · Example generated for quiz,"core3000,core-1000,adj"
762,ów,그,Ów człowiek pracował tutaj wiele lat.,"Polish Core 3000 · 빈도 #762 · pron · EN: (literary) that, the aforementioned · KO revised 2026-08-14 · Example generated for quiz","core3000,core-1000,pron"
763,zapewne,아마,Zapewne wróci później.,"Polish Core 3000 · 빈도 #763 · particle · EN: (literary) arguably, belike, probably; presumption of the speaker that the judgment communicated in the sentence is true · KO revised 2026-08-14 · Example generated for quiz","core3000,core-1000,particle"
764,ej,야아,"Ej, poczekaj na mnie!",Polish Core 3000 · 빈도 #764 · intj · EN: expresses annoyance or displeasure · KO revised 2026-08-14 · Example generated for quiz,"core3000,core-1000,intj"
765,wydostać,내놓다,"Mogę wydostać, jeśli będzie trzeba.","Polish Core 3000 · 빈도 #765 · verb · EN: (transitive) to take out, to extract · KO revised 2026-08-14 · Example generated for quiz","core3000,core-1000,verb"
766,auto,자동차,To jest auto.,"Polish Core 3000 · 빈도 #766 · noun · EN: (colloquial) car, automobile · KO revised 2026-08-14 · Example generated for quiz","core3000,core-1000,noun"
767,szalony,반한,W tekście pojawia się określenie „szalony”.,"Polish Core 3000 · 빈도 #767 · adj · EN: crazy, mad, insane · KO revised 2026-08-14 · Example generated for quiz","core3000,core-1000,adj"
768,porucznik,대위,To jest porucznik.,Polish Core 3000 · 빈도 #768 · noun · EN: lieutenant · KO revised 2026-08-14 · Example generated for quiz,"core3000,core-1000,noun"
769,linia,줄,To jest linia.,Polish Core 3000 · 빈도 #769 · noun · EN: line (path through two or more points) · KO revised 2026-08-14 · Example generated for quiz,"core3000,core-1000,noun"
770,bank,은행,To jest bank.,"Polish Core 3000 · 빈도 #770 · noun · EN: bank (financial building, institution, or staff) · KO revised 2026-08-14 · Example generated for quiz","core3000,core-1000,noun"
771,telewizja,텔레비전,To jest telewizja.,Polish Core 3000 · 빈도 #771 · noun · EN: television (medium) · KO revised 2026-08-14 · Example generated for quiz,"core3000,core-1000,noun"
772,absolutny,절대적인,W tekście pojawia się określenie „absolutny”.,Polish Core 3000 · 빈도 #772 · adj · EN: absolute (entire) · KO revised 2026-08-14 · Example generated for quiz,"core3000,core-1000,adj"
773,indziej,다른 곳·때 (복합 부사 구성),W tym zdaniu użyto słowa „indziej”.,"Polish Core 3000 · 빈도 #773 · particle · EN: A component of some compound adverbs, e.g. gdzie indziej, kiedy indziej. · KO revised 2026-08-14 · Example generated for quiz","core3000,core-1000,particle"
774,zniknąć,사라지다,"Mogę zniknąć, jeśli będzie trzeba.","Polish Core 3000 · 빈도 #774 · verb · EN: (intransitive) to disappear, to vanish · KO revised 2026-08-14 · Example generated for quiz","core3000,core-1000,verb"
775,głodny,공복의,W tekście pojawia się określenie „głodny”.,Polish Core 3000 · 빈도 #775 · adj · EN: hungry · KO revised 2026-08-14 · Example generated for quiz,"core3000,core-1000,adj"
776,odłożyć,보충하다,"Mogę odłożyć, jeśli będzie trzeba.","Polish Core 3000 · 빈도 #776 · verb · EN: (transitive) to put back, to replace · KO revised 2026-08-14 · Example generated for quiz","core3000,core-1000,verb"
777,umieć,알다,"Mogę umieć, jeśli będzie trzeba.","Polish Core 3000 · 빈도 #777 · verb · EN: (transitive) to know, to be able to, to know how (to do), can (have learnt) · KO revised 2026-08-14 · Example generated for quiz","core3000,core-1000,verb"
778,kierunek,쪽,To jest kierunek.,Polish Core 3000 · 빈도 #778 · noun · EN: direction (indication of the point toward which an object is moving) · KO revised 2026-08-14 · Example generated for quiz,"core3000,core-1000,noun"
779,randka,날짜,To jest randka.,"Polish Core 3000 · 빈도 #779 · noun · EN: date, tryst (romantic meeting) · KO revised 2026-08-14 · Example generated for quiz","core3000,core-1000,noun"
780,klasa,층,To jest klasa.,Polish Core 3000 · 빈도 #780 · noun · EN: class (all meanings except: a series of lessons) · KO revised 2026-08-14 · Example generated for quiz,"core3000,core-1000,noun"
781,impreza,담당,To jest impreza.,"Polish Core 3000 · 빈도 #781 · noun · EN: (obsolete) undertaking, venture · KO revised 2026-08-14 · Example generated for quiz","core3000,core-1000,noun"
782,sala,교사,To jest sala.,Polish Core 3000 · 빈도 #782 · noun · EN: hall (e.g. lecture or assembly) · KO revised 2026-08-14 · Example generated for quiz,"core3000,core-1000,noun"
783,szaleństwo,광기,To jest szaleństwo.,Polish Core 3000 · 빈도 #783 · noun · EN: madness · KO revised 2026-08-14 · Example generated for quiz,"core3000,core-1000,noun"
784,lewo,왼쪽,W tekście pojawia się słowo „lewo”.,Polish Core 3000 · 빈도 #784 · core · KO revised 2026-08-14 · Example generated for quiz,"core3000,core-1000,core"
785,szczególny,특별한 / 특정한,W tekście pojawia się określenie „szczególny”.,"Polish Core 3000 · 빈도 #785 · adj · EN: special, particular, peculiar · KO revised 2026-08-14 · Example generated for quiz","core3000,core-1000,adj"
786,boski,성스럽다,W tekście pojawia się określenie „boski”.,"Polish Core 3000 · 빈도 #786 · adj · EN: (not comparable) divine, godlike · KO revised 2026-08-14 · Example generated for quiz","core3000,core-1000,adj"
787,utrzymać,간수하다,"Mogę utrzymać, jeśli będzie trzeba.","Polish Core 3000 · 빈도 #787 · verb · EN: (transitive) to maintain, to keep · KO revised 2026-08-14 · Example generated for quiz","core3000,core-1000,verb"
788,hmm,음… / 흠…,"Hmm, muszę się zastanowić.",Polish Core 3000 · 빈도 #788 · intj · EN: hmm (indicating thinking or pondering) · KO revised 2026-08-14 · Example generated for quiz,"core3000,core-1000,intj"
789,muzyk,음악가,To jest muzyk.,Polish Core 3000 · 빈도 #789 · noun · EN: musician · KO revised 2026-08-14 · Example generated for quiz,"core3000,core-1000,noun"
790,okropny,끔찍한 / 지독한,W tekście pojawia się określenie „okropny”.,Polish Core 3000 · 빈도 #790 · adj · EN: terrible · KO revised 2026-08-14 · Example generated for quiz,"core3000,core-1000,adj"
791,zgoda,허락,To jest zgoda.,"Polish Core 3000 · 빈도 #791 · noun · EN: consent, agreement (state of understanding) · KO revised 2026-08-14 · Example generated for quiz","core3000,core-1000,noun"
792,wprost,직접,On robi to wprost.,"Polish Core 3000 · 빈도 #792 · adv · EN: directly, direct · KO revised 2026-08-14 · Example generated for quiz","core3000,core-1000,adv"
793,pić,마시다,"Mogę pić, jeśli będzie trzeba.",Polish Core 3000 · 빈도 #793 · verb · KO revised 2026-08-14 · Example generated for quiz,"core3000,core-1000,verb"
794,widok,전망,To jest widok.,Polish Core 3000 · 빈도 #794 · noun · EN: view (something to look at) · KO revised 2026-08-14 · Example generated for quiz,"core3000,core-1000,noun"
795,interesować,관심을 끌다 / 흥미를 주다,"Mogę interesować, jeśli będzie trzeba.",Polish Core 3000 · 빈도 #795 · verb · EN: (transitive) to interest · KO revised 2026-08-14 · Example generated for quiz,"core3000,core-1000,verb"
796,punkt,점재,To jest punkt.,Polish Core 3000 · 빈도 #796 · noun · EN: dot · KO revised 2026-08-14 · Example generated for quiz,"core3000,core-1000,noun"
797,umysł,발달,To jest umysł.,Polish Core 3000 · 빈도 #797 · noun · EN: mind · KO revised 2026-08-14 · Example generated for quiz,"core3000,core-1000,noun"
798,udowodnić,증명하다,"Mogę udowodnić, jeśli będzie trzeba.","Polish Core 3000 · 빈도 #798 · verb · EN: (transitive) to prove, to evidence · KO revised 2026-08-14 · Example generated for quiz","core3000,core-1000,verb"
799,umowa,계약,To jest umowa.,Polish Core 3000 · 빈도 #799 · noun · KO revised 2026-08-14 · Example generated for quiz,"core3000,core-1000,noun"
800,wraz,같이,On robi to wraz.,Polish Core 3000 · 빈도 #800 · adv · EN: together · KO revised 2026-08-14 · Example generated for quiz,"core3000,core-1000,adv"
801,liceum,일반계 고등학교,To jest liceum.,"Polish Core 3000 · 빈도 #801 · noun · EN: a type of four-year high school in Poland, starting at the age of 14-15, and following szkoła podstawowa · KO revised 2026-08-14 · Example generated for quiz","core3000,core-1000,noun"
802,różnica,차이,To jest różnica.,Polish Core 3000 · 빈도 #802 · noun · EN: difference (distinguishing property) · KO revised 2026-08-14 · Example generated for quiz,"core3000,core-1000,noun"
803,minąć,지내다,"Mogę minąć, jeśli będzie trzeba.","Polish Core 3000 · 빈도 #803 · verb · EN: (transitive) to pass, to pass by, to go past · KO revised 2026-08-14 · Example generated for quiz","core3000,core-1000,verb"
804,rzucić,던지다,"Mogę rzucić, jeśli będzie trzeba.","Polish Core 3000 · 빈도 #804 · verb · EN: (transitive) to throw, to pitch, to toss · KO revised 2026-08-14 · Example generated for quiz","core3000,core-1000,verb"
805,mucha,파리(곤충),To jest mucha.,Polish Core 3000 · 빈도 #805 · noun · EN: fly · KO revised 2026-08-14 · Example generated for quiz,"core3000,core-1000,noun"
806,państwo,상태,To jest państwo.,"Polish Core 3000 · 빈도 #806 · noun · EN: state, country (sovereign polity) · KO revised 2026-08-14 · Example generated for quiz","core3000,core-1000,noun"
807,mecz,경기 / 시합,To jest mecz.,Polish Core 3000 · 빈도 #807 · noun · EN: (sports) match (sporting event) · KO revised 2026-08-14 · Example generated for quiz,"core3000,core-1000,noun"
808,dostęp,접근 / 이용 권한,To jest dostęp.,Polish Core 3000 · 빈도 #808 · noun · EN: access (way or means of approaching) · KO revised 2026-08-14 · Example generated for quiz,"core3000,core-1000,noun"
809,naprzód,앞으로,On robi to naprzód.,Polish Core 3000 · 빈도 #809 · adv · KO revised 2026-08-14 · Example generated for quiz,"core3000,core-1000,adv"
810,nóż,칼,To jest nóż.,Polish Core 3000 · 빈도 #810 · noun · EN: knife · KO revised 2026-08-14 · Example generated for quiz,"core3000,core-1000,noun"
811,bawić,간직하다,"Mogę bawić, jeśli będzie trzeba.",Polish Core 3000 · 빈도 #811 · verb · EN: (transitive) to amuse (to cause a feeling of lightheartedness or humor) · KO revised 2026-08-14 · Example generated for quiz,"core3000,core-1000,verb"
812,zachować,견디다,"Mogę zachować, jeśli będzie trzeba.","Polish Core 3000 · 빈도 #812 · verb · EN: (transitive) to keep, to maintain, to preserve · KO revised 2026-08-14 · Example generated for quiz","core3000,core-1000,verb"
813,ubranie,옷,To jest ubranie.,Polish Core 3000 · 빈도 #813 · noun · EN: clothes · KO revised 2026-08-14 · Example generated for quiz,"core3000,core-1000,noun"
814,akta,일건 서류,To jest akta.,Polish Core 3000 · 빈도 #814 · noun · EN: dossier (collection of documents related to a person or situation) · KO revised 2026-08-14 · Example generated for quiz,"core3000,core-1000,noun"
815,metr,미터,To jest metr.,"Polish Core 3000 · 빈도 #815 · noun · EN: metre, meter (100 cm) · KO revised 2026-08-14 · Example generated for quiz","core3000,core-1000,noun"
816,pełny,가득 찬 / 완전한,W tekście pojawia się określenie „pełny”.,Polish Core 3000 · 빈도 #816 · adj · EN: full (containing the maximum possible amount) · KO revised 2026-08-14 · Example generated for quiz,"core3000,core-1000,adj"
817,glina,인품,To jest glina.,Polish Core 3000 · 빈도 #817 · noun · EN: clay · KO revised 2026-08-14 · Example generated for quiz,"core3000,core-1000,noun"
818,przypominać,상기시키다,"Mogę przypominać, jeśli będzie trzeba.","Polish Core 3000 · 빈도 #818 · verb · EN: (transitive) to remind of, to bring to mind · KO revised 2026-08-14 · Example generated for quiz","core3000,core-1000,verb"
819,żegnać,작별 인사하다 / 배웅하다,"Mogę żegnać, jeśli będzie trzeba.","Polish Core 3000 · 빈도 #819 · verb · EN: (transitive) to bid farewell, to bid goodbye · KO revised 2026-08-14 · Example generated for quiz","core3000,core-1000,verb"
820,czarny,"흑인 (구어, 문맥 주의)",To jest czarny.,Polish Core 3000 · 빈도 #820 · noun · EN: (colloquial) black person · KO revised 2026-08-14 · Example generated for quiz,"core3000,core-1000,noun"
821,jazda,운전 / 타기 / 주행,To jest jazda.,Polish Core 3000 · 빈도 #821 · noun · EN: ride (instance of riding) · KO revised 2026-08-14 · Example generated for quiz,"core3000,core-1000,noun"
822,usta,입,To jest usta.,Polish Core 3000 · 빈도 #822 · noun · EN: mouth · KO revised 2026-08-14 · Example generated for quiz,"core3000,core-1000,noun"
823,sklep,가게 / 상점,To jest sklep.,Polish Core 3000 · 빈도 #823 · noun · KO revised 2026-08-14 · Example generated for quiz,"core3000,core-1000,noun"
824,graca,곡괭이의 일종,To jest graca.,Polish Core 3000 · 빈도 #824 · noun · EN: mattock · KO revised 2026-08-14 · Example generated for quiz,"core3000,core-1000,noun"
825,daleki,극동의,W tekście pojawia się określenie „daleki”.,"Polish Core 3000 · 빈도 #825 · adj · EN: far, distant · KO revised 2026-08-14 · Example generated for quiz","core3000,core-1000,adj"
826,suma,액수,To jest suma.,Polish Core 3000 · 빈도 #826 · noun · EN: (mathematics) sum · KO revised 2026-08-14 · Example generated for quiz,"core3000,core-1000,noun"
827,Pański,"당신의 (정중한, 남성에게)",W tekście pojawia się określenie „Pański”.,Polish Core 3000 · 빈도 #827 · adj · EN: (relational) Lord · KO revised 2026-08-14 · Example generated for quiz,"core3000,core-1000,adj"
828,szkodzić,해롭다 / 해를 끼치다,"Mogę szkodzić, jeśli będzie trzeba.",Polish Core 3000 · 빈도 #828 · verb · EN: (intransitive) to be bad for someone/something · KO revised 2026-08-14 · Example generated for quiz,"core3000,core-1000,verb"
829,zabójca,살인자,To jest zabójca.,"Polish Core 3000 · 빈도 #829 · noun · EN: killer, murderer · KO revised 2026-08-14 · Example generated for quiz","core3000,core-1000,noun"
830,odnaleźć,발견하다,"Mogę odnaleźć, jeśli będzie trzeba.","Polish Core 3000 · 빈도 #830 · verb · EN: (transitive) to discover, to rediscover, to track down, to trace (find something that was lost or hidden) · KO revised 2026-08-14 · Example generated for quiz","core3000,core-1000,verb"
831,sprzedać,팔다,"Mogę sprzedać, jeśli będzie trzeba.",Polish Core 3000 · 빈도 #831 · verb · EN: (transitive) to sell · KO revised 2026-08-14 · Example generated for quiz,"core3000,core-1000,verb"
832,wujek,삼촌,To jest wujek.,Polish Core 3000 · 빈도 #832 · noun · KO revised 2026-08-14 · Example generated for quiz,"core3000,core-1000,noun"
833,kod,코드,To jest kod.,Polish Core 3000 · 빈도 #833 · noun · EN: code · KO revised 2026-08-14 · Example generated for quiz,"core3000,core-1000,noun"
834,proces,방식,To jest proces.,Polish Core 3000 · 빈도 #834 · noun · EN: process (series of events to produce a result) · KO revised 2026-08-14 · Example generated for quiz,"core3000,core-1000,noun"
835,nadchodzić,도래하다,"Mogę nadchodzić, jeśli będzie trzeba.","Polish Core 3000 · 빈도 #835 · verb · EN: (intransitive) to approach, to come, to walk up to. [usually related to time not space] · KO revised 2026-08-14 · Example generated for quiz","core3000,core-1000,verb"
836,biały,흰색,W tekście pojawia się określenie „biały”.,Polish Core 3000 · 빈도 #836 · adj · EN: white (bright and colourless; reflecting equal quantities of all frequencies of visible light) · KO revised 2026-08-14 · Example generated for quiz,"core3000,core-1000,adj"
837,sierżant,중사,To jest sierżant.,Polish Core 3000 · 빈도 #837 · noun · EN: sergeant · KO revised 2026-08-14 · Example generated for quiz,"core3000,core-1000,noun"
838,sto,백,To kosztuje sto złotych.,Polish Core 3000 · 빈도 #838 · num · EN: one hundred · KO revised 2026-08-14 · Example generated for quiz,"core3000,core-1000,num"
839,upewnić,납득시키다,"Mogę upewnić, jeśli będzie trzeba.","Polish Core 3000 · 빈도 #839 · verb · EN: (transitive) to assure, to make someone sure · KO revised 2026-08-14 · Example generated for quiz","core3000,core-1000,verb"
840,znaczny,대단하다,W tekście pojawia się określenie „znaczny”.,"Polish Core 3000 · 빈도 #840 · adj · EN: significant, considerable · KO revised 2026-08-14 · Example generated for quiz","core3000,core-1000,adj"
841,powietrze,공기,To jest powietrze.,Polish Core 3000 · 빈도 #841 · noun · EN: air (gases making up the atmosphere of a planet) · KO revised 2026-08-14 · Example generated for quiz,"core3000,core-1000,noun"
842,trwać,지속하다,"Mogę trwać, jeśli będzie trzeba.","Polish Core 3000 · 빈도 #842 · verb · EN: (intransitive) to last, to endure, to continue · KO revised 2026-08-14 · Example generated for quiz","core3000,core-1000,verb"
843,ledwo,드러내놓고,On robi to ledwo.,"Polish Core 3000 · 빈도 #843 · adv · EN: barely, hardly · KO revised 2026-08-14 · Example generated for quiz","core3000,core-1000,adv"
844,akcja,행동,To jest akcja.,"Polish Core 3000 · 빈도 #844 · noun · EN: action, mission, campaign, operation (something done in order to accomplish something) · KO revised 2026-08-14 · Example generated for quiz","core3000,core-1000,noun"
845,niebo,하늘,To jest niebo.,Polish Core 3000 · 빈도 #845 · noun · EN: sky (atmosphere above a point) · KO revised 2026-08-14 · Example generated for quiz,"core3000,core-1000,noun"
846,amperogodzina,암페어시(Ah),To jest amperogodzina.,Polish Core 3000 · 빈도 #846 · noun · EN: (physics) ampere-hour · KO revised 2026-08-14 · Example generated for quiz,"core3000,core-1000,noun"
847,restauracja,식당,To jest restauracja.,Polish Core 3000 · 빈도 #847 · noun · EN: restaurant (eating establishment in which diners are served food) · KO revised 2026-08-14 · Example generated for quiz,"core3000,core-1000,noun"
848,pochodzić,오다,"Mogę pochodzić, jeśli będzie trzeba.",Polish Core 3000 · 빈도 #848 · verb · EN: (intransitive) to walk for some time · KO revised 2026-08-14 · Example generated for quiz,"core3000,core-1000,verb"
849,park,공원,To jest park.,"Polish Core 3000 · 빈도 #849 · noun · EN: park (e.g., a ground for recreation in a city or town) · KO revised 2026-08-14 · Example generated for quiz","core3000,core-1000,noun"
850,energia,에너지,To jest energia.,Polish Core 3000 · 빈도 #850 · noun · EN: energy (impetus behind activity) · KO revised 2026-08-14 · Example generated for quiz,"core3000,core-1000,noun"
851,spędzić,운전하다,"Mogę spędzić, jeśli będzie trzeba.",Polish Core 3000 · 빈도 #851 · verb · EN: (transitive) to drive (to herd animals or people to a particular place) · KO revised 2026-08-14 · Example generated for quiz,"core3000,core-1000,verb"
852,wiara,믿음,To jest wiara.,"Polish Core 3000 · 빈도 #852 · noun · EN: belief, faith, credence, creed · KO revised 2026-08-14 · Example generated for quiz","core3000,core-1000,noun"
853,łatwy,쉬운,W tekście pojawia się określenie „łatwy”.,Polish Core 3000 · 빈도 #853 · adj · KO revised 2026-08-14 · Example generated for quiz,"core3000,core-1000,adj"
854,winien,필수,"Mogę winien, jeśli będzie trzeba.","Polish Core 3000 · 빈도 #854 · verb · EN: (intransitive) it is desirable, necessary · KO revised 2026-08-14 · Example generated for quiz","core3000,core-1000,verb"
855,mila,마일,To jest mila.,Polish Core 3000 · 빈도 #855 · noun · EN: mile (unit of measure) · KO revised 2026-08-14 · Example generated for quiz,"core3000,core-1000,noun"
856,dokument,문서,To jest dokument.,Polish Core 3000 · 빈도 #856 · noun · KO revised 2026-08-14 · Example generated for quiz,"core3000,core-1000,noun"
857,strzelać,발사하다,"Mogę strzelać, jeśli będzie trzeba.","Polish Core 3000 · 빈도 #857 · verb · EN: (transitive) to shoot, to fire [+ z (genitive) = a projectile weapon] [+ do (genitive) = at something] · KO revised 2026-08-14 · Example generated for quiz","core3000,core-1000,verb"
858,wynocha,나가! / 꺼져!,Wynocha stąd!,"Polish Core 3000 · 빈도 #858 · intj · EN: (colloquial, dismissal, sometimes humorous) get out!, out!, beat it!, begone! · KO revised 2026-08-14 · Example generated for quiz","core3000,core-1000,intj"
859,przeszkadzać,저지하다,"Mogę przeszkadzać, jeśli będzie trzeba.","Polish Core 3000 · 빈도 #859 · verb · EN: (intransitive) to hinder, to bother (to make a task difficult) [+dative = someone] · KO revised 2026-08-14 · Example generated for quiz","core3000,core-1000,verb"
860,kontrola,조정,To jest kontrola.,Polish Core 3000 · 빈도 #860 · noun · EN: control (authority) · KO revised 2026-08-14 · Example generated for quiz,"core3000,core-1000,noun"
861,zamiana,교환 / 변경,To jest zamiana.,"Polish Core 3000 · 빈도 #861 · noun · EN: exchange, swap, trade · KO revised 2026-08-14 · Example generated for quiz","core3000,core-1000,noun"
862,studium,공부,To jest studium.,Polish Core 3000 · 빈도 #862 · noun · EN: (academic) study (academic publication) · KO revised 2026-08-14 · Example generated for quiz,"core3000,core-1000,noun"
863,stacja,정류장,To jest stacja.,Polish Core 3000 · 빈도 #863 · noun · EN: station · KO revised 2026-08-14 · Example generated for quiz,"core3000,core-1000,noun"
864,czyżby,설마 ~인가? / 혹시 ~인가?,Czyżby to był koniec?,"Polish Core 3000 · 빈도 #864 · particle · EN: introduces a rhetorical question, contradicts its content, or calls into question what was said · KO revised 2026-08-14 · Example generated for quiz","core3000,core-1000,particle"
865,przejmować,취하다,"Mogę przejmować, jeśli będzie trzeba.","Polish Core 3000 · 빈도 #865 · verb · EN: (transitive) to assume, to take on · KO revised 2026-08-14 · Example generated for quiz","core3000,core-1000,verb"
866,język,언어 / 혀,To jest język.,Polish Core 3000 · 빈도 #866 · noun · KO revised 2026-08-14 · Example generated for quiz,"core3000,core-1000,noun"
867,przekazać,전하다,"Mogę przekazać, jeśli będzie trzeba.","Polish Core 3000 · 빈도 #867 · verb · EN: (transitive) to convey, to pass on, to communicate · KO revised 2026-08-14 · Example generated for quiz","core3000,core-1000,verb"
868,pułkownik,단당,To jest pułkownik.,Polish Core 3000 · 빈도 #868 · noun · EN: colonel · KO revised 2026-08-14 · Example generated for quiz,"core3000,core-1000,noun"
869,kwiat,꽃,To jest kwiat.,Polish Core 3000 · 빈도 #869 · noun · EN: flower · KO revised 2026-08-14 · Example generated for quiz,"core3000,core-1000,noun"
870,baba,여자,To jest baba.,"Polish Core 3000 · 빈도 #870 · noun · EN: (colloquial, somewhat derogatory) woman, crone, hag · KO revised 2026-08-14 · Example generated for quiz","core3000,core-1000,noun"
871,skrzywdzić,잘못,"Mogę skrzywdzić, jeśli będzie trzeba.","Polish Core 3000 · 빈도 #871 · verb · EN: (transitive) to wrong, to harm · KO revised 2026-08-14 · Example generated for quiz","core3000,core-1000,verb"
872,klient,고객사,To jest klient.,"Polish Core 3000 · 빈도 #872 · noun · EN: client, customer (one who purchases or receives a product or service) · KO revised 2026-08-14 · Example generated for quiz","core3000,core-1000,noun"
873,dotykać,만지다,"Mogę dotykać, jeśli będzie trzeba.","Polish Core 3000 · 빈도 #873 · verb · EN: (transitive, with genitive) to touch (make physical contact with) · KO revised 2026-08-14 · Example generated for quiz","core3000,core-1000,verb"
874,duch,귀신,To jest duch.,Polish Core 3000 · 빈도 #874 · noun · EN: ghost (spirit appearing after death) · KO revised 2026-08-14 · Example generated for quiz,"core3000,core-1000,noun"
875,wolność,자유,To jest wolność.,"Polish Core 3000 · 빈도 #875 · noun · EN: freedom, liberty · KO revised 2026-08-14 · Example generated for quiz","core3000,core-1000,noun"
876,układ,질서,To jest układ.,Polish Core 3000 · 빈도 #876 · noun · EN: system · KO revised 2026-08-14 · Example generated for quiz,"core3000,core-1000,noun"
877,ocalić,구조하다,"Mogę ocalić, jeśli będzie trzeba.","Polish Core 3000 · 빈도 #877 · verb · EN: (transitive) to rescue, to save [+ od (genitive) = from a danger] · KO revised 2026-08-14 · Example generated for quiz","core3000,core-1000,verb"
878,pamięć,기억,To jest pamięć.,Polish Core 3000 · 빈도 #878 · noun · EN: memory (one's ability to remember) · KO revised 2026-08-14 · Example generated for quiz,"core3000,core-1000,noun"
879,cena,가격,To jest cena.,Polish Core 3000 · 빈도 #879 · noun · KO revised 2026-08-14 · Example generated for quiz,"core3000,core-1000,noun"
880,opowiedzieć,이르다,"Mogę opowiedzieć, jeśli będzie trzeba.","Polish Core 3000 · 빈도 #880 · verb · EN: (transitive) to tell, to narrate · KO revised 2026-08-14 · Example generated for quiz","core3000,core-1000,verb"
881,teren,지형,To jest teren.,Polish Core 3000 · 빈도 #881 · noun · EN: terrain (area) · KO revised 2026-08-14 · Example generated for quiz,"core3000,core-1000,noun"
882,poprzez,철두철미,Uczymy się poprzez praktykę.,"Polish Core 3000 · 빈도 #882 · prep · EN: through, by means of, by · KO revised 2026-08-14 · Example generated for quiz","core3000,core-1000,prep"
883,niedaleki,가까이로,W tekście pojawia się określenie „niedaleki”.,"Polish Core 3000 · 빈도 #883 · adj · EN: nearby, close · KO revised 2026-08-14 · Example generated for quiz","core3000,core-1000,adj"
884,zdarzać,생기다,"Mogę zdarzać, jeśli będzie trzeba.","Polish Core 3000 · 빈도 #884 · verb · EN: (reflexive) to happen, to occur · KO revised 2026-08-14 · Example generated for quiz","core3000,core-1000,verb"
885,uczyć,가르치다 / 배우게 하다,"Mogę uczyć, jeśli będzie trzeba.",Polish Core 3000 · 빈도 #885 · verb · KO revised 2026-08-14 · Example generated for quiz,"core3000,core-1000,verb"
886,obudzić,환기하다,"Mogę obudzić, jeśli będzie trzeba.",Polish Core 3000 · 빈도 #886 · verb · EN: (transitive) to wake (to make somebody stop sleeping) · KO revised 2026-08-14 · Example generated for quiz,"core3000,core-1000,verb"
887,napisać,쓰다,"Mogę napisać, jeśli będzie trzeba.",Polish Core 3000 · 빈도 #887 · verb · EN: (transitive) to write · KO revised 2026-08-14 · Example generated for quiz,"core3000,core-1000,verb"
888,strach,우려,To jest strach.,Polish Core 3000 · 빈도 #888 · noun · EN: fear (emotion caused by actual or perceived danger or threat) · KO revised 2026-08-14 · Example generated for quiz,"core3000,core-1000,noun"
889,silny,강한,W tekście pojawia się określenie „silny”.,Polish Core 3000 · 빈도 #889 · adj · KO revised 2026-08-14 · Example generated for quiz,"core3000,core-1000,adj"
890,wyobrazić,상연하다,"Mogę wyobrazić, jeśli będzie trzeba.",Polish Core 3000 · 빈도 #890 · verb · EN: (transitive) to represent (to portray visually) · KO revised 2026-08-14 · Example generated for quiz,"core3000,core-1000,verb"
891,męczyć,안겨주다,"Mogę męczyć, jeśli będzie trzeba.","Polish Core 3000 · 빈도 #891 · verb · EN: (transitive) to torment, to torture · KO revised 2026-08-14 · Example generated for quiz","core3000,core-1000,verb"
892,klub,클럽,To jest klub.,Polish Core 3000 · 빈도 #892 · noun · EN: club (association of members) · KO revised 2026-08-14 · Example generated for quiz,"core3000,core-1000,noun"
893,niezbyt,그다지 ~않은 / 별로,On robi to niezbyt.,Polish Core 3000 · 빈도 #893 · adv · EN: not too · KO revised 2026-08-14 · Example generated for quiz,"core3000,core-1000,adv"
894,komputer,컴퓨터,To jest komputer.,Polish Core 3000 · 빈도 #894 · noun · KO revised 2026-08-14 · Example generated for quiz,"core3000,core-1000,noun"
895,nieprawdaż,그렇지? / 안 그래?,"Ładny dzień, nieprawdaż?",Polish Core 3000 · 빈도 #895 · intj · EN: isn't it so? · KO revised 2026-08-14 · Example generated for quiz,"core3000,core-1000,intj"
896,pociąg,기차,To jest pociąg.,Polish Core 3000 · 빈도 #896 · noun · KO revised 2026-08-14 · Example generated for quiz,"core3000,core-1000,noun"
897,norma,표준,To jest norma.,Polish Core 3000 · 빈도 #897 · noun · EN: norm · KO revised 2026-08-14 · Example generated for quiz,"core3000,core-1000,noun"
898,okazać,나타내다,"Mogę okazać, jeśli będzie trzeba.","Polish Core 3000 · 빈도 #898 · verb · EN: (transitive, dated, law, literary) to show, to demonstrate · KO revised 2026-08-14 · Example generated for quiz","core3000,core-1000,verb"
899,oczywisty,분명하다,W tekście pojawia się określenie „oczywisty”.,Polish Core 3000 · 빈도 #899 · adj · EN: obvious · KO revised 2026-08-14 · Example generated for quiz,"core3000,core-1000,adj"
900,wyjechać,가시다,"Mogę wyjechać, jeśli będzie trzeba.","Polish Core 3000 · 빈도 #900 · verb · EN: (intransitive) to exit by vehicle, to leave, to depart, to drive away [+ z (genitive) = somewhere] · KO revised 2026-08-14 · Example generated for quiz","core3000,core-1000,verb"
901,zero,영점,Na zewnątrz jest zero stopni.,Polish Core 3000 · 빈도 #901 · num · EN: zero · KO revised 2026-08-14 · Example generated for quiz,"core3000,core-1000,num"
902,pistolet,총,To jest pistolet.,"Polish Core 3000 · 빈도 #902 · noun · EN: gun, pistol · KO revised 2026-08-14 · Example generated for quiz","core3000,core-1000,noun"
903,zapach,향기,To jest zapach.,"Polish Core 3000 · 빈도 #903 · noun · EN: aroma, smell, fragrance, perfume · KO revised 2026-08-14 · Example generated for quiz","core3000,core-1000,noun"
904,dojść,닿다,"Mogę dojść, jeśli będzie trzeba.","Polish Core 3000 · 빈도 #904 · verb · EN: (intransitive) to arrive on foot, to reach [+ do (genitive) = somewhere] · KO revised 2026-08-14 · Example generated for quiz","core3000,core-1000,verb"
905,drużyna,교우,To jest drużyna.,"Polish Core 3000 · 빈도 #905 · noun · EN: (historical) druzhina, fellowship, retinue · KO revised 2026-08-14 · Example generated for quiz","core3000,core-1000,noun"
906,idea,아이디어,To jest idea.,Polish Core 3000 · 빈도 #906 · noun · EN: idea (image of an object that is formed in the mind or recalled by the memory) · KO revised 2026-08-14 · Example generated for quiz,"core3000,core-1000,noun"
907,tatuś,최연장자,To jest tatuś.,Polish Core 3000 · 빈도 #907 · noun · EN: daddy · KO revised 2026-08-14 · Example generated for quiz,"core3000,core-1000,noun"
908,pieprzyć,후추를 치다 / (비속어) 지껄이다·망치다,"Mogę pieprzyć, jeśli będzie trzeba.",Polish Core 3000 · 빈도 #908 · verb · EN: (transitive) to pepper (to add pepper to something) · KO revised 2026-08-14 · Example generated for quiz,"core3000,core-1000,verb"
909,gwiazda,별,To jest gwiazda.,Polish Core 3000 · 빈도 #909 · noun · EN: star (a luminous celestial body) · KO revised 2026-08-14 · Example generated for quiz,"core3000,core-1000,noun"
910,wątpliwość,의심 / 의문,To jest wątpliwość.,Polish Core 3000 · 빈도 #910 · noun · EN: doubt · KO revised 2026-08-14 · Example generated for quiz,"core3000,core-1000,noun"
911,ukryć,숨기다,"Mogę ukryć, jeśli będzie trzeba.","Polish Core 3000 · 빈도 #911 · verb · EN: (transitive) to hide, to conceal · KO revised 2026-08-14 · Example generated for quiz","core3000,core-1000,verb"
912,wymagać,필요하다,"Mogę wymagać, jeśli będzie trzeba.","Polish Core 3000 · 빈도 #912 · verb · EN: (transitive) to need, to require, to demand [+ genitive] · KO revised 2026-08-14 · Example generated for quiz","core3000,core-1000,verb"
913,kamera,비디오 카메라 / 카메라,To jest kamera.,Polish Core 3000 · 빈도 #913 · noun · EN: video camera · KO revised 2026-08-14 · Example generated for quiz,"core3000,core-1000,noun"
914,car,군주,To jest car.,"Polish Core 3000 · 빈도 #914 · noun · EN: (historical) czar, tsar, tzar (title of the former emperors of Russia) · KO revised 2026-08-14 · Example generated for quiz","core3000,core-1000,noun"
915,trakt,길,To jest trakt.,Polish Core 3000 · 빈도 #915 · noun · EN: (literary) road · KO revised 2026-08-14 · Example generated for quiz,"core3000,core-1000,noun"
916,alarm,경보,To jest alarm.,Polish Core 3000 · 빈도 #916 · noun · EN: alarm (device used to alarm people) · KO revised 2026-08-14 · Example generated for quiz,"core3000,core-1000,noun"
917,głęboko,심각하게,On robi to głęboko.,Polish Core 3000 · 빈도 #917 · adv · EN: deeply (at a physical depth) · KO revised 2026-08-14 · Example generated for quiz,"core3000,core-1000,adv"
918,czyn,행위 / 행동,To jest czyn.,"Polish Core 3000 · 빈도 #918 · noun · EN: (formal) act, deed · KO revised 2026-08-14 · Example generated for quiz","core3000,core-1000,noun"
919,czytać,읽다,"Mogę czytać, jeśli będzie trzeba.",Polish Core 3000 · 빈도 #919 · verb · KO revised 2026-08-14 · Example generated for quiz,"core3000,core-1000,verb"
920,chi,"카이(그리스 문자 Χ, χ)",To jest chi.,"Polish Core 3000 · 빈도 #920 · noun · EN: chi (Greek letter Χ, χ) · KO revised 2026-08-14 · Example generated for quiz","core3000,core-1000,noun"
921,era,대,To jest era.,Polish Core 3000 · 빈도 #921 · noun · EN: era · KO revised 2026-08-14 · Example generated for quiz,"core3000,core-1000,noun"
922,przyjechać,도착하다,"Mogę przyjechać, jeśli będzie trzeba.",Polish Core 3000 · 빈도 #922 · verb · EN: (intransitive) to arrive (by driving or riding) · KO revised 2026-08-14 · Example generated for quiz,"core3000,core-1000,verb"
923,narkotyk,마약,To jest narkotyk.,Polish Core 3000 · 빈도 #923 · noun · EN: drug (affecting the central nervous system) · KO revised 2026-08-14 · Example generated for quiz,"core3000,core-1000,noun"
924,cholerny,살벌하다,W tekście pojawia się określenie „cholerny”.,"Polish Core 3000 · 빈도 #924 · adj · EN: (colloquial) bloody, damn (intensifier) · KO revised 2026-08-14 · Example generated for quiz","core3000,core-1000,adj"
925,ryzyko,위험 / 리스크,To jest ryzyko.,Polish Core 3000 · 빈도 #925 · noun · EN: risk · KO revised 2026-08-14 · Example generated for quiz,"core3000,core-1000,noun"
926,strzała,화살,To jest strzała.,Polish Core 3000 · 빈도 #926 · noun · EN: arrow (projectile) · KO revised 2026-08-14 · Example generated for quiz,"core3000,core-1000,noun"
927,wykorzystać,사용하다,"Mogę wykorzystać, jeśli będzie trzeba.","Polish Core 3000 · 빈도 #927 · verb · EN: (transitive) to use, to utilise · KO revised 2026-08-14 · Example generated for quiz","core3000,core-1000,verb"
928,dziadek,할아버지,To jest dziadek.,Polish Core 3000 · 빈도 #928 · noun · EN: grandfather · KO revised 2026-08-14 · Example generated for quiz,"core3000,core-1000,noun"
929,wóz,수레,To jest wóz.,"Polish Core 3000 · 빈도 #929 · noun · EN: cart, wagon · KO revised 2026-08-14 · Example generated for quiz","core3000,core-1000,noun"
930,kompletny,마치다,W tekście pojawia się określenie „kompletny”.,Polish Core 3000 · 빈도 #930 · adj · EN: complete · KO revised 2026-08-14 · Example generated for quiz,"core3000,core-1000,adj"
931,nawzajem,서로 / 상호 간에,On robi to nawzajem.,Polish Core 3000 · 빈도 #931 · adv · EN: each other · KO revised 2026-08-14 · Example generated for quiz,"core3000,core-1000,adv"
932,tęsknić,지원하다,"Mogę tęsknić, jeśli będzie trzeba.",Polish Core 3000 · 빈도 #932 · verb · EN: (intransitive) to miss (to feel the absence of someone or something) [+ za (instrumental)] or [+ do (genitive) = someone/something] · KO revised 2026-08-14 · Example generated for quiz,"core3000,core-1000,verb"
933,śledztwo,조사,To jest śledztwo.,Polish Core 3000 · 빈도 #933 · noun · EN: investigation · KO revised 2026-08-14 · Example generated for quiz,"core3000,core-1000,noun"
934,wyciągnąć,빼내다,"Mogę wyciągnąć, jeśli będzie trzeba.","Polish Core 3000 · 빈도 #934 · verb · EN: (transitive) to pull out, to take out · KO revised 2026-08-14 · Example generated for quiz","core3000,core-1000,verb"
935,wspominać,추억하다,"Mogę wspominać, jeśli będzie trzeba.","Polish Core 3000 · 빈도 #935 · verb · EN: (transitive) to reminisce, to look back · KO revised 2026-08-14 · Example generated for quiz","core3000,core-1000,verb"
936,pojawić,나타나다,"Mogę pojawić, jeśli będzie trzeba.","Polish Core 3000 · 빈도 #936 · verb · EN: (reflexive) to appear, to emerge · KO revised 2026-08-14 · Example generated for quiz","core3000,core-1000,verb"
937,samobójstwo,자살,To jest samobójstwo.,Polish Core 3000 · 빈도 #937 · noun · EN: suicide (instance of killing oneself) · KO revised 2026-08-14 · Example generated for quiz,"core3000,core-1000,noun"
938,potrwać,얼마 동안 지속되다,"Mogę potrwać, jeśli będzie trzeba.","Polish Core 3000 · 빈도 #938 · verb · EN: (intransitive, iterative) to last for some time · KO revised 2026-08-14 · Example generated for quiz","core3000,core-1000,verb"
939,towar,일용품,To jest towar.,"Polish Core 3000 · 빈도 #939 · noun · EN: merchandise, commodity, goods · KO revised 2026-08-14 · Example generated for quiz","core3000,core-1000,noun"
940,zadowalać,대견하다,"Mogę zadowalać, jeśli będzie trzeba.","Polish Core 3000 · 빈도 #940 · verb · EN: (transitive) to content, to satisfy, to please · KO revised 2026-08-14 · Example generated for quiz","core3000,core-1000,verb"
941,normalny,정상적인 / 보통의,W tekście pojawia się określenie „normalny”.,Polish Core 3000 · 빈도 #941 · adj · EN: normal · KO revised 2026-08-14 · Example generated for quiz,"core3000,core-1000,adj"
942,gdziekolwiek,대체 어디에,Pójdę gdziekolwiek chcesz.,Polish Core 3000 · 빈도 #942 · pron · EN: wherever · KO revised 2026-08-14 · Example generated for quiz,"core3000,core-1000,pron"
943,północ,밤중,To jest północ.,Polish Core 3000 · 빈도 #943 · noun · EN: midnight · KO revised 2026-08-14 · Example generated for quiz,"core3000,core-1000,noun"
944,podobny,비슷한,W tekście pojawia się określenie „podobny”.,"Polish Core 3000 · 빈도 #944 · adj · EN: similar, alike · KO revised 2026-08-14 · Example generated for quiz","core3000,core-1000,adj"
945,spadać,떨어지다,"Mogę spadać, jeśli będzie trzeba.",Polish Core 3000 · 빈도 #945 · verb · EN: (intransitive) to fall (move to a lower position under the effect of gravity) · KO revised 2026-08-14 · Example generated for quiz,"core3000,core-1000,verb"
946,piątka,숫자,To jest piątka.,Polish Core 3000 · 빈도 #946 · noun · EN: the figure/digit five · KO revised 2026-08-14 · Example generated for quiz,"core3000,core-1000,noun"
947,ciężki,무겁다,W tekście pojawia się określenie „ciężki”.,Polish Core 3000 · 빈도 #947 · adj · EN: heavy (having great weight) · KO revised 2026-08-14 · Example generated for quiz,"core3000,core-1000,adj"
948,okoliczność,생활상태,To jest okoliczność.,Polish Core 3000 · 빈도 #948 · noun · EN: circumstance · KO revised 2026-08-14 · Example generated for quiz,"core3000,core-1000,noun"
949,słodki,감미롭다,W tekście pojawia się określenie „słodki”.,Polish Core 3000 · 빈도 #949 · adj · EN: sweet (tasting of sugar) · KO revised 2026-08-14 · Example generated for quiz,"core3000,core-1000,adj"
950,sztuka,미술,To jest sztuka.,Polish Core 3000 · 빈도 #950 · noun · EN: (art) art · KO revised 2026-08-14 · Example generated for quiz,"core3000,core-1000,noun"
951,wesprzeć,괴다,"Mogę wesprzeć, jeśli będzie trzeba.",Polish Core 3000 · 빈도 #951 · verb · EN: (transitive) to support (to keep from falling) · KO revised 2026-08-14 · Example generated for quiz,"core3000,core-1000,verb"
952,gorący,뜨거운,W tekście pojawia się określenie „gorący”.,Polish Core 3000 · 빈도 #952 · adj · KO revised 2026-08-14 · Example generated for quiz,"core3000,core-1000,adj"
953,odpowiadać,대답하다,"Mogę odpowiadać, jeśli będzie trzeba.",Polish Core 3000 · 빈도 #953 · verb · KO revised 2026-08-14 · Example generated for quiz,"core3000,core-1000,verb"
954,cisza,침묵,To jest cisza.,"Polish Core 3000 · 빈도 #954 · noun · EN: silence, quiet, quietness · KO revised 2026-08-14 · Example generated for quiz","core3000,core-1000,noun"
955,pokład,준비되어,To jest pokład.,Polish Core 3000 · 빈도 #955 · noun · EN: deck (on a ship) · KO revised 2026-08-14 · Example generated for quiz,"core3000,core-1000,noun"
956,kotek,단 과자,To jest kotek.,Polish Core 3000 · 빈도 #956 · noun · EN: (endearing) sweetie; darling · KO revised 2026-08-14 · Example generated for quiz,"core3000,core-1000,noun"
957,połowa,반,To jest połowa.,Polish Core 3000 · 빈도 #957 · noun · EN: half (one of two equal parts into which anything may be divided) · KO revised 2026-08-14 · Example generated for quiz,"core3000,core-1000,noun"
958,konieczny,필요한,W tekście pojawia się określenie „konieczny”.,"Polish Core 3000 · 빈도 #958 · adj · EN: necessary, unavoidable · KO revised 2026-08-14 · Example generated for quiz","core3000,core-1000,adj"
959,stopa,발,To jest stopa.,Polish Core 3000 · 빈도 #959 · noun · EN: foot (part of human body) · KO revised 2026-08-14 · Example generated for quiz,"core3000,core-1000,noun"
960,podejść,오다,"Mogę podejść, jeśli będzie trzeba.","Polish Core 3000 · 빈도 #960 · verb · EN: (intransitive) to come, to approach · KO revised 2026-08-14 · Example generated for quiz","core3000,core-1000,verb"
961,sus,바람잡이,To jest sus.,"Polish Core 3000 · 빈도 #961 · noun · EN: caper, jump, leap (long, quick jump) · KO revised 2026-08-14 · Example generated for quiz","core3000,core-1000,noun"
962,dusza,영혼,To jest dusza.,"Polish Core 3000 · 빈도 #962 · noun · EN: soul, spirit · KO revised 2026-08-14 · Example generated for quiz","core3000,core-1000,noun"
963,projekt,프로젝트 / 계획안,To jest projekt.,Polish Core 3000 · 빈도 #963 · noun · EN: project · KO revised 2026-08-14 · Example generated for quiz,"core3000,core-1000,noun"
964,jen,엔(일본 화폐),To jest jen.,Polish Core 3000 · 빈도 #964 · noun · EN: yen (currency) · KO revised 2026-08-14 · Example generated for quiz,"core3000,core-1000,noun"
965,czynić,만들다,"Mogę czynić, jeśli będzie trzeba.","Polish Core 3000 · 빈도 #965 · verb · EN: (transitive) to make, do · KO revised 2026-08-14 · Example generated for quiz","core3000,core-1000,verb"
966,trzeci,셋째,"Mieszkam na trzecim piętrze, a to trzeci budynek.",Polish Core 3000 · 빈도 #966 · num · EN: third · KO revised 2026-08-14 · Example generated for quiz,"core3000,core-1000,num"
967,sekret,비밀,To jest sekret.,Polish Core 3000 · 빈도 #967 · noun · EN: secret · KO revised 2026-08-14 · Example generated for quiz,"core3000,core-1000,noun"
968,ranny,부상한 / 다친,W tekście pojawia się określenie „ranny”.,"Polish Core 3000 · 빈도 #968 · adj · EN: wounded, injured · KO revised 2026-08-14 · Example generated for quiz","core3000,core-1000,adj"
969,ząb,이,To jest ząb.,Polish Core 3000 · 빈도 #969 · noun · EN: tooth · KO revised 2026-08-14 · Example generated for quiz,"core3000,core-1000,noun"
970,kwestia,문제,To jest kwestia.,Polish Core 3000 · 빈도 #970 · noun · EN: problem · KO revised 2026-08-14 · Example generated for quiz,"core3000,core-1000,noun"
971,odcisk,인상,To jest odcisk.,Polish Core 3000 · 빈도 #971 · noun · EN: impression (indentation or depression made by pressure) · KO revised 2026-08-14 · Example generated for quiz,"core3000,core-1000,noun"
972,czysty,맑다,W tekście pojawia się określenie „czysty”.,"Polish Core 3000 · 빈도 #972 · adj · EN: clean, tidy · KO revised 2026-08-14 · Example generated for quiz","core3000,core-1000,adj"
973,obecny,현재의,W tekście pojawia się określenie „obecny”.,"Polish Core 3000 · 빈도 #973 · adj · EN: present (of a person, in a particular place) · KO revised 2026-08-14 · Example generated for quiz","core3000,core-1000,adj"
974,południe,정오,To jest południe.,"Polish Core 3000 · 빈도 #974 · noun · EN: noon, midday (time of day when the sun is in its zenith) · KO revised 2026-08-14 · Example generated for quiz","core3000,core-1000,noun"
975,stół,탁자,To jest stół.,Polish Core 3000 · 빈도 #975 · noun · KO revised 2026-08-14 · Example generated for quiz,"core3000,core-1000,noun"
976,ukraść,훔치다,"Mogę ukraść, jeśli będzie trzeba.",Polish Core 3000 · 빈도 #976 · verb · EN: (transitive) to steal [+accusative = something] [+dative = from someone] · KO revised 2026-08-14 · Example generated for quiz,"core3000,core-1000,verb"
977,armia,군,To jest armia.,"Polish Core 3000 · 빈도 #977 · noun · EN: (military) army (large, highly organised military force concerned mainly with ground operations, or the entire branch thereof) · KO revised 2026-08-14 · Example generated for quiz","core3000,core-1000,noun"
978,koń mechaniczny,마력(hp),To jest koń mechaniczny.,Polish Core 3000 · 빈도 #978 · noun · EN: horsepower · KO revised 2026-08-14 · Example generated for quiz,"core3000,core-1000,noun"
979,ala,알라(고대 로마 보조 기병대),To jest ala.,"Polish Core 3000 · 빈도 #979 · noun · EN: (historical, Ancient Rome) ala (Roman allied military unit) · KO revised 2026-08-14 · Example generated for quiz","core3000,core-1000,noun"
980,kieszeń,주머니,To jest kieszeń.,Polish Core 3000 · 빈도 #980 · noun · EN: pocket · KO revised 2026-08-14 · Example generated for quiz,"core3000,core-1000,noun"
981,piłka,공,To jest piłka.,"Polish Core 3000 · 빈도 #981 · noun · EN: ball (object, generally spherical, used for playing games) · KO revised 2026-08-14 · Example generated for quiz","core3000,core-1000,noun"
982,misja,비행임무,To jest misja.,Polish Core 3000 · 빈도 #982 · noun · EN: mission · KO revised 2026-08-14 · Example generated for quiz,"core3000,core-1000,noun"
983,pokonać,격파하다,"Mogę pokonać, jeśli będzie trzeba.",Polish Core 3000 · 빈도 #983 · verb · EN: (transitive) to defeat · KO revised 2026-08-14 · Example generated for quiz,"core3000,core-1000,verb"
984,działać,행동하다,"Mogę działać, jeśli będzie trzeba.",Polish Core 3000 · 빈도 #984 · verb · EN: (intransitive) to act (perform an action) · KO revised 2026-08-14 · Example generated for quiz,"core3000,core-1000,verb"
985,setka,백,To jest setka.,Polish Core 3000 · 빈도 #985 · noun · EN: (informal) one hundred · KO revised 2026-08-14 · Example generated for quiz,"core3000,core-1000,noun"
986,ciśnienie,압력,To jest ciśnienie.,Polish Core 3000 · 빈도 #986 · noun · EN: pressure (force to area in physics) · KO revised 2026-08-14 · Example generated for quiz,"core3000,core-1000,noun"
987,spodnie,바지,To jest spodnie.,"Polish Core 3000 · 빈도 #987 · noun · EN: trousers, pants · KO revised 2026-08-14 · Example generated for quiz","core3000,core-1000,noun"
988,nosić,들다,"Mogę nosić, jeśli będzie trzeba.",Polish Core 3000 · 빈도 #988 · verb · EN: (transitive) to carry (e.g. a parcel) · KO revised 2026-08-14 · Example generated for quiz,"core3000,core-1000,verb"
989,poła,꼬리,To jest poła.,"Polish Core 3000 · 빈도 #989 · noun · EN: tail, coattail, skirt (bottom part of a garment) · KO revised 2026-08-14 · Example generated for quiz","core3000,core-1000,noun"
990,przypuszczać,상정하다,"Mogę przypuszczać, jeśli będzie trzeba.",Polish Core 3000 · 빈도 #990 · verb · EN: (transitive) to suppose · KO revised 2026-08-14 · Example generated for quiz,"core3000,core-1000,verb"
991,faktycznie,사실,On robi to faktycznie.,Polish Core 3000 · 빈도 #991 · adv · EN: actually · KO revised 2026-08-14 · Example generated for quiz,"core3000,core-1000,adv"
992,piosenka,노래,To jest piosenka.,Polish Core 3000 · 빈도 #992 · noun · EN: song (a musical piece with lyrics) · KO revised 2026-08-14 · Example generated for quiz,"core3000,core-1000,noun"
993,dupka,경사,To jest dupka.,Polish Core 3000 · 빈도 #993 · noun · EN: (colloquial) heel (end-piece of bread) · KO revised 2026-08-14 · Example generated for quiz,"core3000,core-1000,noun"
994,kłamstwo,거짓말,To jest kłamstwo.,Polish Core 3000 · 빈도 #994 · noun · EN: lie (falsehood) · KO revised 2026-08-14 · Example generated for quiz,"core3000,core-1000,noun"
995,show,쇼 / 공연,To jest show.,Polish Core 3000 · 빈도 #995 · noun · EN: show (exhibition) · KO revised 2026-08-14 · Example generated for quiz,"core3000,core-1000,noun"
996,mistrz,석사,To jest mistrz.,Polish Core 3000 · 빈도 #996 · noun · EN: master (expert at something) · KO revised 2026-08-14 · Example generated for quiz,"core3000,core-1000,noun"
997,żałować,후회하다,"Mogę żałować, jeśli będzie trzeba.",Polish Core 3000 · 빈도 #997 · verb · EN: (transitive) to regret (to feel sorry about some past thing) · KO revised 2026-08-14 · Example generated for quiz,"core3000,core-1000,verb"
998,oby,잘만 되면,Oby jutro było cieplej.,"Polish Core 3000 · 빈도 #998 · particle · EN: hopefully, if only, let, may, had better · KO revised 2026-08-14 · Example generated for quiz","core3000,core-1000,particle"
999,nakaz,명령,To jest nakaz.,"Polish Core 3000 · 빈도 #999 · noun · EN: command, order, prescription · KO revised 2026-08-14 · Example generated for quiz","core3000,core-1000,noun"
1000,nagrać,녹음하다,"Mogę nagrać, jeśli będzie trzeba.",Polish Core 3000 · 빈도 #1000 · verb · EN: (transitive) to record (make an audio or video recording) · KO revised 2026-08-14 · Example generated for quiz,"core3000,core-1000,verb"
1001,łączyć,입사하다,"Mogę łączyć, jeśli będzie trzeba.","Polish Core 3000 · 빈도 #1001 · verb · EN: (transitive) to join, to merge, to link (objects into one mass) [+ w (accusative) = with what] or [+ z (intrumental) = with what] · KO revised 2026-08-14 · Example generated for quiz","core3000,core-2000,verb"
1002,zwierzę,금수,To jest zwierzę.,Polish Core 3000 · 빈도 #1002 · noun · EN: animal (organism) · KO revised 2026-08-14 · Example generated for quiz,"core3000,core-2000,noun"
1003,pijać,습관적으로 마시다 / 종종 마시다,"Mogę pijać, jeśli będzie trzeba.",Polish Core 3000 · 빈도 #1003 · verb · EN: (transitive) to drink habitually · KO revised 2026-08-14 · Example generated for quiz,"core3000,core-2000,verb"
1004,łeb,견과,To jest łeb.,Polish Core 3000 · 빈도 #1004 · noun · EN: animal head · KO revised 2026-08-14 · Example generated for quiz,"core3000,core-2000,noun"
1005,gej,화류계,To jest gej.,Polish Core 3000 · 빈도 #1005 · noun · EN: gay (homosexual man) · KO revised 2026-08-14 · Example generated for quiz,"core3000,core-2000,noun"
1006,kolor,색깔,To jest kolor.,Polish Core 3000 · 빈도 #1006 · noun · EN: color · KO revised 2026-08-14 · Example generated for quiz,"core3000,core-2000,noun"
1007,kontrolować,관제하다,"Mogę kontrolować, jeśli będzie trzeba.","Polish Core 3000 · 빈도 #1007 · verb · EN: (transitive) to control (to hold in check, to curb, to restrain) · KO revised 2026-08-14 · Example generated for quiz","core3000,core-2000,verb"
1008,przyszły,미래의 / 다가오는,W tekście pojawia się określenie „przyszły”.,"Polish Core 3000 · 빈도 #1008 · adj · EN: future, next (having to do with or occurring in the future) · KO revised 2026-08-14 · Example generated for quiz","core3000,core-2000,adj"
1009,sprzęt,장비,To jest sprzęt.,Polish Core 3000 · 빈도 #1009 · noun · EN: equipment · KO revised 2026-08-14 · Example generated for quiz,"core3000,core-2000,noun"
1010,van,유개트럭,To jest van.,Polish Core 3000 · 빈도 #1010 · noun · EN: van (covered vehicle) · KO revised 2026-08-14 · Example generated for quiz,"core3000,core-2000,noun"
1011,nagroda,상,To jest nagroda.,"Polish Core 3000 · 빈도 #1011 · noun · EN: prize, reward · KO revised 2026-08-14 · Example generated for quiz","core3000,core-2000,noun"
1012,pisać,쓰다,"Mogę pisać, jeśli będzie trzeba.",Polish Core 3000 · 빈도 #1012 · verb · KO revised 2026-08-14 · Example generated for quiz,"core3000,core-2000,verb"
1013,ryba,물고기,To jest ryba.,Polish Core 3000 · 빈도 #1013 · noun · EN: fish · KO revised 2026-08-14 · Example generated for quiz,"core3000,core-2000,noun"
1014,odpowiedzialny,분별있는,W tekście pojawia się określenie „odpowiedzialny”.,Polish Core 3000 · 빈도 #1014 · adj · EN: responsible (answerable for an act performed or for its consequences) · KO revised 2026-08-14 · Example generated for quiz,"core3000,core-2000,adj"
1015,dotrzeć,닿다,"Mogę dotrzeć, jeśli będzie trzeba.",Polish Core 3000 · 빈도 #1015 · verb · EN: (intransitive) to reach (arrive at by effort) · KO revised 2026-08-14 · Example generated for quiz,"core3000,core-2000,verb"
1016,rzeczywistość,실태,To jest rzeczywistość.,Polish Core 3000 · 빈도 #1016 · noun · EN: reality · KO revised 2026-08-14 · Example generated for quiz,"core3000,core-2000,noun"
1017,sieć,거미줄,To jest sieć.,Polish Core 3000 · 빈도 #1017 · noun · EN: net · KO revised 2026-08-14 · Example generated for quiz,"core3000,core-2000,noun"
1018,pospieszyć,서두르다,"Mogę pospieszyć, jeśli będzie trzeba.",Polish Core 3000 · 빈도 #1018 · verb · EN: (transitive) to hurry (to hasten; to impel to greater speed; to urge on) · KO revised 2026-08-14 · Example generated for quiz,"core3000,core-2000,verb"
1019,bok,쪽,To jest bok.,"Polish Core 3000 · 빈도 #1019 · noun · EN: side, flank (neither the front nor the back) · KO revised 2026-08-14 · Example generated for quiz","core3000,core-2000,noun"
1020,generał,일반적,To jest generał.,Polish Core 3000 · 빈도 #1020 · noun · EN: general (military rank) · KO revised 2026-08-14 · Example generated for quiz,"core3000,core-2000,noun"
1021,plaża,바닷가,To jest plaża.,Polish Core 3000 · 빈도 #1021 · noun · EN: beach (sandy shore) · KO revised 2026-08-14 · Example generated for quiz,"core3000,core-2000,noun"
1022,lot,비행 / 항공편,To jest lot.,Polish Core 3000 · 빈도 #1022 · noun · EN: flight (the act of flying) · KO revised 2026-08-14 · Example generated for quiz,"core3000,core-2000,noun"
1023,bilet,표 / 티켓,To jest bilet.,Polish Core 3000 · 빈도 #1023 · noun · KO revised 2026-08-14 · Example generated for quiz,"core3000,core-2000,noun"
1024,radio,라디오,To jest radio.,Polish Core 3000 · 빈도 #1024 · noun · EN: radio (a device that can receive the signal sent over radio waves) · KO revised 2026-08-14 · Example generated for quiz,"core3000,core-2000,noun"
1025,doprawdy,정말,"Doprawdy nie wiem, co powiedzieć.","Polish Core 3000 · 빈도 #1025 · particle · EN: emphasises the truthfulness of a speaker's assertion; really, verily, indeed · KO revised 2026-08-14 · Example generated for quiz","core3000,core-2000,particle"
1026,biznes,볼일,To jest biznes.,"Polish Core 3000 · 빈도 #1026 · noun · EN: (business, uncountable) business (commercial, industrial, or professional activity) · KO revised 2026-08-14 · Example generated for quiz","core3000,core-2000,noun"
1027,szacunek,존경 / 존중,To jest szacunek.,Polish Core 3000 · 빈도 #1027 · noun · EN: respect (admiration for a person or entity because of perceived merit) · KO revised 2026-08-14 · Example generated for quiz,"core3000,core-2000,noun"
1028,przydać,첨가하다,"Mogę przydać, jeśli będzie trzeba.","Polish Core 3000 · 빈도 #1028 · verb · EN: (transitive) to impart, to imbue (bestow some quality or property) · KO revised 2026-08-14 · Example generated for quiz","core3000,core-2000,verb"
1029,pragnąć,지원하다,"Mogę pragnąć, jeśli będzie trzeba.","Polish Core 3000 · 빈도 #1029 · verb · EN: (intransitive) to desire, to long for [+genitive] · KO revised 2026-08-14 · Example generated for quiz","core3000,core-2000,verb"
1030,dźwięk,소리,To jest dźwięk.,Polish Core 3000 · 빈도 #1030 · noun · EN: sound (sensation perceived by the ear) · KO revised 2026-08-14 · Example generated for quiz,"core3000,core-2000,noun"
1031,przedstawić,소개하다,"Mogę przedstawić, jeśli będzie trzeba.",Polish Core 3000 · 빈도 #1031 · verb · EN: (transitive) to introduce · KO revised 2026-08-14 · Example generated for quiz,"core3000,core-2000,verb"
1032,mylić,혼동하다,"Mogę mylić, jeśli będzie trzeba.","Polish Core 3000 · 빈도 #1032 · verb · EN: (transitive) to confound, to confuse, to mix up, to mistake [+ z (instrumental) = with someone/something] · KO revised 2026-08-14 · Example generated for quiz","core3000,core-2000,verb"
1033,oddech,한숨,To jest oddech.,Polish Core 3000 · 빈도 #1033 · noun · EN: breath · KO revised 2026-08-14 · Example generated for quiz,"core3000,core-2000,noun"
1034,położyć,얹다,"Mogę położyć, jeśli będzie trzeba.",Polish Core 3000 · 빈도 #1034 · verb · EN: (transitive) to lay (to place something down in a position of rest) · KO revised 2026-08-14 · Example generated for quiz,"core3000,core-2000,verb"
1035,plecy,도로,To jest plecy.,Polish Core 3000 · 빈도 #1035 · noun · EN: back (the rear of body) · KO revised 2026-08-14 · Example generated for quiz,"core3000,core-2000,noun"
1036,niedawny,근대의,W tekście pojawia się określenie „niedawny”.,Polish Core 3000 · 빈도 #1036 · adj · EN: recent (having happened a short while ago) · KO revised 2026-08-14 · Example generated for quiz,"core3000,core-2000,adj"
1037,wyjątek,예외,To jest wyjątek.,Polish Core 3000 · 빈도 #1037 · noun · EN: exception (that which is excepted or taken out from others) · KO revised 2026-08-14 · Example generated for quiz,"core3000,core-2000,noun"
1038,brawo,브라보! / 잘했다! / 박수,To jest brawo.,"Polish Core 3000 · 빈도 #1038 · noun · EN: (usually in the plural) bravo (applause, clapping) · KO revised 2026-08-14 · Example generated for quiz","core3000,core-2000,noun"
1039,dar,선물,To jest dar.,Polish Core 3000 · 빈도 #1039 · noun · EN: gift · KO revised 2026-08-14 · Example generated for quiz,"core3000,core-2000,noun"
1040,bzdura,난센스,To jest bzdura.,Polish Core 3000 · 빈도 #1040 · noun · EN: nonsense · KO revised 2026-08-14 · Example generated for quiz,"core3000,core-2000,noun"
1041,wiatr,바람,To jest wiatr.,Polish Core 3000 · 빈도 #1041 · noun · EN: wind · KO revised 2026-08-14 · Example generated for quiz,"core3000,core-2000,noun"
1042,bohater,주인공,To jest bohater.,Polish Core 3000 · 빈도 #1042 · noun · EN: hero (person of great bravery) · KO revised 2026-08-14 · Example generated for quiz,"core3000,core-2000,noun"
1043,biec,달려가다,"Mogę biec, jeśli będzie trzeba.",Polish Core 3000 · 빈도 #1043 · verb · EN: (intransitive) to run (of living things: to move quickly on foot) · KO revised 2026-08-14 · Example generated for quiz,"core3000,core-2000,verb"
1044,romans,정사,To jest romans.,"Polish Core 3000 · 빈도 #1044 · noun · EN: amour, love affair, romance, liaison · KO revised 2026-08-14 · Example generated for quiz","core3000,core-2000,noun"
1045,przerwa,휴식 / 중단 / 쉬는 시간,To jest przerwa.,"Polish Core 3000 · 빈도 #1045 · noun · EN: break, interruption, gap, pause · KO revised 2026-08-14 · Example generated for quiz","core3000,core-2000,noun"
1046,piwnica,지하실,To jest piwnica.,Polish Core 3000 · 빈도 #1046 · noun · EN: cellar · KO revised 2026-08-14 · Example generated for quiz,"core3000,core-2000,noun"
1047,sprawiedliwość,공평,To jest sprawiedliwość.,"Polish Core 3000 · 빈도 #1047 · noun · EN: fairness, justice (state of being just or fair) · KO revised 2026-08-14 · Example generated for quiz","core3000,core-2000,noun"
1048,czerwony,"적색(gules, 문장학)",To jest czerwony.,Polish Core 3000 · 빈도 #1048 · noun · EN: (heraldry) gules · KO revised 2026-08-14 · Example generated for quiz,"core3000,core-2000,noun"
1049,uśmiech,미소,To jest uśmiech.,Polish Core 3000 · 빈도 #1049 · noun · EN: smile · KO revised 2026-08-14 · Example generated for quiz,"core3000,core-2000,noun"
1050,bomba,폭탄,To jest bomba.,Polish Core 3000 · 빈도 #1050 · noun · EN: bomb · KO revised 2026-08-14 · Example generated for quiz,"core3000,core-2000,noun"
1051,wsiadać,타다 / 올라타다,"Mogę wsiadać, jeśli będzie trzeba.","Polish Core 3000 · 빈도 #1051 · verb · EN: (intransitive) to board, to get on, to embark [+ do (genitive) = something] · KO revised 2026-08-14 · Example generated for quiz","core3000,core-2000,verb"
1052,napić,마시다 / 한잔하다,"Mogę napić, jeśli będzie trzeba.","Polish Core 3000 · 빈도 #1052 · verb · EN: (reflexive) to have a drink, to wet one's whistle · KO revised 2026-08-14 · Example generated for quiz","core3000,core-2000,verb"
1053,zauważać,인지하다,"Mogę zauważać, jeśli będzie trzeba.","Polish Core 3000 · 빈도 #1053 · verb · EN: (transitive) to notice, note, observe, discern · KO revised 2026-08-14 · Example generated for quiz","core3000,core-2000,verb"
1054,zakończyć,끝내다,"Mogę zakończyć, jeśli będzie trzeba.","Polish Core 3000 · 빈도 #1054 · verb · EN: (transitive) to finish, to conclude, to bring to an end · KO revised 2026-08-14 · Example generated for quiz","core3000,core-2000,verb"
1055,życzyć,바라다,"Mogę życzyć, jeśli będzie trzeba.",Polish Core 3000 · 빈도 #1055 · verb · EN: (intransitive) to wish [+dative = whom] · KO revised 2026-08-14 · Example generated for quiz,"core3000,core-2000,verb"
1056,książę,왕자,To jest książę.,Polish Core 3000 · 빈도 #1056 · noun · EN: prince · KO revised 2026-08-14 · Example generated for quiz,"core3000,core-2000,noun"
1057,zbliżać,도래하다,"Mogę zbliżać, jeśli będzie trzeba.","Polish Core 3000 · 빈도 #1057 · verb · EN: (transitive) to move closer, to bring nearer · KO revised 2026-08-14 · Example generated for quiz","core3000,core-2000,verb"
1058,okres,시대,To jest okres.,Polish Core 3000 · 빈도 #1058 · noun · EN: (literary) period (a length of time) · KO revised 2026-08-14 · Example generated for quiz,"core3000,core-2000,noun"
1059,biedny,가난한,W tekście pojawia się określenie „biedny”.,Polish Core 3000 · 빈도 #1059 · adj · EN: poor (with no possessions or money) · KO revised 2026-08-14 · Example generated for quiz,"core3000,core-2000,adj"
1060,zaszczyt,명예,To jest zaszczyt.,Polish Core 3000 · 빈도 #1060 · noun · EN: honor · KO revised 2026-08-14 · Example generated for quiz,"core3000,core-2000,noun"
1061,las,숲,To jest las.,Polish Core 3000 · 빈도 #1061 · noun · EN: forest · KO revised 2026-08-14 · Example generated for quiz,"core3000,core-2000,noun"
1062,wakacje,여름방학 / 휴가,To jest wakacje.,"Polish Core 3000 · 빈도 #1062 · noun · EN: summer school break in Poland, between late June and September 1 · KO revised 2026-08-14 · Example generated for quiz","core3000,core-2000,noun"
1063,aresztować,저지하다,"Mogę aresztować, jeśli będzie trzeba.","Polish Core 3000 · 빈도 #1063 · verb · EN: (transitive, law) to arrest (to take into legal custody) [+accusative = whom] [+ za (accusative) = for what] · KO revised 2026-08-14 · Example generated for quiz","core3000,core-2000,verb"
1064,lewy,왼쪽의,W tekście pojawia się określenie „lewy”.,Polish Core 3000 · 빈도 #1064 · adj · EN: left (direction) · KO revised 2026-08-14 · Example generated for quiz,"core3000,core-2000,adj"
1065,komplikować,뒤얽히게 만들다,"Mogę komplikować, jeśli będzie trzeba.",Polish Core 3000 · 빈도 #1065 · verb · EN: (transitive) to complicate (make complex) · KO revised 2026-08-14 · Example generated for quiz,"core3000,core-2000,verb"
1066,garnek,냄비,To jest garnek.,Polish Core 3000 · 빈도 #1066 · noun · EN: pot (vessel used for cooking) · KO revised 2026-08-14 · Example generated for quiz,"core3000,core-2000,noun"
1067,tajemnica,비밀,To jest tajemnica.,Polish Core 3000 · 빈도 #1067 · noun · EN: secret · KO revised 2026-08-14 · Example generated for quiz,"core3000,core-2000,noun"
1068,odpocząć,의거하다,"Mogę odpocząć, jeśli będzie trzeba.","Polish Core 3000 · 빈도 #1068 · verb · EN: (intransitive) to rest, to relax · KO revised 2026-08-14 · Example generated for quiz","core3000,core-2000,verb"
1069,ramię,어깨,To jest ramię.,Polish Core 3000 · 빈도 #1069 · noun · EN: (anatomy) upper arm · KO revised 2026-08-14 · Example generated for quiz,"core3000,core-2000,noun"
1070,przeżyć,체험하다,"Mogę przeżyć, jeśli będzie trzeba.",Polish Core 3000 · 빈도 #1070 · verb · EN: (transitive) to experience · KO revised 2026-08-14 · Example generated for quiz,"core3000,core-2000,verb"
1071,niedobry,적대적,W tekście pojawia się określenie „niedobry”.,"Polish Core 3000 · 빈도 #1071 · adj · EN: unfriendly, malevolent · KO revised 2026-08-14 · Example generated for quiz","core3000,core-2000,adj"
1072,kontynuować,계속되다,"Mogę kontynuować, jeśli będzie trzeba.",Polish Core 3000 · 빈도 #1072 · verb · EN: (transitive) to continue · KO revised 2026-08-14 · Example generated for quiz,"core3000,core-2000,verb"
1073,znieść,철폐하다,"Mogę znieść, jeśli będzie trzeba.","Polish Core 3000 · 빈도 #1073 · verb · EN: (transitive) to carry down, to bring down · KO revised 2026-08-14 · Example generated for quiz","core3000,core-2000,verb"
1074,wpaść,방문하다,"Mogę wpaść, jeśli będzie trzeba.",Polish Core 3000 · 빈도 #1074 · verb · EN: (intransitive) to fall in · KO revised 2026-08-14 · Example generated for quiz,"core3000,core-2000,verb"
1075,zasługiwać,할 가치가 있다,"Mogę zasługiwać, jeśli będzie trzeba.",Polish Core 3000 · 빈도 #1075 · verb · EN: (intransitive) to deserve [+ na (accusative) = something] · KO revised 2026-08-14 · Example generated for quiz,"core3000,core-2000,verb"
1076,miecz,검,To jest miecz.,Polish Core 3000 · 빈도 #1076 · noun · EN: sword (weapon) · KO revised 2026-08-14 · Example generated for quiz,"core3000,core-2000,noun"
1077,rolka,수결,To jest rolka.,Polish Core 3000 · 빈도 #1077 · noun · EN: scroll (roll of paper or parchment) · KO revised 2026-08-14 · Example generated for quiz,"core3000,core-2000,noun"
1078,dotyczyć,~에 관한 것이다 / 해당하다,"Mogę dotyczyć, jeśli będzie trzeba.","Polish Core 3000 · 빈도 #1078 · verb · EN: (transitive) to concern, interest [+genitive] · KO revised 2026-08-14 · Example generated for quiz","core3000,core-2000,verb"
1079,pozycja,위치 / 자세 / 지위,To jest pozycja.,"Polish Core 3000 · 빈도 #1079 · noun · EN: position, posture · KO revised 2026-08-14 · Example generated for quiz","core3000,core-2000,noun"
1080,prysznic,샤워,To jest prysznic.,Polish Core 3000 · 빈도 #1080 · noun · EN: shower (device for bathing) · KO revised 2026-08-14 · Example generated for quiz,"core3000,core-2000,noun"
1081,zakup,구매,To jest zakup.,"Polish Core 3000 · 빈도 #1081 · noun · EN: purchase, buy · KO revised 2026-08-14 · Example generated for quiz","core3000,core-2000,noun"
1082,zejść,내리다,"Mogę zejść, jeśli będzie trzeba.","Polish Core 3000 · 빈도 #1082 · verb · EN: (intransitive) to descend, to go down · KO revised 2026-08-14 · Example generated for quiz","core3000,core-2000,verb"
1083,żołnierz,군사,To jest żołnierz.,Polish Core 3000 · 빈도 #1083 · noun · EN: soldier · KO revised 2026-08-14 · Example generated for quiz,"core3000,core-2000,noun"
1084,sędzia,판사,To jest sędzia.,"Polish Core 3000 · 빈도 #1084 · noun · EN: (law) judge, justice · KO revised 2026-08-14 · Example generated for quiz","core3000,core-2000,noun"
1085,obrona,방어 / 수비,To jest obrona.,Polish Core 3000 · 빈도 #1085 · noun · EN: defence (act of defending) · KO revised 2026-08-14 · Example generated for quiz,"core3000,core-2000,noun"
1086,próba,낭송,To jest próba.,Polish Core 3000 · 빈도 #1086 · noun · EN: rehearsal · KO revised 2026-08-14 · Example generated for quiz,"core3000,core-2000,noun"
1087,wróg,적,To jest wróg.,Polish Core 3000 · 빈도 #1087 · noun · EN: enemy · KO revised 2026-08-14 · Example generated for quiz,"core3000,core-2000,noun"
1088,rozwiązanie,해결,To jest rozwiązanie.,Polish Core 3000 · 빈도 #1088 · noun · EN: solution (answer to a problem) · KO revised 2026-08-14 · Example generated for quiz,"core3000,core-2000,noun"
1089,idiota,바보 / 멍청이,To jest idiota.,Polish Core 3000 · 빈도 #1089 · noun · EN: (derogatory) idiot · KO revised 2026-08-14 · Example generated for quiz,"core3000,core-2000,noun"
1090,kłamać,가공하다,"Mogę kłamać, jeśli będzie trzeba.",Polish Core 3000 · 빈도 #1090 · verb · EN: (intransitive) to lie (to tell an untruth) · KO revised 2026-08-14 · Example generated for quiz,"core3000,core-2000,verb"
1091,kurde,젠장 / 이런 (약한 욕설),"Kurde, znowu zapomniałem.",Polish Core 3000 · 빈도 #1091 · intj · EN: moderately vulgar swearword · KO revised 2026-08-14 · Example generated for quiz,"core3000,core-2000,intj"
1092,piec,구워지다,"Mogę piec, jeśli będzie trzeba.","Polish Core 3000 · 빈도 #1092 · verb · EN: (transitive) to bake (to cook in an oven), to roast · KO revised 2026-08-14 · Example generated for quiz","core3000,core-2000,verb"
1093,powtarzać,반복하다,"Mogę powtarzać, jeśli będzie trzeba.",Polish Core 3000 · 빈도 #1093 · verb · EN: (transitive) to repeat (say again) · KO revised 2026-08-14 · Example generated for quiz,"core3000,core-2000,verb"
1094,funt,파운드,To jest funt.,Polish Core 3000 · 빈도 #1094 · noun · EN: pound (currency of Egypt) · KO revised 2026-08-14 · Example generated for quiz,"core3000,core-2000,noun"
1095,wstyd,부끄러움,To jest wstyd.,Polish Core 3000 · 빈도 #1095 · noun · EN: shame · KO revised 2026-08-14 · Example generated for quiz,"core3000,core-2000,noun"
1096,lada,누구든,Lada chwila powinien przyjechać autobus.,"Polish Core 3000 · 빈도 #1096 · particle · EN: any, any old · KO revised 2026-08-14 · Example generated for quiz","core3000,core-2000,particle"
1097,stworzyć,불러일으키다,"Mogę stworzyć, jeśli będzie trzeba.","Polish Core 3000 · 빈도 #1097 · verb · EN: (transitive) to create, bring to life · KO revised 2026-08-14 · Example generated for quiz","core3000,core-2000,verb"
1098,planeta,운성,To jest planeta.,Polish Core 3000 · 빈도 #1098 · noun · EN: planet · KO revised 2026-08-14 · Example generated for quiz,"core3000,core-2000,noun"
1099,morderca,살인자,To jest morderca.,Polish Core 3000 · 빈도 #1099 · noun · EN: murderer · KO revised 2026-08-14 · Example generated for quiz,"core3000,core-2000,noun"
1100,aha,아하 / 그렇구나,"Aha, teraz wszystko jasne.",Polish Core 3000 · 빈도 #1100 · intj · EN: aha! (showing confirmation) · KO revised 2026-08-14 · Example generated for quiz,"core3000,core-2000,intj"
1101,wymiar,용적,To jest wymiar.,Polish Core 3000 · 빈도 #1101 · noun · EN: (geometry) dimension (physical measurement of an object) · KO revised 2026-08-14 · Example generated for quiz,"core3000,core-2000,noun"
1102,świadek,증인 / 목격자,To jest świadek.,Polish Core 3000 · 빈도 #1102 · noun · EN: witness (a person who saw something) · KO revised 2026-08-14 · Example generated for quiz,"core3000,core-2000,noun"
1103,władza,힘,To jest władza.,"Polish Core 3000 · 빈도 #1103 · noun · EN: power (control, particularly legal or political) · KO revised 2026-08-14 · Example generated for quiz","core3000,core-2000,noun"
1104,amen,아멘,Na końcu modlitwy powiedzieli amen.,Polish Core 3000 · 빈도 #1104 · intj · EN: (religion) amen! (at the end of religious prayers) · KO revised 2026-08-14 · Example generated for quiz,"core3000,core-2000,intj"
1105,rachunek,계산서,To jest rachunek.,"Polish Core 3000 · 빈도 #1105 · noun · EN: bill, check · KO revised 2026-08-14 · Example generated for quiz","core3000,core-2000,noun"
1106,sypialnia,침실,To jest sypialnia.,Polish Core 3000 · 빈도 #1106 · noun · EN: bedroom · KO revised 2026-08-14 · Example generated for quiz,"core3000,core-2000,noun"
1107,dosłowny,문자 그대로의 / 직역의,W tekście pojawia się określenie „dosłowny”.,"Polish Core 3000 · 빈도 #1107 · adj · EN: literal (e.g., translation) · KO revised 2026-08-14 · Example generated for quiz","core3000,core-2000,adj"
1108,cudowny,놀라운,W tekście pojawia się określenie „cudowny”.,Polish Core 3000 · 빈도 #1108 · adj · EN: wonderful · KO revised 2026-08-14 · Example generated for quiz,"core3000,core-2000,adj"
1109,gratulować,경축하다,"Mogę gratulować, jeśli będzie trzeba.",Polish Core 3000 · 빈도 #1109 · verb · EN: (intransitive) to congratulate [+ (dative) (genitive) = (someone) (for something)] · KO revised 2026-08-14 · Example generated for quiz,"core3000,core-2000,verb"
1110,dotąd,여기,On robi to dotąd.,"Polish Core 3000 · 빈도 #1110 · adv · EN: here, hereto (to this place) · KO revised 2026-08-14 · Example generated for quiz","core3000,core-2000,adv"
1111,przystojny,점잖다,W tekście pojawia się określenie „przystojny”.,Polish Core 3000 · 빈도 #1111 · adj · EN: (of a man) handsome · KO revised 2026-08-14 · Example generated for quiz,"core3000,core-2000,adj"
1112,główny,주요한 / 주된,W tekście pojawia się określenie „główny”.,Polish Core 3000 · 빈도 #1112 · adj · EN: main · KO revised 2026-08-14 · Example generated for quiz,"core3000,core-2000,adj"
1113,pierś,유방,To jest pierś.,"Polish Core 3000 · 빈도 #1113 · noun · EN: breast, chest · KO revised 2026-08-14 · Example generated for quiz","core3000,core-2000,noun"
1114,oddział,부서 / 지점 / 병동 / 부대,To jest oddział.,Polish Core 3000 · 빈도 #1114 · noun · EN: branch (location of an organisation with several locations) · KO revised 2026-08-14 · Example generated for quiz,"core3000,core-2000,noun"
1115,komora,공동,To jest komora.,Polish Core 3000 · 빈도 #1115 · noun · EN: chamber · KO revised 2026-08-14 · Example generated for quiz,"core3000,core-2000,noun"
1116,kurs,진로,To jest kurs.,Polish Core 3000 · 빈도 #1116 · noun · EN: (education) course (period of learning) · KO revised 2026-08-14 · Example generated for quiz,"core3000,core-2000,noun"
1117,pomyłka,과오,To jest pomyłka.,"Polish Core 3000 · 빈도 #1117 · noun · EN: blunder, error, mistake · KO revised 2026-08-14 · Example generated for quiz","core3000,core-2000,noun"
1118,prawy,오른쪽의 / 올바른,W tekście pojawia się określenie „prawy”.,Polish Core 3000 · 빈도 #1118 · adj · EN: (incomparable) right (of direction) · KO revised 2026-08-14 · Example generated for quiz,"core3000,core-2000,adj"
1119,pomimo,불구하고,Pomimo problemu wszystko działa.,"Polish Core 3000 · 빈도 #1119 · prep · EN: despite, in spite of · KO revised 2026-08-14 · Example generated for quiz","core3000,core-2000,prep"
1120,sukces,성공,To jest sukces.,Polish Core 3000 · 빈도 #1120 · noun · EN: success · KO revised 2026-08-14 · Example generated for quiz,"core3000,core-2000,noun"
1121,łazienka,욕실,To jest łazienka.,Polish Core 3000 · 빈도 #1121 · noun · KO revised 2026-08-14 · Example generated for quiz,"core3000,core-2000,noun"
1122,litość,고마움,To jest litość.,"Polish Core 3000 · 빈도 #1122 · noun · EN: (usually derogatory) mercy, pity · KO revised 2026-08-14 · Example generated for quiz","core3000,core-2000,noun"
1123,przeznaczać,배치하다,"Mogę przeznaczać, jeśli będzie trzeba.","Polish Core 3000 · 빈도 #1123 · verb · EN: (transitive) to allocate, to earmark, to dedicate (specify or set aside for a particular purpose) · KO revised 2026-08-14 · Example generated for quiz","core3000,core-2000,verb"
1124,nareszcie,드디어,On robi to nareszcie.,Polish Core 3000 · 빈도 #1124 · adv · EN: at last · KO revised 2026-08-14 · Example generated for quiz,"core3000,core-2000,adv"
1125,niemal,대충,Niemal wszystko jest gotowe.,"Polish Core 3000 · 빈도 #1125 · particle · EN: almost, nearly, practically · KO revised 2026-08-14 · Example generated for quiz","core3000,core-2000,particle"
1126,postawić,세우다,"Mogę postawić, jeśli będzie trzeba.","Polish Core 3000 · 빈도 #1126 · verb · EN: (transitive) to put up, to erect, to build · KO revised 2026-08-14 · Example generated for quiz","core3000,core-2000,verb"
1127,cofnąć,물러서다,"Mogę cofnąć, jeśli będzie trzeba.",Polish Core 3000 · 빈도 #1127 · verb · EN: (transitive) to withdraw (to pull back) · KO revised 2026-08-14 · Example generated for quiz,"core3000,core-2000,verb"
1128,herbata,차,To jest herbata.,Polish Core 3000 · 빈도 #1128 · noun · KO revised 2026-08-14 · Example generated for quiz,"core3000,core-2000,noun"
1129,poprzedni,앞에서의,W tekście pojawia się określenie „poprzedni”.,"Polish Core 3000 · 빈도 #1129 · adj · EN: previous, prior · KO revised 2026-08-14 · Example generated for quiz","core3000,core-2000,adj"
1130,złoto,금,To jest złoto.,Polish Core 3000 · 빈도 #1130 · noun · EN: (uncountable) gold (element with symbol Au and atomic number 79) · KO revised 2026-08-14 · Example generated for quiz,"core3000,core-2000,noun"
1131,specjalny,특별한,W tekście pojawia się określenie „specjalny”.,Polish Core 3000 · 빈도 #1131 · adj · EN: special · KO revised 2026-08-14 · Example generated for quiz,"core3000,core-2000,adj"
1132,pacjent,환자,To jest pacjent.,Polish Core 3000 · 빈도 #1132 · noun · EN: patient · KO revised 2026-08-14 · Example generated for quiz,"core3000,core-2000,noun"
1133,jednostka,학점,To jest jednostka.,Polish Core 3000 · 빈도 #1133 · noun · EN: unit · KO revised 2026-08-14 · Example generated for quiz,"core3000,core-2000,noun"
1134,zwrócić,복귀하다,"Mogę zwrócić, jeśli będzie trzeba.","Polish Core 3000 · 빈도 #1134 · verb · EN: (transitive) to give back, to return · KO revised 2026-08-14 · Example generated for quiz","core3000,core-2000,verb"
1135,szczegół,부분도,To jest szczegół.,Polish Core 3000 · 빈도 #1135 · noun · EN: detail · KO revised 2026-08-14 · Example generated for quiz,"core3000,core-2000,noun"
1136,kolano,무릎,To jest kolano.,Polish Core 3000 · 빈도 #1136 · noun · EN: knee · KO revised 2026-08-14 · Example generated for quiz,"core3000,core-2000,noun"
1137,marzyć,꿈꾸다,"Mogę marzyć, jeśli będzie trzeba.","Polish Core 3000 · 빈도 #1137 · verb · EN: (intransitive) to dream (to hope, to wish) · KO revised 2026-08-14 · Example generated for quiz","core3000,core-2000,verb"
1138,praktyczny,실리적,W tekście pojawia się określenie „praktyczny”.,Polish Core 3000 · 빈도 #1138 · adj · EN: practical (based on practice or action rather than theory or hypothesis) · KO revised 2026-08-14 · Example generated for quiz,"core3000,core-2000,adj"
1139,odwiedzić,방문하다,"Mogę odwiedzić, jeśli będzie trzeba.",Polish Core 3000 · 빈도 #1139 · verb · EN: (transitive) to visit · KO revised 2026-08-14 · Example generated for quiz,"core3000,core-2000,verb"
1140,uderzyć,후려치다,"Mogę uderzyć, jeśli będzie trzeba.",Polish Core 3000 · 빈도 #1140 · verb · EN: (transitive) to hit; to strike; to punch; to deal a blow · KO revised 2026-08-14 · Example generated for quiz,"core3000,core-2000,verb"
1141,żonaty,기혼,W tekście pojawia się określenie „żonaty”.,Polish Core 3000 · 빈도 #1141 · adj · EN: (of a man) married (having a wife) · KO revised 2026-08-14 · Example generated for quiz,"core3000,core-2000,adj"
1142,przesłuchać,추궁하다,"Mogę przesłuchać, jeśli będzie trzeba.",Polish Core 3000 · 빈도 #1142 · verb · EN: (transitive) to interrogate · KO revised 2026-08-14 · Example generated for quiz,"core3000,core-2000,verb"
1143,wykonać,연기하다,"Mogę wykonać, jeśli będzie trzeba.","Polish Core 3000 · 빈도 #1143 · verb · EN: (transitive) to perform, to carry out, to do, to execute · KO revised 2026-08-14 · Example generated for quiz","core3000,core-2000,verb"
1144,prędko,얼른,On robi to prędko.,"Polish Core 3000 · 빈도 #1144 · adv · EN: rapidly, quickly · KO revised 2026-08-14 · Example generated for quiz","core3000,core-2000,adv"
1145,dookoła,주위에 / 사방에,On robi to dookoła.,Polish Core 3000 · 빈도 #1145 · adv · EN: all around · KO revised 2026-08-14 · Example generated for quiz,"core3000,core-2000,adv"
1146,skupić,몰리다,"Mogę skupić, jeśli będzie trzeba.","Polish Core 3000 · 빈도 #1146 · verb · EN: (transitive) to gather, to collect, to accumulate · KO revised 2026-08-14 · Example generated for quiz","core3000,core-2000,verb"
1147,dyrektor,머리,To jest dyrektor.,"Polish Core 3000 · 빈도 #1147 · noun · EN: head, principal, headmaster · KO revised 2026-08-14 · Example generated for quiz","core3000,core-2000,noun"
1148,drzewo,나무,To jest drzewo.,Polish Core 3000 · 빈도 #1148 · noun · EN: tree · KO revised 2026-08-14 · Example generated for quiz,"core3000,core-2000,noun"
1149,odrobina,암시,To jest odrobina.,"Polish Core 3000 · 빈도 #1149 · noun · EN: hint, dash, drop, crumb, shred (small amount) · KO revised 2026-08-14 · Example generated for quiz","core3000,core-2000,noun"
1150,wdzięczny,고마운,W tekście pojawia się określenie „wdzięczny”.,"Polish Core 3000 · 빈도 #1150 · adj · EN: grateful, thankful (showing gratitude) · KO revised 2026-08-14 · Example generated for quiz","core3000,core-2000,adj"
1151,oficjalny,공의,W tekście pojawia się określenie „oficjalny”.,Polish Core 3000 · 빈도 #1151 · adj · EN: official · KO revised 2026-08-14 · Example generated for quiz,"core3000,core-2000,adj"
1152,mądry,현명한,W tekście pojawia się określenie „mądry”.,Polish Core 3000 · 빈도 #1152 · adj · EN: wise · KO revised 2026-08-14 · Example generated for quiz,"core3000,core-2000,adj"
1153,dziewięć,아홉,Biuro otwiera się o dziewięć.,Polish Core 3000 · 빈도 #1153 · num · EN: nine · KO revised 2026-08-14 · Example generated for quiz,"core3000,core-2000,num"
1154,przenieść,움직이다,"Mogę przenieść, jeśli będzie trzeba.","Polish Core 3000 · 빈도 #1154 · verb · EN: (transitive) to move, to carry, to transport · KO revised 2026-08-14 · Example generated for quiz","core3000,core-2000,verb"
1155,typ,종류,To jest typ.,"Polish Core 3000 · 빈도 #1155 · noun · EN: sort, type · KO revised 2026-08-14 · Example generated for quiz","core3000,core-2000,noun"
1156,immunitet,면책특권 / 면책권,To jest immunitet.,Polish Core 3000 · 빈도 #1156 · noun · EN: (law) immunity from prosecution (e.g. diplomatic or parliamentary immunity) · KO revised 2026-08-14 · Example generated for quiz,"core3000,core-2000,noun"
1157,wywiad,인터뷰,To jest wywiad.,Polish Core 3000 · 빈도 #1157 · noun · EN: interview (a conversation in which facts or opinions are sought) · KO revised 2026-08-14 · Example generated for quiz,"core3000,core-2000,noun"
1158,odsunąć,빼놓다,"Mogę odsunąć, jeśli będzie trzeba.","Polish Core 3000 · 빈도 #1158 · verb · EN: (transitive) to move away, to pull away [+ od (genitive) = from something/somewhere] · KO revised 2026-08-14 · Example generated for quiz","core3000,core-2000,verb"
1159,palec,손가락,To jest palec.,Polish Core 3000 · 빈도 #1159 · noun · EN: finger · KO revised 2026-08-14 · Example generated for quiz,"core3000,core-2000,noun"
1160,forsa,반죽,To jest forsa.,"Polish Core 3000 · 빈도 #1160 · noun · EN: (colloquial) dough, money · KO revised 2026-08-14 · Example generated for quiz","core3000,core-2000,noun"
1161,święty,신성한,W tekście pojawia się określenie „święty”.,"Polish Core 3000 · 빈도 #1161 · adj · EN: holy, sacred · KO revised 2026-08-14 · Example generated for quiz","core3000,core-2000,adj"
1162,ludzki,인간적인,W tekście pojawia się określenie „ludzki”.,Polish Core 3000 · 빈도 #1162 · adj · EN: (relational) human · KO revised 2026-08-14 · Example generated for quiz,"core3000,core-2000,adj"
1163,wszelki,전,W tekście pojawia się określenie „wszelki”.,"Polish Core 3000 · 빈도 #1163 · adj · EN: (formal) every, any, any and all · KO revised 2026-08-14 · Example generated for quiz","core3000,core-2000,adj"
1164,wieczny,변함없다,W tekście pojawia się określenie „wieczny”.,Polish Core 3000 · 빈도 #1164 · adj · EN: eternal · KO revised 2026-08-14 · Example generated for quiz,"core3000,core-2000,adj"
1165,doświadczać,체험하다,"Mogę doświadczać, jeśli będzie trzeba.",Polish Core 3000 · 빈도 #1165 · verb · EN: (transitive) to experience [+genitive] · KO revised 2026-08-14 · Example generated for quiz,"core3000,core-2000,verb"
1166,zabójstwo,살해범,To jest zabójstwo.,Polish Core 3000 · 빈도 #1166 · noun · EN: homicide (the killing of one person by another) · KO revised 2026-08-14 · Example generated for quiz,"core3000,core-2000,noun"
1167,tańczyć,추다,"Mogę tańczyć, jeśli będzie trzeba.",Polish Core 3000 · 빈도 #1167 · verb · EN: (intransitive) to dance (to move rhythmically to music) · KO revised 2026-08-14 · Example generated for quiz,"core3000,core-2000,verb"
1168,profesor,지휘자,To jest profesor.,Polish Core 3000 · 빈도 #1168 · noun · EN: professor (higher ranking for a teacher or faculty member at a college or university) · KO revised 2026-08-14 · Example generated for quiz,"core3000,core-2000,noun"
1169,opieka,보호,To jest opieka.,"Polish Core 3000 · 빈도 #1169 · noun · EN: protection, care · KO revised 2026-08-14 · Example generated for quiz","core3000,core-2000,noun"
1170,dach,지붕,To jest dach.,Polish Core 3000 · 빈도 #1170 · noun · EN: roof · KO revised 2026-08-14 · Example generated for quiz,"core3000,core-2000,noun"
1171,pozostać,남다,"Mogę pozostać, jeśli będzie trzeba.","Polish Core 3000 · 빈도 #1171 · verb · EN: (intransitive) remain, stay · KO revised 2026-08-14 · Example generated for quiz","core3000,core-2000,verb"
1172,zegar,시계,To jest zegar.,Polish Core 3000 · 빈도 #1172 · noun · EN: clock (timekeeper) · KO revised 2026-08-14 · Example generated for quiz,"core3000,core-2000,noun"
1173,posiadać,모조리자백하다,"Mogę posiadać, jeśli będzie trzeba.","Polish Core 3000 · 빈도 #1173 · verb · EN: (transitive) to own, to possess (an object or an ability) · KO revised 2026-08-14 · Example generated for quiz","core3000,core-2000,verb"
1174,artykuł,조,To jest artykuł.,"Polish Core 3000 · 빈도 #1174 · noun · EN: article, paper (published text in a newspaper or journal) · KO revised 2026-08-14 · Example generated for quiz","core3000,core-2000,noun"
1175,podstawa,밑바닥,To jest podstawa.,"Polish Core 3000 · 빈도 #1175 · noun · EN: base, foundation · KO revised 2026-08-14 · Example generated for quiz","core3000,core-2000,noun"
1176,rozwiązać,풀다,"Mogę rozwiązać, jeśli będzie trzeba.","Polish Core 3000 · 빈도 #1176 · verb · EN: (transitive) to untie, to unbind · KO revised 2026-08-14 · Example generated for quiz","core3000,core-2000,verb"
1177,rzeka,강,To jest rzeka.,Polish Core 3000 · 빈도 #1177 · noun · EN: river · KO revised 2026-08-14 · Example generated for quiz,"core3000,core-2000,noun"
1178,autobus,버스,To jest autobus.,Polish Core 3000 · 빈도 #1178 · noun · KO revised 2026-08-14 · Example generated for quiz,"core3000,core-2000,noun"
1179,odbiór,납부,To jest odbiór.,Polish Core 3000 · 빈도 #1179 · noun · EN: receipt (act of receiving) · KO revised 2026-08-14 · Example generated for quiz,"core3000,core-2000,noun"
1180,suka,개년,To jest suka.,Polish Core 3000 · 빈도 #1180 · noun · EN: bitch (female dog) · KO revised 2026-08-14 · Example generated for quiz,"core3000,core-2000,noun"
1181,pracownik,고용인,To jest pracownik.,"Polish Core 3000 · 빈도 #1181 · noun · EN: employee, worker · KO revised 2026-08-14 · Example generated for quiz","core3000,core-2000,noun"
1182,złożyć,집합하다,"Mogę złożyć, jeśli będzie trzeba.","Polish Core 3000 · 빈도 #1182 · verb · EN: (transitive) to put together, to assemble · KO revised 2026-08-14 · Example generated for quiz","core3000,core-2000,verb"
1183,ilość,양,To jest ilość.,"Polish Core 3000 · 빈도 #1183 · noun · EN: quantity (a fundamental, generic term used when referring to the measurement) · KO revised 2026-08-14 · Example generated for quiz","core3000,core-2000,noun"
1184,taniec,춤 / 무용,To jest taniec.,Polish Core 3000 · 빈도 #1184 · noun · EN: dance · KO revised 2026-08-14 · Example generated for quiz,"core3000,core-2000,noun"
1185,wyłączyć,무력하게하다,"Mogę wyłączyć, jeśli będzie trzeba.","Polish Core 3000 · 빈도 #1185 · verb · EN: (transitive) to switch off, to turn off, to disable (to put a mechanism, device or system out of operation; to deactivate) · KO revised 2026-08-14 · Example generated for quiz","core3000,core-2000,verb"
1186,oddychać,쉬다,"Mogę oddychać, jeśli będzie trzeba.",Polish Core 3000 · 빈도 #1186 · verb · EN: (intransitive) to breathe · KO revised 2026-08-14 · Example generated for quiz,"core3000,core-2000,verb"
1187,kręcić,틀다,"Mogę kręcić, jeśli będzie trzeba.",Polish Core 3000 · 빈도 #1187 · verb · EN: (transitive) to twist (to turn the ends in opposite directions) · KO revised 2026-08-14 · Example generated for quiz,"core3000,core-2000,verb"
1188,wpływ,영향,To jest wpływ.,"Polish Core 3000 · 빈도 #1188 · noun · EN: influence, effect (ability to affect, control or manipulate) · KO revised 2026-08-14 · Example generated for quiz","core3000,core-2000,noun"
1189,ciemność,어둠 / 암흑,To jest ciemność.,Polish Core 3000 · 빈도 #1189 · noun · EN: dark (a complete or (more often) partial absence of light) · KO revised 2026-08-14 · Example generated for quiz,"core3000,core-2000,noun"
1190,stanowisko,위치,To jest stanowisko.,"Polish Core 3000 · 빈도 #1190 · noun · EN: position, function, office (post of employment) · KO revised 2026-08-14 · Example generated for quiz","core3000,core-2000,noun"
1191,plus,더하기의,To jest plus.,"Polish Core 3000 · 빈도 #1191 · noun · EN: plus, plus sign · KO revised 2026-08-14 · Example generated for quiz","core3000,core-2000,noun"
1192,umiejętność,솜씨,To jest umiejętność.,Polish Core 3000 · 빈도 #1192 · noun · EN: skill · KO revised 2026-08-14 · Example generated for quiz,"core3000,core-2000,noun"
1193,dzieło,작품 / 저작물,To jest dzieło.,"Polish Core 3000 · 빈도 #1193 · noun · EN: work (a literary, artistic, or intellectual production) · KO revised 2026-08-14 · Example generated for quiz","core3000,core-2000,noun"
1194,pośpieszyć,서두르다,"Mogę pośpieszyć, jeśli będzie trzeba.",Polish Core 3000 · 빈도 #1194 · verb · EN: (transitive) to hurry (to hasten; to impel to greater speed; to urge on) · KO revised 2026-08-14 · Example generated for quiz,"core3000,core-2000,verb"
1195,kumpel,배우자,To jest kumpel.,"Polish Core 3000 · 빈도 #1195 · noun · EN: (colloquial) mate, pal, buddy · KO revised 2026-08-14 · Example generated for quiz","core3000,core-2000,noun"
1196,głośno,큰소리,On robi to głośno.,Polish Core 3000 · 빈도 #1196 · adv · EN: loudly · KO revised 2026-08-14 · Example generated for quiz,"core3000,core-2000,adv"
1197,ucho,귀,To jest ucho.,Polish Core 3000 · 빈도 #1197 · noun · EN: ear (body part) · KO revised 2026-08-14 · Example generated for quiz,"core3000,core-2000,noun"
1198,ściana,벽,To jest ściana.,Polish Core 3000 · 빈도 #1198 · noun · EN: wall (substantial structure acting as side or division in a building) · KO revised 2026-08-14 · Example generated for quiz,"core3000,core-2000,noun"
1199,sprzedaż,판매,To jest sprzedaż.,Polish Core 3000 · 빈도 #1199 · noun · EN: (usually in singular) sale (exchange of goods or services for currency or credit) · KO revised 2026-08-14 · Example generated for quiz,"core3000,core-2000,noun"
1200,idealny,이상,W tekście pojawia się określenie „idealny”.,Polish Core 3000 · 빈도 #1200 · adj · EN: ideal · KO revised 2026-08-14 · Example generated for quiz,"core3000,core-2000,adj"
1201,talent,실력,To jest talent.,"Polish Core 3000 · 빈도 #1201 · noun · EN: talent, gift · KO revised 2026-08-14 · Example generated for quiz","core3000,core-2000,noun"
1202,strata,손실,To jest strata.,Polish Core 3000 · 빈도 #1202 · noun · EN: loss · KO revised 2026-08-14 · Example generated for quiz,"core3000,core-2000,noun"
1203,uwolnić,놓다,"Mogę uwolnić, jeśli będzie trzeba.","Polish Core 3000 · 빈도 #1203 · verb · EN: (transitive) to liberate, to release, to set free · KO revised 2026-08-14 · Example generated for quiz","core3000,core-2000,verb"
1204,beta,베타,To jest beta.,"Polish Core 3000 · 빈도 #1204 · noun · EN: beta (Greek letter Β, β) · KO revised 2026-08-14 · Example generated for quiz","core3000,core-2000,noun"
1205,zapraszać,초청하다,"Mogę zapraszać, jeśli będzie trzeba.",Polish Core 3000 · 빈도 #1205 · verb · EN: (transitive) to invite · KO revised 2026-08-14 · Example generated for quiz,"core3000,core-2000,verb"
1206,służba,서비스,To jest służba.,"Polish Core 3000 · 빈도 #1206 · noun · EN: service, duty; the act of providing public service · KO revised 2026-08-14 · Example generated for quiz","core3000,core-2000,noun"
1207,poniedziałek,월요일,To jest poniedziałek.,Polish Core 3000 · 빈도 #1207 · noun · KO revised 2026-08-14 · Example generated for quiz,"core3000,core-2000,noun"
1208,kosztować,비용이 들다 / ~의 가격이다,"Mogę kosztować, jeśli będzie trzeba.","Polish Core 3000 · 빈도 #1208 · verb · EN: (intransitive) to cost (to incur a charge, a price) · KO revised 2026-08-14 · Example generated for quiz","core3000,core-2000,verb"
1209,prawnik,변호사,To jest prawnik.,Polish Core 3000 · 빈도 #1209 · noun · EN: lawyer · KO revised 2026-08-14 · Example generated for quiz,"core3000,core-2000,noun"
1210,słaby,약한,W tekście pojawia się określenie „słaby”.,Polish Core 3000 · 빈도 #1210 · adj · KO revised 2026-08-14 · Example generated for quiz,"core3000,core-2000,adj"
1211,urządzać,공급하다,"Mogę urządzać, jeśli będzie trzeba.",Polish Core 3000 · 빈도 #1211 · verb · EN: (transitive) to furnish (to add furniture and equipment to a place) · KO revised 2026-08-14 · Example generated for quiz,"core3000,core-2000,verb"
1212,ciasto,반죽,To jest ciasto.,"Polish Core 3000 · 빈도 #1212 · noun · EN: dough, batter · KO revised 2026-08-14 · Example generated for quiz","core3000,core-2000,noun"
1213,smutny,아쉬움,W tekście pojawia się określenie „smutny”.,Polish Core 3000 · 빈도 #1213 · adj · EN: sad · KO revised 2026-08-14 · Example generated for quiz,"core3000,core-2000,adj"
1214,grozić,위협하다,"Mogę grozić, jeśli będzie trzeba.","Polish Core 3000 · 빈도 #1214 · verb · EN: (transitive, intransitive) to threaten · KO revised 2026-08-14 · Example generated for quiz","core3000,core-2000,verb"
1215,podpisać,서명하다,"Mogę podpisać, jeśli będzie trzeba.",Polish Core 3000 · 빈도 #1215 · verb · EN: (transitive) to sign (give a signature) · KO revised 2026-08-14 · Example generated for quiz,"core3000,core-2000,verb"
1216,odcinek,구간 / 에피소드,To jest odcinek.,"Polish Core 3000 · 빈도 #1216 · noun · EN: stretch, section (segment of a road, a river, etc.) · KO revised 2026-08-14 · Example generated for quiz","core3000,core-2000,noun"
1217,podejrzany,용의자,W tekście pojawia się określenie „podejrzany”.,Polish Core 3000 · 빈도 #1217 · adj · EN: suspect · KO revised 2026-08-14 · Example generated for quiz,"core3000,core-2000,adj"
1218,skontaktować,연락하다,"Mogę skontaktować, jeśli będzie trzeba.",Polish Core 3000 · 빈도 #1218 · verb · EN: (transitive) to hook up somebody · KO revised 2026-08-14 · Example generated for quiz,"core3000,core-2000,verb"
1219,przeczuwać,예감하다,"Mogę przeczuwać, jeśli będzie trzeba.","Polish Core 3000 · 빈도 #1219 · verb · EN: (transitive) to forefeel, to presage, to sense · KO revised 2026-08-14 · Example generated for quiz","core3000,core-2000,verb"
1220,zgadnąć,짐작하다,"Mogę zgadnąć, jeśli będzie trzeba.","Polish Core 3000 · 빈도 #1220 · verb · EN: (transitive) to guess, to speculate · KO revised 2026-08-14 · Example generated for quiz","core3000,core-2000,verb"
1221,służyć,담기다,"Mogę służyć, jeśli będzie trzeba.",Polish Core 3000 · 빈도 #1221 · verb · EN: (intransitive) to serve (to be a servant) · KO revised 2026-08-14 · Example generated for quiz,"core3000,core-2000,verb"
1222,kradzież,도난 / 절도,To jest kradzież.,Polish Core 3000 · 빈도 #1222 · noun · KO revised 2026-08-14 · Example generated for quiz,"core3000,core-2000,noun"
1223,pogrzeb,장례,To jest pogrzeb.,Polish Core 3000 · 빈도 #1223 · noun · EN: funeral · KO revised 2026-08-14 · Example generated for quiz,"core3000,core-2000,noun"
1224,tłumaczyć,통역하다,"Mogę tłumaczyć, jeśli będzie trzeba.","Polish Core 3000 · 빈도 #1224 · verb · EN: (transitive, translation studies) to interpret, to translate (writing or speech) · KO revised 2026-08-14 · Example generated for quiz","core3000,core-2000,verb"
1225,podnieść,추다,"Mogę podnieść, jeśli będzie trzeba.","Polish Core 3000 · 빈도 #1225 · verb · EN: (transitive) to pick up, to raise, to lift, to uplift, to elevate (physically or metaphorically) · KO revised 2026-08-14 · Example generated for quiz","core3000,core-2000,verb"
1226,wyłączny,배타적인,W tekście pojawia się określenie „wyłączny”.,"Polish Core 3000 · 빈도 #1226 · adj · EN: exclusive, sole · KO revised 2026-08-14 · Example generated for quiz","core3000,core-2000,adj"
1227,wiarygodny,신용할 수 있는,W tekście pojawia się określenie „wiarygodny”.,"Polish Core 3000 · 빈도 #1227 · adj · EN: credible, reliable, trustworthy · KO revised 2026-08-14 · Example generated for quiz","core3000,core-2000,adj"
1228,samotny,고독한,W tekście pojawia się określenie „samotny”.,"Polish Core 3000 · 빈도 #1228 · adj · EN: lonely, solitary · KO revised 2026-08-14 · Example generated for quiz","core3000,core-2000,adj"
1229,byle,만일 이라면,"Zrobię wszystko, byle zdążyć na czas.","Polish Core 3000 · 빈도 #1229 · conj · EN: provided (that), as long as · KO revised 2026-08-14 · Example generated for quiz","core3000,core-2000,conj"
1230,gdyż,왜냐하면,"Nie przyszedł, gdyż był chory.","Polish Core 3000 · 빈도 #1230 · conj · EN: (formal) because, for · KO revised 2026-08-14 · Example generated for quiz","core3000,core-2000,conj"
1231,osiągnąć,해내다,"Mogę osiągnąć, jeśli będzie trzeba.","Polish Core 3000 · 빈도 #1231 · verb · EN: (transitive) to achieve, to accomplish · KO revised 2026-08-14 · Example generated for quiz","core3000,core-2000,verb"
1232,wesoły,거나한,W tekście pojawia się określenie „wesoły”.,Polish Core 3000 · 빈도 #1232 · adj · EN: merry · KO revised 2026-08-14 · Example generated for quiz,"core3000,core-2000,adj"
1233,przestrzeń,공지,To jest przestrzeń.,Polish Core 3000 · 빈도 #1233 · noun · EN: space (area occupied by or intended for a person or thing) · KO revised 2026-08-14 · Example generated for quiz,"core3000,core-2000,noun"
1234,zwycięstwo,승리,To jest zwycięstwo.,"Polish Core 3000 · 빈도 #1234 · noun · EN: victory, win · KO revised 2026-08-14 · Example generated for quiz","core3000,core-2000,noun"
1235,sukinsyn,쌍놈,To jest sukinsyn.,"Polish Core 3000 · 빈도 #1235 · noun · EN: (vulgar, offensive) son of a bitch, motherfucker · KO revised 2026-08-14 · Example generated for quiz","core3000,core-2000,noun"
1236,zapewnić,납득시키다,"Mogę zapewnić, jeśli będzie trzeba.","Polish Core 3000 · 빈도 #1236 · verb · EN: (transitive) to assure, to reassure [+ o (locative) = of something] · KO revised 2026-08-14 · Example generated for quiz","core3000,core-2000,verb"
1237,butelka,병,To jest butelka.,Polish Core 3000 · 빈도 #1237 · noun · EN: bottle (container used for holding liquids) · KO revised 2026-08-14 · Example generated for quiz,"core3000,core-2000,noun"
1238,bałagan,엉망,To jest bałagan.,"Polish Core 3000 · 빈도 #1238 · noun · EN: mess, disorder · KO revised 2026-08-14 · Example generated for quiz","core3000,core-2000,noun"
1239,smakować,맛보다,"Mogę smakować, jeśli będzie trzeba.","Polish Core 3000 · 빈도 #1239 · verb · EN: (transitive) to taste, to sample the flavor of something · KO revised 2026-08-14 · Example generated for quiz","core3000,core-2000,verb"
1240,obecność,출석 / 존재,To jest obecność.,Polish Core 3000 · 빈도 #1240 · noun · EN: presence (fact or condition of being present) · KO revised 2026-08-14 · Example generated for quiz,"core3000,core-2000,noun"
1241,odpowiedzialność,책임,To jest odpowiedzialność.,"Polish Core 3000 · 빈도 #1241 · noun · EN: responsibility, liability, charge · KO revised 2026-08-14 · Example generated for quiz","core3000,core-2000,noun"
1242,plemię,부족,To jest plemię.,Polish Core 3000 · 빈도 #1242 · noun · EN: tribe (group of people) · KO revised 2026-08-14 · Example generated for quiz,"core3000,core-2000,noun"
1243,papier,종이,To jest papier.,Polish Core 3000 · 빈도 #1243 · noun · EN: paper (material) · KO revised 2026-08-14 · Example generated for quiz,"core3000,core-2000,noun"
1244,sobota,토요일,To jest sobota.,Polish Core 3000 · 빈도 #1244 · noun · KO revised 2026-08-14 · Example generated for quiz,"core3000,core-2000,noun"
1245,oferta,신청,To jest oferta.,Polish Core 3000 · 빈도 #1245 · noun · EN: offer · KO revised 2026-08-14 · Example generated for quiz,"core3000,core-2000,noun"
1246,torba,가방,To jest torba.,Polish Core 3000 · 빈도 #1246 · noun · EN: bag (flexible container) · KO revised 2026-08-14 · Example generated for quiz,"core3000,core-2000,noun"
1247,dołączyć,가하다,"Mogę dołączyć, jeśli będzie trzeba.",Polish Core 3000 · 빈도 #1247 · verb · EN: (transitive) to add · KO revised 2026-08-14 · Example generated for quiz,"core3000,core-2000,verb"
1248,płacić,지불하다,"Mogę płacić, jeśli będzie trzeba.",Polish Core 3000 · 빈도 #1248 · verb · KO revised 2026-08-14 · Example generated for quiz,"core3000,core-2000,verb"
1249,dzienny,낮의,W tekście pojawia się określenie „dzienny”.,Polish Core 3000 · 빈도 #1249 · adj · EN: diurnal · KO revised 2026-08-14 · Example generated for quiz,"core3000,core-2000,adj"
1250,źródło,발원지,To jest źródło.,Polish Core 3000 · 빈도 #1250 · noun · EN: source · KO revised 2026-08-14 · Example generated for quiz,"core3000,core-2000,noun"
1251,wskazywać,지적하다,"Mogę wskazywać, jeśli będzie trzeba.","Polish Core 3000 · 빈도 #1251 · verb · EN: (transitive) to indicate, to point to, to show (with one's finger) [+dative = whom] [+instrumental = with what] [+ na (accusative) = at what] · KO revised 2026-08-14 · Example generated for quiz","core3000,core-2000,verb"
1252,teza,논제,To jest teza.,Polish Core 3000 · 빈도 #1252 · noun · EN: thesis (statement supported by arguments) · KO revised 2026-08-14 · Example generated for quiz,"core3000,core-2000,noun"
1253,major,주요,To jest major.,Polish Core 3000 · 빈도 #1253 · noun · EN: major (military rank) · KO revised 2026-08-14 · Example generated for quiz,"core3000,core-2000,noun"
1254,spodziewać,예상되다,"Mogę spodziewać, jeśli będzie trzeba.","Polish Core 3000 · 빈도 #1254 · verb · EN: (reflexive) to anticipate, to expect, to hope for, to look forward to [+genitive = something] · KO revised 2026-08-14 · Example generated for quiz","core3000,core-2000,verb"
1255,uważny,주의깊은,W tekście pojawia się określenie „uważny”.,"Polish Core 3000 · 빈도 #1255 · adj · EN: attentive, heedful, watchful, observant, careful · KO revised 2026-08-14 · Example generated for quiz","core3000,core-2000,adj"
1256,wyzwać,욕하다,"Mogę wyzwać, jeśli będzie trzeba.","Polish Core 3000 · 빈도 #1256 · verb · EN: (transitive) to call names, to insult · KO revised 2026-08-14 · Example generated for quiz","core3000,core-2000,verb"
1257,niebezpieczeństwo,위험,To jest niebezpieczeństwo.,Polish Core 3000 · 빈도 #1257 · noun · EN: danger · KO revised 2026-08-14 · Example generated for quiz,"core3000,core-2000,noun"
1258,deszcz,비,To jest deszcz.,Polish Core 3000 · 빈도 #1258 · noun · EN: rain · KO revised 2026-08-14 · Example generated for quiz,"core3000,core-2000,noun"
1259,skorzystać,이용하다 / 혜택을 보다,"Mogę skorzystać, jeśli będzie trzeba.","Polish Core 3000 · 빈도 #1259 · verb · EN: (intransitive) to benefit, to profit [+ na (locative) = from something] · KO revised 2026-08-14 · Example generated for quiz","core3000,core-2000,verb"
1260,szeryf,보안관,To jest szeryf.,Polish Core 3000 · 빈도 #1260 · noun · EN: (law enforcement) sheriff · KO revised 2026-08-14 · Example generated for quiz,"core3000,core-2000,noun"
1261,tekst,텍스트,To jest tekst.,Polish Core 3000 · 빈도 #1261 · noun · EN: text (a written passage) · KO revised 2026-08-14 · Example generated for quiz,"core3000,core-2000,noun"
1262,wyspa,섬,To jest wyspa.,Polish Core 3000 · 빈도 #1262 · noun · EN: island (piece of land smaller than a continent and surrounded by water) · KO revised 2026-08-14 · Example generated for quiz,"core3000,core-2000,noun"
1263,spacer,산책,To jest spacer.,"Polish Core 3000 · 빈도 #1263 · noun · EN: stroll, walk (wandering on foot; idle and leisurely walk) · KO revised 2026-08-14 · Example generated for quiz","core3000,core-2000,noun"
1264,wytłumaczyć,설명하다,"Mogę wytłumaczyć, jeśli będzie trzeba.",Polish Core 3000 · 빈도 #1264 · verb · EN: (transitive) to explain · KO revised 2026-08-14 · Example generated for quiz,"core3000,core-2000,verb"
1265,jon,음이온,To jest jon.,Polish Core 3000 · 빈도 #1265 · noun · EN: ion · KO revised 2026-08-14 · Example generated for quiz,"core3000,core-2000,noun"
1266,skóra,피부,To jest skóra.,Polish Core 3000 · 빈도 #1266 · noun · EN: skin · KO revised 2026-08-14 · Example generated for quiz,"core3000,core-2000,noun"
1267,cierpieć,배기다,"Mogę cierpieć, jeśli będzie trzeba.",Polish Core 3000 · 빈도 #1267 · verb · EN: (intransitive) to suffer (to feel pain) · KO revised 2026-08-14 · Example generated for quiz,"core3000,core-2000,verb"
1268,wezwać,부르다,"Mogę wezwać, jeśli będzie trzeba.","Polish Core 3000 · 빈도 #1268 · verb · EN: (transitive) to call, to summon · KO revised 2026-08-14 · Example generated for quiz","core3000,core-2000,verb"
1269,pomówić,이야기하다 / (누군가를) 중상하다,"Mogę pomówić, jeśli będzie trzeba.",Polish Core 3000 · 빈도 #1269 · verb · EN: (transitive) to have a conversation · KO revised 2026-08-14 · Example generated for quiz,"core3000,core-2000,verb"
1270,dziwka,창녀 / 매춘부 (모욕적),To jest dziwka.,Polish Core 3000 · 빈도 #1270 · noun · EN: (slang) whore (prostitute) · KO revised 2026-08-14 · Example generated for quiz,"core3000,core-2000,noun"
1271,materiał,재료,To jest materiał.,Polish Core 3000 · 빈도 #1271 · noun · EN: material · KO revised 2026-08-14 · Example generated for quiz,"core3000,core-2000,noun"
1272,koszmar,악몽,To jest koszmar.,Polish Core 3000 · 빈도 #1272 · noun · EN: nightmare (dream) · KO revised 2026-08-14 · Example generated for quiz,"core3000,core-2000,noun"
1273,scena,무대,To jest scena.,Polish Core 3000 · 빈도 #1273 · noun · EN: stage (theatre) · KO revised 2026-08-14 · Example generated for quiz,"core3000,core-2000,noun"
1274,niebezpieczny,위독한,W tekście pojawia się określenie „niebezpieczny”.,Polish Core 3000 · 빈도 #1274 · adj · EN: dangerous · KO revised 2026-08-14 · Example generated for quiz,"core3000,core-2000,adj"
1275,fair,희다,W tekście pojawia się określenie „fair”.,"Polish Core 3000 · 빈도 #1275 · adj · EN: fair (just, equitable) · KO revised 2026-08-14 · Example generated for quiz","core3000,core-2000,adj"
1276,oficer,간사,To jest oficer.,Polish Core 3000 · 빈도 #1276 · noun · EN: officer (person in a position of authority in the uniformed services) · KO revised 2026-08-14 · Example generated for quiz,"core3000,core-2000,noun"
1277,przedtem,이전에,On robi to przedtem.,"Polish Core 3000 · 빈도 #1277 · adv · EN: formerly, before · KO revised 2026-08-14 · Example generated for quiz","core3000,core-2000,adv"
1278,wyrok,목적어,To jest wyrok.,"Polish Core 3000 · 빈도 #1278 · noun · EN: (law) judgement, sentence (punishment imposed on a person convicted of a crime) · KO revised 2026-08-14 · Example generated for quiz","core3000,core-2000,noun"
1279,byście,가끔했다,W tym zdaniu użyto słowa „byście”.,"Polish Core 3000 · 빈도 #1279 · particle · EN: a particle used to make conditional mood; would, should · KO revised 2026-08-14 · Example generated for quiz","core3000,core-2000,particle"
1280,Zachód,서쪽,To jest Zachód.,"Polish Core 3000 · 빈도 #1280 · noun · EN: the West, the Euro-American socioeconomic area: Western Europe, United States and Canada · KO revised 2026-08-14 · Example generated for quiz","core3000,core-2000,noun"
1281,uniknąć,기하다,"Mogę uniknąć, jeśli będzie trzeba.","Polish Core 3000 · 빈도 #1281 · verb · EN: (transitive) to avoid, to evade, to dodge [+genitive] · KO revised 2026-08-14 · Example generated for quiz","core3000,core-2000,verb"
1282,podłoga,층,To jest podłoga.,Polish Core 3000 · 빈도 #1282 · noun · EN: floor (supporting surface of a room) · KO revised 2026-08-14 · Example generated for quiz,"core3000,core-2000,noun"
1283,zresztą,더욱이,Zresztą możesz sprawdzić sam.,"Polish Core 3000 · 빈도 #1283 · particle · EN: besides, anyway, in any case · KO revised 2026-08-14 · Example generated for quiz","core3000,core-2000,particle"
1284,przetrwać,존속하다,"Mogę przetrwać, jeśli będzie trzeba.","Polish Core 3000 · 빈도 #1284 · verb · EN: (transitive) to survive, endure, outlast, prevail · KO revised 2026-08-14 · Example generated for quiz","core3000,core-2000,verb"
1285,rzadko,드물게,On robi to rzadko.,Polish Core 3000 · 빈도 #1285 · adv · KO revised 2026-08-14 · Example generated for quiz,"core3000,core-2000,adv"
1286,stopień,단계,To jest stopień.,"Polish Core 3000 · 빈도 #1286 · noun · EN: step, a piece of stairs · KO revised 2026-08-14 · Example generated for quiz","core3000,core-2000,noun"
1287,kilometr,킬로미터,To jest kilometr.,"Polish Core 3000 · 빈도 #1287 · noun · EN: kilometre, (US) kilometer · KO revised 2026-08-14 · Example generated for quiz","core3000,core-2000,noun"
1288,dłoń,손바닥,To jest dłoń.,"Polish Core 3000 · 빈도 #1288 · noun · EN: palm (inner, concave part of hand) · KO revised 2026-08-14 · Example generated for quiz","core3000,core-2000,noun"
1289,ustalić,확립하다,"Mogę ustalić, jeśli będzie trzeba.","Polish Core 3000 · 빈도 #1289 · verb · EN: (transitive) to establish, to set, to fix · KO revised 2026-08-14 · Example generated for quiz","core3000,core-2000,verb"
1290,adwokat,변호인,To jest adwokat.,"Polish Core 3000 · 빈도 #1290 · noun · EN: (law) advocate, attorney, barrister, solicitor, lawyer, counsel · KO revised 2026-08-14 · Example generated for quiz","core3000,core-2000,noun"
1291,rock,바위,To jest rock.,Polish Core 3000 · 빈도 #1291 · noun · EN: rock (style of music) · KO revised 2026-08-14 · Example generated for quiz,"core3000,core-2000,noun"
1292,płakać,울다,"Mogę płakać, jeśli będzie trzeba.",Polish Core 3000 · 빈도 #1292 · verb · EN: (intransitive) to cry (shed tears) · KO revised 2026-08-14 · Example generated for quiz,"core3000,core-2000,verb"
1293,obóz,캠프장,To jest obóz.,Polish Core 3000 · 빈도 #1293 · noun · EN: camp (outdoor place acting as temporary accommodation) · KO revised 2026-08-14 · Example generated for quiz,"core3000,core-2000,noun"
1294,ucieczka,도주 / 탈출,To jest ucieczka.,"Polish Core 3000 · 빈도 #1294 · noun · EN: escape, flight (the act of fleeing) · KO revised 2026-08-14 · Example generated for quiz","core3000,core-2000,noun"
1295,wyrzucić,버리다,"Mogę wyrzucić, jeśli będzie trzeba.","Polish Core 3000 · 빈도 #1295 · verb · EN: (transitive) to throw away, to discard, to trash · KO revised 2026-08-14 · Example generated for quiz","core3000,core-2000,verb"
1296,partner,조합원,To jest partner.,Polish Core 3000 · 빈도 #1296 · noun · EN: partner (someone who is associated with another in a common activity or interest) · KO revised 2026-08-14 · Example generated for quiz,"core3000,core-2000,noun"
1297,sprowadzać,데리고오다,"Mogę sprowadzać, jeśli będzie trzeba.","Polish Core 3000 · 빈도 #1297 · verb · EN: (transitive) to bring, to fetch · KO revised 2026-08-14 · Example generated for quiz","core3000,core-2000,verb"
1298,warunek,조건,To jest warunek.,"Polish Core 3000 · 빈도 #1298 · noun · EN: condition, term · KO revised 2026-08-14 · Example generated for quiz","core3000,core-2000,noun"
1299,tytuł,호,To jest tytuł.,"Polish Core 3000 · 빈도 #1299 · noun · EN: title (the name of a book, film or other work of art) · KO revised 2026-08-14 · Example generated for quiz","core3000,core-2000,noun"
1300,obcy,잘알지 못하는,W tekście pojawia się określenie „obcy”.,Polish Core 3000 · 빈도 #1300 · adj · EN: unfamiliar · KO revised 2026-08-14 · Example generated for quiz,"core3000,core-2000,adj"
1301,pożyczyć,차용하다,"Mogę pożyczyć, jeśli będzie trzeba.",Polish Core 3000 · 빈도 #1301 · verb · EN: (transitive) to borrow (receive temporarily) [+accusative = something] [+ od (genitive) = from someone] · KO revised 2026-08-14 · Example generated for quiz,"core3000,core-2000,verb"
1302,lód,얼음,To jest lód.,Polish Core 3000 · 빈도 #1302 · noun · EN: ice · KO revised 2026-08-14 · Example generated for quiz,"core3000,core-2000,noun"
1303,nastrój,분위기,To jest nastrój.,Polish Core 3000 · 빈도 #1303 · noun · EN: atmosphere (mood or feeling) · KO revised 2026-08-14 · Example generated for quiz,"core3000,core-2000,noun"
1304,mleko,우유,To jest mleko.,Polish Core 3000 · 빈도 #1304 · noun · EN: milk · KO revised 2026-08-14 · Example generated for quiz,"core3000,core-2000,noun"
1305,szybki,빠른,W tekście pojawia się określenie „szybki”.,Polish Core 3000 · 빈도 #1305 · adj · KO revised 2026-08-14 · Example generated for quiz,"core3000,core-2000,adj"
1306,wycofać,철회하다 / 물러나다,"Mogę wycofać, jeśli będzie trzeba.","Polish Core 3000 · 빈도 #1306 · verb · EN: (transitive) to back, to withdraw · KO revised 2026-08-14 · Example generated for quiz","core3000,core-2000,verb"
1307,nauka,과학,To jest nauka.,"Polish Core 3000 · 빈도 #1307 · noun · EN: science, field of study (e.g., physics, mathematics, history) · KO revised 2026-08-14 · Example generated for quiz","core3000,core-2000,noun"
1308,pierścień,반지,To jest pierścień.,Polish Core 3000 · 빈도 #1308 · noun · EN: ring (a round piece of metal worn around the finger) · KO revised 2026-08-14 · Example generated for quiz,"core3000,core-2000,noun"
1309,mięso,고기,To jest mięso.,Polish Core 3000 · 빈도 #1309 · noun · EN: meat (animal flesh) · KO revised 2026-08-14 · Example generated for quiz,"core3000,core-2000,noun"
1310,jednoczesny,동시의,W tekście pojawia się określenie „jednoczesny”.,"Polish Core 3000 · 빈도 #1310 · adj · EN: simultaneous, coincidental · KO revised 2026-08-14 · Example generated for quiz","core3000,core-2000,adj"
1311,poszukać,찾다,"Mogę poszukać, jeśli będzie trzeba.","Polish Core 3000 · 빈도 #1311 · verb · EN: (transitive) to look for, to search, to seek · KO revised 2026-08-14 · Example generated for quiz","core3000,core-2000,verb"
1312,wydział,수완,To jest wydział.,Polish Core 3000 · 빈도 #1312 · noun · EN: (education) faculty (division of a university) · KO revised 2026-08-14 · Example generated for quiz,"core3000,core-2000,noun"
1313,dokonać,완성하다,"Mogę dokonać, jeśli będzie trzeba.","Polish Core 3000 · 빈도 #1313 · verb · EN: (transitive) to bring to an end, to accomplish, to pull off [+genitive] · KO revised 2026-08-14 · Example generated for quiz","core3000,core-2000,verb"
1314,głód,갈망,To jest głód.,Polish Core 3000 · 빈도 #1314 · noun · EN: hunger (need for food) · KO revised 2026-08-14 · Example generated for quiz,"core3000,core-2000,noun"
1315,zwykły,평범한 / 보통의,W tekście pojawia się określenie „zwykły”.,"Polish Core 3000 · 빈도 #1315 · adj · EN: common, normal, ordinary · KO revised 2026-08-14 · Example generated for quiz","core3000,core-2000,adj"
1316,reda,정박소,To jest reda.,Polish Core 3000 · 빈도 #1316 · noun · EN: (nautical) roadstead (a partly-sheltered anchorage outside a harbour) · KO revised 2026-08-14 · Example generated for quiz,"core3000,core-2000,noun"
1317,gazeta,신문,To jest gazeta.,Polish Core 3000 · 빈도 #1317 · noun · EN: newspaper (publication) · KO revised 2026-08-14 · Example generated for quiz,"core3000,core-2000,noun"
1318,śpiewać,노래하다,"Mogę śpiewać, jeśli będzie trzeba.","Polish Core 3000 · 빈도 #1318 · verb · EN: (transitive) to sing, to chant · KO revised 2026-08-14 · Example generated for quiz","core3000,core-2000,verb"
1319,cola,콜라,To jest cola.,"Polish Core 3000 · 빈도 #1319 · noun · EN: cola (any kind of soft drink made with kola nut flavoring, caramel, and carbonated water) · KO revised 2026-08-14 · Example generated for quiz","core3000,core-2000,noun"
1320,dwadzieścia,스물,Mam dwadzieścia złotych.,Polish Core 3000 · 빈도 #1320 · num · EN: twenty · KO revised 2026-08-14 · Example generated for quiz,"core3000,core-2000,num"
1321,odpuścić,방면하다,"Mogę odpuścić, jeśli będzie trzeba.","Polish Core 3000 · 빈도 #1321 · verb · EN: (transitive) to absolve, to pardon, to remit · KO revised 2026-08-14 · Example generated for quiz","core3000,core-2000,verb"
1322,lotnisko,공항,To jest lotnisko.,Polish Core 3000 · 빈도 #1322 · noun · KO revised 2026-08-14 · Example generated for quiz,"core3000,core-2000,noun"
1323,kontrakt,계약,To jest kontrakt.,Polish Core 3000 · 빈도 #1323 · noun · EN: (law) contract (agreement that is legally binding) · KO revised 2026-08-14 · Example generated for quiz,"core3000,core-2000,noun"
1324,żywy,살다,W tekście pojawia się określenie „żywy”.,"Polish Core 3000 · 빈도 #1324 · adj · EN: (not comparable) live, alive, living · KO revised 2026-08-14 · Example generated for quiz","core3000,core-2000,adj"
1325,usunąć,벗다,"Mogę usunąć, jeśli będzie trzeba.",Polish Core 3000 · 빈도 #1325 · verb · EN: (transitive) to remove · KO revised 2026-08-14 · Example generated for quiz,"core3000,core-2000,verb"
1326,przeprosiny,사과,To jest przeprosiny.,Polish Core 3000 · 빈도 #1326 · noun · EN: apology (expression of regret) · KO revised 2026-08-14 · Example generated for quiz,"core3000,core-2000,noun"
1327,choroba,투병,To jest choroba.,"Polish Core 3000 · 빈도 #1327 · noun · EN: illness, sickness, disease · KO revised 2026-08-14 · Example generated for quiz","core3000,core-2000,noun"
1328,wściec,혹하다,"Mogę wściec, jeśli będzie trzeba.","Polish Core 3000 · 빈도 #1328 · verb · EN: (reflexive) to lose it, to flip out, to go ape · KO revised 2026-08-14 · Example generated for quiz","core3000,core-2000,verb"
1329,kula,공,To jest kula.,Polish Core 3000 · 빈도 #1329 · noun · EN: ball (spherical object) · KO revised 2026-08-14 · Example generated for quiz,"core3000,core-2000,noun"
1330,zwolnić,눚추다,"Mogę zwolnić, jeśli będzie trzeba.","Polish Core 3000 · 빈도 #1330 · verb · EN: (transitive, intransitive) to slow down, decelerate (to go slower) · KO revised 2026-08-14 · Example generated for quiz","core3000,core-2000,verb"
1331,muzeum,박물관,To jest muzeum.,Polish Core 3000 · 빈도 #1331 · noun · EN: museum · KO revised 2026-08-14 · Example generated for quiz,"core3000,core-2000,noun"
1332,przemoc,난폭,To jest przemoc.,Polish Core 3000 · 빈도 #1332 · noun · EN: violence · KO revised 2026-08-14 · Example generated for quiz,"core3000,core-2000,noun"
1333,towarzystwo,사회,To jest towarzystwo.,Polish Core 3000 · 빈도 #1333 · noun · EN: society (group of persons who meet from time to time to engage in a common interest) · KO revised 2026-08-14 · Example generated for quiz,"core3000,core-2000,noun"
1334,zaskoczyć,놀라게 하다 / 기습하다,"Mogę zaskoczyć, jeśli będzie trzeba.","Polish Core 3000 · 빈도 #1334 · verb · EN: (transitive) to surprise, to startle, to catch unawares · KO revised 2026-08-14 · Example generated for quiz","core3000,core-2000,verb"
1335,obowiązek,담임,To jest obowiązek.,Polish Core 3000 · 빈도 #1335 · noun · EN: duty (that which one is morally or legally obligated to do) · KO revised 2026-08-14 · Example generated for quiz,"core3000,core-2000,noun"
1336,któryś,누구든,Któryś z tych kluczy pasuje.,"Polish Core 3000 · 빈도 #1336 · pron · EN: any, some, one of (unspecified) · KO revised 2026-08-14 · Example generated for quiz","core3000,core-2000,pron"
1337,jednakże,그럴지라도,"Pomysł jest dobry, jednakże drogi.",Polish Core 3000 · 빈도 #1337 · conj · EN: however · KO revised 2026-08-14 · Example generated for quiz,"core3000,core-2000,conj"
1338,okulary,안경,To jest okulary.,Polish Core 3000 · 빈도 #1338 · noun · EN: glasses · KO revised 2026-08-14 · Example generated for quiz,"core3000,core-2000,noun"
1339,wypuścić,내보내다 / 풀어주다,"Mogę wypuścić, jeśli będzie trzeba.",Polish Core 3000 · 빈도 #1339 · verb · EN: (transitive) to let out from the inside · KO revised 2026-08-14 · Example generated for quiz,"core3000,core-2000,verb"
1340,śmierdzieć,악취가 나다 / 냄새가 지독하다,"Mogę śmierdzieć, jeśli będzie trzeba.","Polish Core 3000 · 빈도 #1340 · verb · EN: (intransitive) to stink, smell bad · KO revised 2026-08-14 · Example generated for quiz","core3000,core-2000,verb"
1341,wizyta,방문,To jest wizyta.,Polish Core 3000 · 빈도 #1341 · noun · EN: visit · KO revised 2026-08-14 · Example generated for quiz,"core3000,core-2000,noun"
1342,przysłać,전달하다,"Mogę przysłać, jeśli będzie trzeba.","Polish Core 3000 · 빈도 #1342 · verb · EN: (transitive) to send in, to deliver · KO revised 2026-08-14 · Example generated for quiz","core3000,core-2000,verb"
1343,lekcja,수업 / 과(lesson),To jest lekcja.,Polish Core 3000 · 빈도 #1343 · noun · EN: lesson (a section of some wider learning content) · KO revised 2026-08-14 · Example generated for quiz,"core3000,core-2000,noun"
1344,kariera,생애,To jest kariera.,Polish Core 3000 · 빈도 #1344 · noun · EN: career (one's professional development) · KO revised 2026-08-14 · Example generated for quiz,"core3000,core-2000,noun"
1345,angielski,영어의,W tekście pojawia się określenie „angielski”.,Polish Core 3000 · 빈도 #1345 · adj · EN: (relational) English · KO revised 2026-08-14 · Example generated for quiz,"core3000,core-2000,adj"
1346,członek,의원,To jest członek.,Polish Core 3000 · 빈도 #1346 · noun · EN: member (one who officially belongs to a group) · KO revised 2026-08-14 · Example generated for quiz,"core3000,core-2000,noun"
1347,przybyć,도착하다,"Mogę przybyć, jeśli będzie trzeba.","Polish Core 3000 · 빈도 #1347 · verb · EN: (intransitive) to arrive, to get in · KO revised 2026-08-14 · Example generated for quiz","core3000,core-2000,verb"
1348,granica,가선,To jest granica.,Polish Core 3000 · 빈도 #1348 · noun · EN: border; frontier · KO revised 2026-08-14 · Example generated for quiz,"core3000,core-2000,noun"
1349,ulubiony,가장 좋아하는 / 애용하는,W tekście pojawia się określenie „ulubiony”.,"Polish Core 3000 · 빈도 #1349 · adj · EN: favourite, favorite · KO revised 2026-08-14 · Example generated for quiz","core3000,core-2000,adj"
1350,silnik,엔진,To jest silnik.,"Polish Core 3000 · 빈도 #1350 · noun · EN: engine (motor, a mechanical device) · KO revised 2026-08-14 · Example generated for quiz","core3000,core-2000,noun"
1351,procent,퍼센트,To jest procent.,Polish Core 3000 · 빈도 #1351 · noun · EN: percent · KO revised 2026-08-14 · Example generated for quiz,"core3000,core-2000,noun"
1352,zdolność,능력,To jest zdolność.,Polish Core 3000 · 빈도 #1352 · noun · EN: ability · KO revised 2026-08-14 · Example generated for quiz,"core3000,core-2000,noun"
1353,wartość,대가,To jest wartość.,Polish Core 3000 · 빈도 #1353 · noun · EN: value (quality that renders something desirable or valuable) · KO revised 2026-08-14 · Example generated for quiz,"core3000,core-2000,noun"
1354,trafić,후려치다,"Mogę trafić, jeśli będzie trzeba.",Polish Core 3000 · 빈도 #1354 · verb · EN: (intransitive) to hit (touch in the right place) [+ w (accusative) = something] · KO revised 2026-08-14 · Example generated for quiz,"core3000,core-2000,verb"
1355,zwłoka,늦추다,To jest zwłoka.,Polish Core 3000 · 빈도 #1355 · noun · EN: delay · KO revised 2026-08-14 · Example generated for quiz,"core3000,core-2000,noun"
1356,słuszny,옳은 / 타당한,W tekście pojawia się określenie „słuszny”.,"Polish Core 3000 · 빈도 #1356 · adj · EN: right, proper, correct · KO revised 2026-08-14 · Example generated for quiz","core3000,core-2000,adj"
1357,spóźniać,늦다 / 지각하다,"Mogę spóźniać, jeśli będzie trzeba.",Polish Core 3000 · 빈도 #1357 · verb · EN: (reflexive) to be late · KO revised 2026-08-14 · Example generated for quiz,"core3000,core-2000,verb"
1358,plotka,수다,To jest plotka.,"Polish Core 3000 · 빈도 #1358 · noun · EN: gossip, rumour (idle talk) · KO revised 2026-08-14 · Example generated for quiz","core3000,core-2000,noun"
1359,zazdrosny,부러워하는,W tekście pojawia się określenie „zazdrosny”.,Polish Core 3000 · 빈도 #1359 · adj · EN: envious (feeling or exhibiting envy) · KO revised 2026-08-14 · Example generated for quiz,"core3000,core-2000,adj"
1360,palić,끼다,"Mogę palić, jeśli będzie trzeba.",Polish Core 3000 · 빈도 #1360 · verb · EN: (intransitive) to heat a dwelling by burning fuel · KO revised 2026-08-14 · Example generated for quiz,"core3000,core-2000,verb"
1361,alibi,알리바이,To jest alibi.,Polish Core 3000 · 빈도 #1361 · noun · EN: (law) alibi (plea or mode of defense under which a person on trial for a crime proves or attempts to prove being in another place when the alleged act · KO revised 2026-08-14 · Example generated for quiz,"core3000,core-2000,noun"
1362,bal,공,To jest bal.,Polish Core 3000 · 빈도 #1362 · noun · EN: ball (formal dance) · KO revised 2026-08-14 · Example generated for quiz,"core3000,core-2000,noun"
1363,zjednoczony,결합한,W tekście pojawia się określenie „zjednoczony”.,Polish Core 3000 · 빈도 #1363 · adj · EN: united · KO revised 2026-08-14 · Example generated for quiz,"core3000,core-2000,adj"
1364,wschód,일어나다,To jest wschód.,"Polish Core 3000 · 빈도 #1364 · noun · EN: rise (referring to a celestial body, such as sunrise) · KO revised 2026-08-14 · Example generated for quiz","core3000,core-2000,noun"
1365,zarobić,손에넣다,"Mogę zarobić, jeśli będzie trzeba.","Polish Core 3000 · 빈도 #1365 · verb · EN: (transitive) to earn, to make · KO revised 2026-08-14 · Example generated for quiz","core3000,core-2000,verb"
1366,wręczać,주다,"Mogę wręczać, jeśli będzie trzeba.","Polish Core 3000 · 빈도 #1366 · verb · EN: (transitive) to give, to hand, to proffer · KO revised 2026-08-14 · Example generated for quiz","core3000,core-2000,verb"
1367,ostrzec,경고하다,"Mogę ostrzec, jeśli będzie trzeba.","Polish Core 3000 · 빈도 #1367 · verb · EN: (transitive) to caution, to warn (to make aware of impending danger) · KO revised 2026-08-14 · Example generated for quiz","core3000,core-2000,verb"
1368,właściciel,주인,To jest właściciel.,"Polish Core 3000 · 빈도 #1368 · noun · EN: owner, proprietor · KO revised 2026-08-14 · Example generated for quiz","core3000,core-2000,noun"
1369,żal,아쉬움 / 유감 / 슬픔,To jest żal.,Polish Core 3000 · 빈도 #1369 · noun · EN: regret; grief; sorrow · KO revised 2026-08-14 · Example generated for quiz,"core3000,core-2000,noun"
1370,niezwykły,특별한,W tekście pojawia się określenie „niezwykły”.,Polish Core 3000 · 빈도 #1370 · adj · EN: extraordinary · KO revised 2026-08-14 · Example generated for quiz,"core3000,core-2000,adj"
1371,drwa,나무마개,To jest drwa.,"Polish Core 3000 · 빈도 #1371 · noun · EN: firewood (wood intended to be burned, typically for heat) · KO revised 2026-08-14 · Example generated for quiz","core3000,core-2000,noun"
1372,konto,당좌 예금,To jest konto.,Polish Core 3000 · 빈도 #1372 · noun · EN: (banking) bank account · KO revised 2026-08-14 · Example generated for quiz,"core3000,core-2000,noun"
1373,występ,연기,To jest występ.,Polish Core 3000 · 빈도 #1373 · noun · EN: (art) performance (live show or concert) · KO revised 2026-08-14 · Example generated for quiz,"core3000,core-2000,noun"
1374,lekki,가볍다,W tekście pojawia się określenie „lekki”.,Polish Core 3000 · 빈도 #1374 · adj · EN: light (of low weight) · KO revised 2026-08-14 · Example generated for quiz,"core3000,core-2000,adj"
1375,znajomy,면식,To jest znajomy.,Polish Core 3000 · 빈도 #1375 · noun · EN: acquaintance (male person) · KO revised 2026-08-14 · Example generated for quiz,"core3000,core-2000,noun"
1376,szyja,목,To jest szyja.,Polish Core 3000 · 빈도 #1376 · noun · EN: neck · KO revised 2026-08-14 · Example generated for quiz,"core3000,core-2000,noun"
1377,gaza,가제,To jest gaza.,Polish Core 3000 · 빈도 #1377 · noun · EN: gauze (thin fabric with open weave) · KO revised 2026-08-14 · Example generated for quiz,"core3000,core-2000,noun"
1378,odwaga,담력,To jest odwaga.,"Polish Core 3000 · 빈도 #1378 · noun · EN: courage, bravery · KO revised 2026-08-14 · Example generated for quiz","core3000,core-2000,noun"
1379,koncert,콘서트,To jest koncert.,Polish Core 3000 · 빈도 #1379 · noun · EN: concert (a musical entertainment in which several voices or instruments take part) · KO revised 2026-08-14 · Example generated for quiz,"core3000,core-2000,noun"
1380,piętro,층,To jest piętro.,"Polish Core 3000 · 빈도 #1380 · noun · EN: floor, storey, story · KO revised 2026-08-14 · Example generated for quiz","core3000,core-2000,noun"
1381,odbić,반영하다,"Mogę odbić, jeśli będzie trzeba.","Polish Core 3000 · 빈도 #1381 · verb · EN: (transitive) to reflect, to mirror · KO revised 2026-08-14 · Example generated for quiz","core3000,core-2000,verb"
1382,magia,기술,To jest magia.,"Polish Core 3000 · 빈도 #1382 · noun · EN: (occult) magic (use of supernatural rituals, forces etc.) · KO revised 2026-08-14 · Example generated for quiz","core3000,core-2000,noun"
1383,ledwie,드러내놓고,On robi to ledwie.,"Polish Core 3000 · 빈도 #1383 · adv · EN: barely, hardly · KO revised 2026-08-14 · Example generated for quiz","core3000,core-2000,adv"
1384,kurczak,닭,To jest kurczak.,Polish Core 3000 · 빈도 #1384 · noun · EN: juvenile chicken (domestic fowl) · KO revised 2026-08-14 · Example generated for quiz,"core3000,core-2000,noun"
1385,zamek,열쇠,To jest zamek.,Polish Core 3000 · 빈도 #1385 · noun · EN: lock (something used for fastening) · KO revised 2026-08-14 · Example generated for quiz,"core3000,core-2000,noun"
1386,róg,뿔제품,To jest róg.,Polish Core 3000 · 빈도 #1386 · noun · EN: horn · KO revised 2026-08-14 · Example generated for quiz,"core3000,core-2000,noun"
1387,laur,월계수 / 월계관,To jest laur.,Polish Core 3000 · 빈도 #1387 · noun · EN: laurel (Laurus nobilis) · KO revised 2026-08-14 · Example generated for quiz,"core3000,core-2000,noun"
1388,choćby,설령,Spróbuj choćby jeden raz.,Polish Core 3000 · 빈도 #1388 · conj · EN: even if · KO revised 2026-08-14 · Example generated for quiz,"core3000,core-2000,conj"
1389,bogaty,기름지다,W tekście pojawia się określenie „bogaty”.,"Polish Core 3000 · 빈도 #1389 · adj · EN: rich, wealthy · KO revised 2026-08-14 · Example generated for quiz","core3000,core-2000,adj"
1390,starczy,노령의,W tekście pojawia się określenie „starczy”.,"Polish Core 3000 · 빈도 #1390 · adj · EN: senile, gerontic, related to old age · KO revised 2026-08-14 · Example generated for quiz","core3000,core-2000,adj"
1391,przeprowadzić,지도하다,"Mogę przeprowadzić, jeśli będzie trzeba.","Polish Core 3000 · 빈도 #1391 · verb · EN: (transitive) to lead (to guide or conduct with the hand, or by means of some physical contact connection) · KO revised 2026-08-14 · Example generated for quiz","core3000,core-2000,verb"
1392,wbrew,~에 반하여 / ~에도 불구하고,Zrobił to wbrew mojej radzie.,"Polish Core 3000 · 빈도 #1392 · prep · EN: in spite of, contrary to [+dative] · KO revised 2026-08-14 · Example generated for quiz","core3000,core-2000,prep"
1393,toaleta,변소,To jest toaleta.,"Polish Core 3000 · 빈도 #1393 · noun · EN: toilet, lavatory, loo · KO revised 2026-08-14 · Example generated for quiz","core3000,core-2000,noun"
1394,zasięg,폭,To jest zasięg.,"Polish Core 3000 · 빈도 #1394 · noun · EN: range, reach · KO revised 2026-08-14 · Example generated for quiz","core3000,core-2000,noun"
1395,karo,금강석,To jest karo.,Polish Core 3000 · 빈도 #1395 · noun · EN: (card games) diamond · KO revised 2026-08-14 · Example generated for quiz,"core3000,core-2000,noun"
1396,natura,성격,To jest natura.,Polish Core 3000 · 빈도 #1396 · noun · EN: nature (the natural world) · KO revised 2026-08-14 · Example generated for quiz,"core3000,core-2000,noun"
1397,start,시작되다,To jest start.,Polish Core 3000 · 빈도 #1397 · noun · EN: (sports) start (beginning of a race) · KO revised 2026-08-14 · Example generated for quiz,"core3000,core-2000,noun"
1398,zmusić,억지로시키다,"Mogę zmusić, jeśli będzie trzeba.","Polish Core 3000 · 빈도 #1398 · verb · EN: (transitive) to compel, to force, to make someone [+ do (genitive) = do something] · KO revised 2026-08-14 · Example generated for quiz","core3000,core-2000,verb"
1399,zaatakować,치다,"Mogę zaatakować, jeśli będzie trzeba.",Polish Core 3000 · 빈도 #1399 · verb · EN: (transitive) to attack (an enemy) · KO revised 2026-08-14 · Example generated for quiz,"core3000,core-2000,verb"
1400,podzielić,분단하다,"Mogę podzielić, jeśli będzie trzeba.","Polish Core 3000 · 빈도 #1400 · verb · EN: (transitive) to split, to divide · KO revised 2026-08-14 · Example generated for quiz","core3000,core-2000,verb"
1401,chęć,의향 / 욕구,To jest chęć.,"Polish Core 3000 · 빈도 #1401 · noun · EN: wish, desire · KO revised 2026-08-14 · Example generated for quiz","core3000,core-2000,noun"
1402,mana,마나(초자연적 힘),To jest mana.,Polish Core 3000 · 빈도 #1402 · noun · EN: mana (form of supernatural energy in Polynesian religion that inheres in things or people) · KO revised 2026-08-14 · Example generated for quiz,"core3000,core-2000,noun"
1403,bić,휘젓다,"Mogę bić, jeśli będzie trzeba.","Polish Core 3000 · 빈도 #1403 · verb · EN: (transitive) to beat, to hit [+ w (accusative)] or [+ po (locative) = where] · KO revised 2026-08-14 · Example generated for quiz","core3000,core-2000,verb"
1404,sezon,시절,To jest sezon.,Polish Core 3000 · 빈도 #1404 · noun · EN: season (part of year with something special) · KO revised 2026-08-14 · Example generated for quiz,"core3000,core-2000,noun"
1405,krzyczeć,소리치다,"Mogę krzyczeć, jeśli będzie trzeba.","Polish Core 3000 · 빈도 #1405 · verb · EN: (transitive, intransitive) to shout · KO revised 2026-08-14 · Example generated for quiz","core3000,core-2000,verb"
1406,mór,말썽,To jest mór.,"Polish Core 3000 · 빈도 #1406 · noun · EN: (dated) plague, murrain · KO revised 2026-08-14 · Example generated for quiz","core3000,core-2000,noun"
1407,zamienić,보충하다,"Mogę zamienić, jeśli będzie trzeba.","Polish Core 3000 · 빈도 #1407 · verb · EN: (transitive) to replace, to substitute · KO revised 2026-08-14 · Example generated for quiz","core3000,core-2000,verb"
1408,powodować,유발하다,"Mogę powodować, jeśli będzie trzeba.","Polish Core 3000 · 빈도 #1408 · verb · EN: (transitive) to cause, to bring on, to occasion · KO revised 2026-08-14 · Example generated for quiz","core3000,core-2000,verb"
1409,wiedza,지식,To jest wiedza.,Polish Core 3000 · 빈도 #1409 · noun · EN: knowledge (relevant information that can be recalled from memory) · KO revised 2026-08-14 · Example generated for quiz,"core3000,core-2000,noun"
1410,garaż,개라지,To jest garaż.,Polish Core 3000 · 빈도 #1410 · noun · EN: (automotive) garage (place to store a car) · KO revised 2026-08-14 · Example generated for quiz,"core3000,core-2000,noun"
1411,lekarstwo,약,To jest lekarstwo.,"Polish Core 3000 · 빈도 #1411 · noun · EN: medicine, drug · KO revised 2026-08-14 · Example generated for quiz","core3000,core-2000,noun"
1412,gardło,목,To jest gardło.,Polish Core 3000 · 빈도 #1412 · noun · EN: throat · KO revised 2026-08-14 · Example generated for quiz,"core3000,core-2000,noun"
1413,anioł,천사,To jest anioł.,Polish Core 3000 · 빈도 #1413 · noun · EN: (religion) angel · KO revised 2026-08-14 · Example generated for quiz,"core3000,core-2000,noun"
1414,poniżej,이하,Temperatura spadła poniżej zera.,Polish Core 3000 · 빈도 #1414 · prep · EN: below (lower in spatial position than) [+genitive] · KO revised 2026-08-14 · Example generated for quiz,"core3000,core-2000,prep"
1415,zeznawać,확언하다,"Mogę zeznawać, jeśli będzie trzeba.","Polish Core 3000 · 빈도 #1415 · verb · EN: (transitive) to testify, to depose · KO revised 2026-08-14 · Example generated for quiz","core3000,core-2000,verb"
1416,zebrać,수집하다,"Mogę zebrać, jeśli będzie trzeba.","Polish Core 3000 · 빈도 #1416 · verb · EN: (transitive) to collect, to gather · KO revised 2026-08-14 · Example generated for quiz","core3000,core-2000,verb"
1417,pocałować,키스하다,"Mogę pocałować, jeśli będzie trzeba.",Polish Core 3000 · 빈도 #1417 · verb · EN: (transitive) to kiss (to touch with the lips) · KO revised 2026-08-14 · Example generated for quiz,"core3000,core-2000,verb"
1418,fan,선풍기,To jest fan.,Polish Core 3000 · 빈도 #1418 · noun · EN: fan (“admirer”) · KO revised 2026-08-14 · Example generated for quiz,"core3000,core-2000,noun"
1419,alkohol,술,To jest alkohol.,Polish Core 3000 · 빈도 #1419 · noun · EN: alcohol (beverage) · KO revised 2026-08-14 · Example generated for quiz,"core3000,core-2000,noun"
1420,krótki,짧다,W tekście pojawia się określenie „krótki”.,"Polish Core 3000 · 빈도 #1420 · adj · EN: short, brief, concise · KO revised 2026-08-14 · Example generated for quiz","core3000,core-2000,adj"
1421,potwór,거수,To jest potwór.,"Polish Core 3000 · 빈도 #1421 · noun · EN: monster, fiend · KO revised 2026-08-14 · Example generated for quiz","core3000,core-2000,noun"
1422,związać,매다,"Mogę związać, jeśli będzie trzeba.","Polish Core 3000 · 빈도 #1422 · verb · EN: (transitive) to tie, to bind · KO revised 2026-08-14 · Example generated for quiz","core3000,core-2000,verb"
1423,ciepło,데우다,On robi to ciepło.,"Polish Core 3000 · 빈도 #1423 · adv · EN: warm, warmly · KO revised 2026-08-14 · Example generated for quiz","core3000,core-2000,adv"
1424,umieścić,넣다,"Mogę umieścić, jeśli będzie trzeba.","Polish Core 3000 · 빈도 #1424 · verb · EN: (transitive) to put, to place, to position, to set · KO revised 2026-08-14 · Example generated for quiz","core3000,core-2000,verb"
1425,pilnować,지키다 / 감시하다,"Mogę pilnować, jeśli będzie trzeba.","Polish Core 3000 · 빈도 #1425 · verb · EN: (transitive, reflexive) to guard, watch, supervise · KO revised 2026-08-14 · Example generated for quiz","core3000,core-2000,verb"
1426,ostateczny,근본의,W tekście pojawia się określenie „ostateczny”.,Polish Core 3000 · 빈도 #1426 · adj · EN: ultimate; final · KO revised 2026-08-14 · Example generated for quiz,"core3000,core-2000,adj"
1427,drań,악당,To jest drań.,"Polish Core 3000 · 빈도 #1427 · noun · EN: (colloquial, derogatory) scoundrel (villain) · KO revised 2026-08-14 · Example generated for quiz","core3000,core-2000,noun"
1428,oddzwonić,소환하다,"Mogę oddzwonić, jeśli będzie trzeba.",Polish Core 3000 · 빈도 #1428 · verb · EN: (intransitive) to call back [+ do (genitive) = someone] · KO revised 2026-08-14 · Example generated for quiz,"core3000,core-2000,verb"
1429,rosnąć,성장하다,"Mogę rosnąć, jeśli będzie trzeba.",Polish Core 3000 · 빈도 #1429 · verb · EN: (intransitive) to grow (become taller or longer) · KO revised 2026-08-14 · Example generated for quiz,"core3000,core-2000,verb"
1430,pożar,불,To jest pożar.,Polish Core 3000 · 빈도 #1430 · noun · EN: fire (occurrence of fire in a certain place) · KO revised 2026-08-14 · Example generated for quiz,"core3000,core-2000,noun"
1431,odwrócić,전용하다,"Mogę odwrócić, jeśli będzie trzeba.","Polish Core 3000 · 빈도 #1431 · verb · EN: (transitive) to turn aside, to avert, to divert · KO revised 2026-08-14 · Example generated for quiz","core3000,core-2000,verb"
1432,przyjaźń,정교,To jest przyjaźń.,Polish Core 3000 · 빈도 #1432 · noun · EN: friendship (condition of being friends) · KO revised 2026-08-14 · Example generated for quiz,"core3000,core-2000,noun"
1433,płaszcz,외투,To jest płaszcz.,"Polish Core 3000 · 빈도 #1433 · noun · EN: overcoat, raincoat, coat, mackintosh · KO revised 2026-08-14 · Example generated for quiz","core3000,core-2000,noun"
1434,zdolny,유능하다,W tekście pojawia się określenie „zdolny”.,"Polish Core 3000 · 빈도 #1434 · adj · EN: talented, gifted · KO revised 2026-08-14 · Example generated for quiz","core3000,core-2000,adj"
1435,sprzeciwiać,투쟁하다,"Mogę sprzeciwiać, jeśli będzie trzeba.","Polish Core 3000 · 빈도 #1435 · verb · EN: (reflexive) to oppose (to attempt to stop the progression of; to resist or antagonize by physical means, or by arguments, etc.) [+dative = someone] · KO revised 2026-08-14 · Example generated for quiz","core3000,core-2000,verb"
1436,dziura,구멍,To jest dziura.,Polish Core 3000 · 빈도 #1436 · noun · EN: hole · KO revised 2026-08-14 · Example generated for quiz,"core3000,core-2000,noun"
1437,niebieski,파란색의 / 하늘색의,W tekście pojawia się określenie „niebieski”.,Polish Core 3000 · 빈도 #1437 · adj · EN: blue · KO revised 2026-08-14 · Example generated for quiz,"core3000,core-2000,adj"
1438,maszyna,지도부,To jest maszyna.,Polish Core 3000 · 빈도 #1438 · noun · EN: machine · KO revised 2026-08-14 · Example generated for quiz,"core3000,core-2000,noun"
1439,czwartek,목요일,To jest czwartek.,Polish Core 3000 · 빈도 #1439 · noun · KO revised 2026-08-14 · Example generated for quiz,"core3000,core-2000,noun"
1440,kapelusz,모자,To jest kapelusz.,Polish Core 3000 · 빈도 #1440 · noun · EN: hat (head covering) · KO revised 2026-08-14 · Example generated for quiz,"core3000,core-2000,noun"
1441,dokończyć,끝내다,"Mogę dokończyć, jeśli będzie trzeba.","Polish Core 3000 · 빈도 #1441 · verb · EN: (transitive) to finish, to bring to completion (assuming that the majority of work has already been done), to wrap up · KO revised 2026-08-14 · Example generated for quiz","core3000,core-2000,verb"
1442,niedziela,일요일,To jest niedziela.,Polish Core 3000 · 빈도 #1442 · noun · KO revised 2026-08-14 · Example generated for quiz,"core3000,core-2000,noun"
1443,przestępstwo,범죄,To jest przestępstwo.,"Polish Core 3000 · 빈도 #1443 · noun · EN: crime, felony · KO revised 2026-08-14 · Example generated for quiz","core3000,core-2000,noun"
1444,cycek,경타,To jest cycek.,"Polish Core 3000 · 빈도 #1444 · noun · EN: (mildly vulgar) tit, nipple · KO revised 2026-08-14 · Example generated for quiz","core3000,core-2000,noun"
1445,wersja,버전,To jest wersja.,Polish Core 3000 · 빈도 #1445 · noun · EN: version · KO revised 2026-08-14 · Example generated for quiz,"core3000,core-2000,noun"
1446,as,능수,To jest as.,Polish Core 3000 · 빈도 #1446 · noun · EN: (card games) ace · KO revised 2026-08-14 · Example generated for quiz,"core3000,core-2000,noun"
1447,ekstra,두려운,W tekście pojawia się określenie „ekstra”.,"Polish Core 3000 · 빈도 #1447 · adj · EN: (colloquial) awesome, great, cool · KO revised 2026-08-14 · Example generated for quiz","core3000,core-2000,adj"
1448,uroczy,감미롭다,W tekście pojawia się określenie „uroczy”.,"Polish Core 3000 · 빈도 #1448 · adj · EN: sweet, adorable, charming · KO revised 2026-08-14 · Example generated for quiz","core3000,core-2000,adj"
1449,przewaga,강점,To jest przewaga.,"Polish Core 3000 · 빈도 #1449 · noun · EN: advantage, ascendance, predominance, supremacy · KO revised 2026-08-14 · Example generated for quiz","core3000,core-2000,noun"
1450,ogromny,막대하다,W tekście pojawia się określenie „ogromny”.,"Polish Core 3000 · 빈도 #1450 · adj · EN: immense, huge · KO revised 2026-08-14 · Example generated for quiz","core3000,core-2000,adj"
1451,zemsta,복수,To jest zemsta.,"Polish Core 3000 · 빈도 #1451 · noun · EN: revenge, vengeance (retaliatory action) · KO revised 2026-08-14 · Example generated for quiz","core3000,core-2000,noun"
1452,kierowca,운전기사,To jest kierowca.,"Polish Core 3000 · 빈도 #1452 · noun · EN: driver (person who drives a motorized vehicle, such as a car or a bus) · KO revised 2026-08-14 · Example generated for quiz","core3000,core-2000,noun"
1453,propozycja,제안,To jest propozycja.,"Polish Core 3000 · 빈도 #1453 · noun · EN: proposition, offer · KO revised 2026-08-14 · Example generated for quiz","core3000,core-2000,noun"
1454,kolej,경편궤도,To jest kolej.,"Polish Core 3000 · 빈도 #1454 · noun · EN: railway, railroad (transport system) · KO revised 2026-08-14 · Example generated for quiz","core3000,core-2000,noun"
1455,bezpośredni,지배하다,W tekście pojawia się określenie „bezpośredni”.,"Polish Core 3000 · 빈도 #1455 · adj · EN: direct (straight; not crooked, oblique, or circuitous) · KO revised 2026-08-14 · Example generated for quiz","core3000,core-2000,adj"
1456,poddać,항복하다,"Mogę poddać, jeśli będzie trzeba.","Polish Core 3000 · 빈도 #1456 · verb · EN: (transitive) to surrender, to give up, to yield · KO revised 2026-08-14 · Example generated for quiz","core3000,core-2000,verb"
1457,spencer,스펜서 재킷(짧은 재킷),To jest spencer.,Polish Core 3000 · 빈도 #1457 · noun · EN: spencer (garment) · KO revised 2026-08-14 · Example generated for quiz,"core3000,core-2000,noun"
1458,opowieść,얘기,To jest opowieść.,"Polish Core 3000 · 빈도 #1458 · noun · EN: story, tale · KO revised 2026-08-14 · Example generated for quiz","core3000,core-2000,noun"
1459,namierzyć,위치를 찾아내다 / 추적하다,"Mogę namierzyć, jeśli będzie trzeba.","Polish Core 3000 · 빈도 #1459 · verb · EN: (transitive) to locate, to trace, to track · KO revised 2026-08-14 · Example generated for quiz","core3000,core-2000,verb"
1460,powierzchnia,표면,To jest powierzchnia.,Polish Core 3000 · 빈도 #1460 · noun · EN: surface (up-side of a flat object) · KO revised 2026-08-14 · Example generated for quiz,"core3000,core-2000,noun"
1461,dodać,가하다,"Mogę dodać, jeśli będzie trzeba.",Polish Core 3000 · 빈도 #1461 · verb · EN: (transitive) to add (something to something else) [+accusative] or [+genitive = what] [+ do (genitive) = to what] · KO revised 2026-08-14 · Example generated for quiz,"core3000,core-2000,verb"
1462,zmierzać,머리,"Mogę zmierzać, jeśli będzie trzeba.",Polish Core 3000 · 빈도 #1462 · verb · EN: (intransitive) to head (to go in a certain direction) · KO revised 2026-08-14 · Example generated for quiz,"core3000,core-2000,verb"
1463,biga,비가(고대 로마 2두 전차),To jest biga.,Polish Core 3000 · 빈도 #1463 · noun · EN: (Ancient Rome) biga · KO revised 2026-08-14 · Example generated for quiz,"core3000,core-2000,noun"
1464,szampan,샴페인,To jest szampan.,Polish Core 3000 · 빈도 #1464 · noun · EN: champagne · KO revised 2026-08-14 · Example generated for quiz,"core3000,core-2000,noun"
1465,kino,영화 산업,To jest kino.,"Polish Core 3000 · 빈도 #1465 · noun · EN: cinema, movie theater · KO revised 2026-08-14 · Example generated for quiz","core3000,core-2000,noun"
1466,zajść,내려가다,"Mogę zajść, jeśli będzie trzeba.","Polish Core 3000 · 빈도 #1466 · verb · EN: (intransitive) to walk to, to reach by walking · KO revised 2026-08-14 · Example generated for quiz","core3000,core-2000,verb"
1467,łapa,발,To jest łapa.,Polish Core 3000 · 빈도 #1467 · noun · EN: paw (soft foot of an animal) · KO revised 2026-08-14 · Example generated for quiz,"core3000,core-2000,noun"
1468,wprowadzić,도입하다 / 들여오다,"Mogę wprowadzić, jeśli będzie trzeba.","Polish Core 3000 · 빈도 #1468 · verb · EN: (transitive) to implement, to bring in, to introduce, to put into practice · KO revised 2026-08-14 · Example generated for quiz","core3000,core-2000,verb"
1469,college,교사,To jest college.,Polish Core 3000 · 빈도 #1469 · noun · EN: (education) college (specialized division of a university) · KO revised 2026-08-14 · Example generated for quiz,"core3000,core-2000,noun"
1470,kiepski,궂다,W tekście pojawia się określenie „kiepski”.,Polish Core 3000 · 빈도 #1470 · adj · EN: (colloquial) bad (not good) · KO revised 2026-08-14 · Example generated for quiz,"core3000,core-2000,adj"
1471,wtorek,화요일,To jest wtorek.,Polish Core 3000 · 빈도 #1471 · noun · KO revised 2026-08-14 · Example generated for quiz,"core3000,core-2000,noun"
1472,lato,여름,To jest lato.,Polish Core 3000 · 빈도 #1472 · noun · EN: summer (hottest season of the year) · KO revised 2026-08-14 · Example generated for quiz,"core3000,core-2000,noun"
1473,zaginąć,분실하다,"Mogę zaginąć, jeśli będzie trzeba.",Polish Core 3000 · 빈도 #1473 · verb · EN: (intransitive) to go missing · KO revised 2026-08-14 · Example generated for quiz,"core3000,core-2000,verb"
1474,tożsamość,독자성,To jest tożsamość.,Polish Core 3000 · 빈도 #1474 · noun · EN: identity (the sameness some individuals share to make up the same kind or universal) · KO revised 2026-08-14 · Example generated for quiz,"core3000,core-2000,noun"
1475,ksiądz,가톨릭 신부 / 성직자,To jest ksiądz.,Polish Core 3000 · 빈도 #1475 · noun · EN: Christian priest · KO revised 2026-08-14 · Example generated for quiz,"core3000,core-2000,noun"
1476,imperium,제국,To jest imperium.,"Polish Core 3000 · 빈도 #1476 · noun · EN: (monarchy) empire (political unit, having numerous or extensive territories) · KO revised 2026-08-14 · Example generated for quiz","core3000,core-2000,noun"
1477,walić,구류하다,"Mogę walić, jeśli będzie trzeba.","Polish Core 3000 · 빈도 #1477 · verb · EN: (intransitive) to pound (strike hard, usually repeatedly, f.ex. light, gun, beating, bombs) · KO revised 2026-08-14 · Example generated for quiz","core3000,core-2000,verb"
1478,wojsko,군,To jest wojsko.,Polish Core 3000 · 빈도 #1478 · noun · EN: army (military force) · KO revised 2026-08-14 · Example generated for quiz,"core3000,core-2000,noun"
1479,policjant,경찰관,To jest policjant.,"Polish Core 3000 · 빈도 #1479 · noun · EN: (law enforcement) policeman, police officer · KO revised 2026-08-14 · Example generated for quiz","core3000,core-2000,noun"
1480,zabawić,간직하다,"Mogę zabawić, jeśli będzie trzeba.","Polish Core 3000 · 빈도 #1480 · verb · EN: (transitive) to amuse, to entertain · KO revised 2026-08-14 · Example generated for quiz","core3000,core-2000,verb"
1481,bazia,버들개지,To jest bazia.,"Polish Core 3000 · 빈도 #1481 · noun · EN: (botany) catkin, ament · KO revised 2026-08-14 · Example generated for quiz","core3000,core-2000,noun"
1482,dwójka,길,To jest dwójka.,Polish Core 3000 · 빈도 #1482 · noun · EN: The digit 2 · KO revised 2026-08-14 · Example generated for quiz,"core3000,core-2000,noun"
1483,oszaleć,미치다 / 제정신을 잃다,"Mogę oszaleć, jeśli będzie trzeba.",Polish Core 3000 · 빈도 #1483 · verb · EN: (intransitive) to go mad · KO revised 2026-08-14 · Example generated for quiz,"core3000,core-2000,verb"
1484,zaledwie,마침,Mam zaledwie dziesięć minut.,Polish Core 3000 · 빈도 #1484 · conj · EN: just · KO revised 2026-08-14 · Example generated for quiz,"core3000,core-2000,conj"
1485,hol,교사,To jest hol.,"Polish Core 3000 · 빈도 #1485 · noun · EN: hall, hallway · KO revised 2026-08-14 · Example generated for quiz","core3000,core-2000,noun"
1486,pusty,비우다,W tekście pojawia się określenie „pusty”.,Polish Core 3000 · 빈도 #1486 · adj · EN: empty · KO revised 2026-08-14 · Example generated for quiz,"core3000,core-2000,adj"
1487,strój,의류,To jest strój.,"Polish Core 3000 · 빈도 #1487 · noun · EN: clothing, clothes, uniform · KO revised 2026-08-14 · Example generated for quiz","core3000,core-2000,noun"
1488,krzywda,부상,To jest krzywda.,"Polish Core 3000 · 빈도 #1488 · noun · EN: injury, harm · KO revised 2026-08-14 · Example generated for quiz","core3000,core-2000,noun"
1489,most,다리,To jest most.,Polish Core 3000 · 빈도 #1489 · noun · EN: bridge (building over a river or valley) · KO revised 2026-08-14 · Example generated for quiz,"core3000,core-2000,noun"
1490,parking,자동차 주차장,To jest parking.,Polish Core 3000 · 빈도 #1490 · noun · EN: car park · KO revised 2026-08-14 · Example generated for quiz,"core3000,core-2000,noun"
1491,biurko,탁자,To jest biurko.,Polish Core 3000 · 빈도 #1491 · noun · EN: desk (table for writing and reading) · KO revised 2026-08-14 · Example generated for quiz,"core3000,core-2000,noun"
1492,wymyślić,강구,"Mogę wymyślić, jeśli będzie trzeba.",Polish Core 3000 · 빈도 #1492 · verb · EN: (transitive) to come up with (an idea) · KO revised 2026-08-14 · Example generated for quiz,"core3000,core-2000,verb"
1493,twardy,단단한 / 딱딱한,W tekście pojawia się określenie „twardy”.,Polish Core 3000 · 빈도 #1493 · adj · EN: hard · KO revised 2026-08-14 · Example generated for quiz,"core3000,core-2000,adj"
1494,przeciwny,마주보는,W tekście pojawia się określenie „przeciwny”.,"Polish Core 3000 · 빈도 #1494 · adj · EN: opposite, reverse, contrary · KO revised 2026-08-14 · Example generated for quiz","core3000,core-2000,adj"
1495,tajny,비밀,W tekście pojawia się określenie „tajny”.,Polish Core 3000 · 빈도 #1495 · adj · EN: secret (being or kept hidden) · KO revised 2026-08-14 · Example generated for quiz,"core3000,core-2000,adj"
1496,załoga,승무원 / 직원 / 대원,To jest załoga.,Polish Core 3000 · 빈도 #1496 · noun · EN: crew of a vehicle · KO revised 2026-08-14 · Example generated for quiz,"core3000,core-2000,noun"
1497,potwierdzić,확인하다,"Mogę potwierdzić, jeśli będzie trzeba.",Polish Core 3000 · 빈도 #1497 · verb · EN: (transitive) to confirm · KO revised 2026-08-14 · Example generated for quiz,"core3000,core-2000,verb"
1498,sukienka,옷차림,To jest sukienka.,"Polish Core 3000 · 빈도 #1498 · noun · EN: dress, frock · KO revised 2026-08-14 · Example generated for quiz","core3000,core-2000,noun"
1499,wzrok,구경거리,To jest wzrok.,Polish Core 3000 · 빈도 #1499 · noun · EN: sight (ability to see) · KO revised 2026-08-14 · Example generated for quiz,"core3000,core-2000,noun"
1500,zarzut,난점,To jest zarzut.,"Polish Core 3000 · 빈도 #1500 · noun · EN: objection, reproach · KO revised 2026-08-14 · Example generated for quiz","core3000,core-2000,noun"
1501,radość,신,To jest radość.,Polish Core 3000 · 빈도 #1501 · noun · EN: joy; pleasure · KO revised 2026-08-14 · Example generated for quiz,"core3000,core-2000,noun"
1502,zgłosić,보도하다,"Mogę zgłosić, jeśli będzie trzeba.","Polish Core 3000 · 빈도 #1502 · verb · EN: (transitive) to report, to notify · KO revised 2026-08-14 · Example generated for quiz","core3000,core-2000,verb"
1503,toby,그러면 ~일 텐데,Toby było wszystko na dziś.,Polish Core 3000 · 빈도 #1503 · conj · EN: then it would · KO revised 2026-08-14 · Example generated for quiz,"core3000,core-2000,conj"
1504,zastrzelić,총으로 쏴 죽이다 / 사살하다,"Mogę zastrzelić, jeśli będzie trzeba.","Polish Core 3000 · 빈도 #1504 · verb · EN: (transitive) to gun down, kill someone as a result of firing a projectile · KO revised 2026-08-14 · Example generated for quiz","core3000,core-2000,verb"
1505,ciocia,아주머니,To jest ciocia.,"Polish Core 3000 · 빈도 #1505 · noun · EN: aunt, auntie · KO revised 2026-08-14 · Example generated for quiz","core3000,core-2000,noun"
1506,posterunek,부치다,To jest posterunek.,"Polish Core 3000 · 빈도 #1506 · noun · EN: post, outpost, sentry · KO revised 2026-08-14 · Example generated for quiz","core3000,core-2000,noun"
1507,ciuch,채비,To jest ciuch.,Polish Core 3000 · 빈도 #1507 · noun · EN: (colloquial) an article of second-hand clothing · KO revised 2026-08-14 · Example generated for quiz,"core3000,core-2000,noun"
1508,oskarżać,고발하다,"Mogę oskarżać, jeśli będzie trzeba.","Polish Core 3000 · 빈도 #1508 · verb · EN: (transitive) to accuse, to charge, to indict · KO revised 2026-08-14 · Example generated for quiz","core3000,core-2000,verb"
1509,dowodzić,증명하다,"Mogę dowodzić, jeśli będzie trzeba.","Polish Core 3000 · 빈도 #1509 · verb · EN: (transitive) to prove, to evidence [+genitive] · KO revised 2026-08-14 · Example generated for quiz","core3000,core-2000,verb"
1510,czoło,이마,To jest czoło.,Polish Core 3000 · 빈도 #1510 · noun · EN: forehead · KO revised 2026-08-14 · Example generated for quiz,"core3000,core-2000,noun"
1511,wycieczka,여행,To jest wycieczka.,"Polish Core 3000 · 빈도 #1511 · noun · EN: trip, excursion · KO revised 2026-08-14 · Example generated for quiz","core3000,core-2000,noun"
1512,napad,공격,To jest napad.,Polish Core 3000 · 빈도 #1512 · noun · EN: (medicine) attack (sudden onset of a disease) · KO revised 2026-08-14 · Example generated for quiz,"core3000,core-2000,noun"
1513,motyw,동기,To jest motyw.,Polish Core 3000 · 빈도 #1513 · noun · EN: motive (anything that prompts a choice of action) · KO revised 2026-08-14 · Example generated for quiz,"core3000,core-2000,noun"
1514,teoria,공론,To jest teoria.,Polish Core 3000 · 빈도 #1514 · noun · EN: theory · KO revised 2026-08-14 · Example generated for quiz,"core3000,core-2000,noun"
1515,wioska,작은 마을 / 촌락,To jest wioska.,Polish Core 3000 · 빈도 #1515 · noun · EN: small village · KO revised 2026-08-14 · Example generated for quiz,"core3000,core-2000,noun"
1516,agencja,작용,To jest agencja.,Polish Core 3000 · 빈도 #1516 · noun · EN: agency (company that performs various tasks) · KO revised 2026-08-14 · Example generated for quiz,"core3000,core-2000,noun"
1517,próbka,견본,To jest próbka.,"Polish Core 3000 · 빈도 #1517 · noun · EN: sample, specimen · KO revised 2026-08-14 · Example generated for quiz","core3000,core-2000,noun"
1518,kuzyn,사촌,To jest kuzyn.,Polish Core 3000 · 빈도 #1518 · noun · EN: cousin (son of a person’s uncle or aunt) · KO revised 2026-08-14 · Example generated for quiz,"core3000,core-2000,noun"
1519,odpowiedni,알맞다,W tekście pojawia się określenie „odpowiedni”.,"Polish Core 3000 · 빈도 #1519 · adj · EN: suitable, appropriate, proper, adequate, relevant · KO revised 2026-08-14 · Example generated for quiz","core3000,core-2000,adj"
1520,toast,토스트,To jest toast.,Polish Core 3000 · 빈도 #1520 · noun · EN: toast (proposed salutation) · KO revised 2026-08-14 · Example generated for quiz,"core3000,core-2000,noun"
1521,portfel,지갑,To jest portfel.,Polish Core 3000 · 빈도 #1521 · noun · EN: wallet (case for keeping money) · KO revised 2026-08-14 · Example generated for quiz,"core3000,core-2000,noun"
1522,liczba,번호,To jest liczba.,Polish Core 3000 · 빈도 #1522 · noun · EN: number (abstract entity) · KO revised 2026-08-14 · Example generated for quiz,"core3000,core-2000,noun"
1523,lichy,가짜의,W tekście pojawia się określenie „lichy”.,"Polish Core 3000 · 빈도 #1523 · adj · EN: shoddy, poor (of low quality) · KO revised 2026-08-14 · Example generated for quiz","core3000,core-2000,adj"
1524,wzajemny,상호의 / 서로의,W tekście pojawia się określenie „wzajemny”.,"Polish Core 3000 · 빈도 #1524 · adj · EN: mutual (having the same relationship, each to each other) · KO revised 2026-08-14 · Example generated for quiz","core3000,core-2000,adj"
1525,pudełko,박스,To jest pudełko.,Polish Core 3000 · 빈도 #1525 · noun · EN: box (rectangular container) · KO revised 2026-08-14 · Example generated for quiz,"core3000,core-2000,noun"
1526,zakochać,사랑에 빠지다,"Mogę zakochać, jeśli będzie trzeba.",Polish Core 3000 · 빈도 #1526 · verb · EN: (reflexive) to fall in love [+ w (locative) = with someone] · KO revised 2026-08-14 · Example generated for quiz,"core3000,core-2000,verb"
1527,house,집,To jest house.,"Polish Core 3000 · 빈도 #1527 · noun · EN: house music, house (a genre of music) · KO revised 2026-08-14 · Example generated for quiz","core3000,core-2000,noun"
1528,rynek,시장,To jest rynek.,"Polish Core 3000 · 빈도 #1528 · noun · EN: (trading) market, marketplace (open area in a town housing a public market) · KO revised 2026-08-14 · Example generated for quiz","core3000,core-2000,noun"
1529,przerażać,겁내다,"Mogę przerażać, jeśli będzie trzeba.","Polish Core 3000 · 빈도 #1529 · verb · EN: (transitive) to frighten, to horrify, to appall · KO revised 2026-08-14 · Example generated for quiz","core3000,core-2000,verb"
1530,ochronić,예방하다,"Mogę ochronić, jeśli będzie trzeba.","Polish Core 3000 · 빈도 #1530 · verb · EN: (transitive) to protect, to shelter, to guard [+ przed (instrumental) = against something] · KO revised 2026-08-14 · Example generated for quiz","core3000,core-2000,verb"
1531,dzisiejszy,선물,W tekście pojawia się określenie „dzisiejszy”.,Polish Core 3000 · 빈도 #1531 · adj · EN: today's · KO revised 2026-08-14 · Example generated for quiz,"core3000,core-2000,adj"
1532,gniew,분노,To jest gniew.,"Polish Core 3000 · 빈도 #1532 · noun · EN: anger, wrath, ire · KO revised 2026-08-14 · Example generated for quiz","core3000,core-2000,noun"
1533,kupa,더미,To jest kupa.,Polish Core 3000 · 빈도 #1533 · noun · EN: heap · KO revised 2026-08-14 · Example generated for quiz,"core3000,core-2000,noun"
1534,zbieg,도망자,To jest zbieg.,Polish Core 3000 · 빈도 #1534 · noun · EN: fugitive · KO revised 2026-08-14 · Example generated for quiz,"core3000,core-2000,noun"
1535,niezupełny,미완성의,W tekście pojawia się określenie „niezupełny”.,Polish Core 3000 · 빈도 #1535 · adj · EN: incomplete · KO revised 2026-08-14 · Example generated for quiz,"core3000,core-2000,adj"
1536,wyjątkowy,특별한 / 예외적인,W tekście pojawia się określenie „wyjątkowy”.,"Polish Core 3000 · 빈도 #1536 · adj · EN: exceptional, extraordinary, unique (distinguished by a unique or unusual quality) · KO revised 2026-08-14 · Example generated for quiz","core3000,core-2000,adj"
1537,lać,넣다,"Mogę lać, jeśli będzie trzeba.",Polish Core 3000 · 빈도 #1537 · verb · EN: (transitive) to pour (to cause to flow in a stream) · KO revised 2026-08-14 · Example generated for quiz,"core3000,core-2000,verb"
1538,telewizor,텔레비전,To jest telewizor.,Polish Core 3000 · 빈도 #1538 · noun · EN: television (device for receiving television signals) · KO revised 2026-08-14 · Example generated for quiz,"core3000,core-2000,noun"
1539,obrzydliwy,메스꺼운,W tekście pojawia się określenie „obrzydliwy”.,"Polish Core 3000 · 빈도 #1539 · adj · EN: disgusting, repulsive · KO revised 2026-08-14 · Example generated for quiz","core3000,core-2000,adj"
1540,taksówka,택시,To jest taksówka.,Polish Core 3000 · 빈도 #1540 · noun · EN: taxi · KO revised 2026-08-14 · Example generated for quiz,"core3000,core-2000,noun"
1541,popełnić,감금하다,"Mogę popełnić, jeśli będzie trzeba.","Polish Core 3000 · 빈도 #1541 · verb · EN: (transitive) to commit, to perpetrate · KO revised 2026-08-14 · Example generated for quiz","core3000,core-2000,verb"
1542,zasnąć,꼬박 졸다,"Mogę zasnąć, jeśli będzie trzeba.",Polish Core 3000 · 빈도 #1542 · verb · EN: (intransitive) to fall asleep · KO revised 2026-08-14 · Example generated for quiz,"core3000,core-2000,verb"
1543,garnitur,고소,To jest garnitur.,"Polish Core 3000 · 빈도 #1543 · noun · EN: suit, lounge suit · KO revised 2026-08-14 · Example generated for quiz","core3000,core-2000,noun"
1544,oczekiwać,예상되다,"Mogę oczekiwać, jeśli będzie trzeba.",Polish Core 3000 · 빈도 #1544 · verb · EN: (transitive) to expect [+genitive] · KO revised 2026-08-14 · Example generated for quiz,"core3000,core-2000,verb"
1545,domyślać,짐작하다,"Mogę domyślać, jeśli będzie trzeba.","Polish Core 3000 · 빈도 #1545 · verb · EN: (reflexive) to guess, to presume, to suspect · KO revised 2026-08-14 · Example generated for quiz","core3000,core-2000,verb"
1546,zdenerwować,성나게 하다,"Mogę zdenerwować, jeśli będzie trzeba.","Polish Core 3000 · 빈도 #1546 · verb · EN: (transitive) to annoy, to irritate · KO revised 2026-08-14 · Example generated for quiz","core3000,core-2000,verb"
1547,brzuch,복부,To jest brzuch.,"Polish Core 3000 · 빈도 #1547 · noun · EN: belly, abdomen · KO revised 2026-08-14 · Example generated for quiz","core3000,core-2000,noun"
1548,przespać,~동안 자다 / 잠으로 보내다,"Mogę przespać, jeśli będzie trzeba.",Polish Core 3000 · 빈도 #1548 · verb · EN: (transitive) to sleep for some time · KO revised 2026-08-14 · Example generated for quiz,"core3000,core-2000,verb"
1549,prokurator,검찰관,To jest prokurator.,Polish Core 3000 · 빈도 #1549 · noun · EN: (law) prosecutor · KO revised 2026-08-14 · Example generated for quiz,"core3000,core-2000,noun"
1550,uraza,부아,To jest uraza.,"Polish Core 3000 · 빈도 #1550 · noun · EN: resentment, animosity, grudge, ill will · KO revised 2026-08-14 · Example generated for quiz","core3000,core-2000,noun"
1551,uprawiać,성장하다,"Mogę uprawiać, jeśli będzie trzeba.","Polish Core 3000 · 빈도 #1551 · verb · EN: (transitive) to grow, to cultivate · KO revised 2026-08-14 · Example generated for quiz","core3000,core-2000,verb"
1552,obszar,지구,To jest obszar.,Polish Core 3000 · 빈도 #1552 · noun · EN: (geography) area (particular geographic region) · KO revised 2026-08-14 · Example generated for quiz,"core3000,core-2000,noun"
1553,niedorzeczny,어리석은,W tekście pojawia się określenie „niedorzeczny”.,"Polish Core 3000 · 빈도 #1553 · adj · EN: absurd, nonsensical, preposterous · KO revised 2026-08-14 · Example generated for quiz","core3000,core-2000,adj"
1554,okręt,전열함,To jest okręt.,Polish Core 3000 · 빈도 #1554 · noun · EN: ship (seafaring vessel) · KO revised 2026-08-14 · Example generated for quiz,"core3000,core-2000,noun"
1555,współpracować,협동하다,"Mogę współpracować, jeśli będzie trzeba.","Polish Core 3000 · 빈도 #1555 · verb · EN: (intransitive) to cooperate, to work together, to collaborate · KO revised 2026-08-14 · Example generated for quiz","core3000,core-2000,verb"
1556,ślepy,눈먼,W tekście pojawia się określenie „ślepy”.,Polish Core 3000 · 빈도 #1556 · adj · EN: blind · KO revised 2026-08-14 · Example generated for quiz,"core3000,core-2000,adj"
1557,złamać,깨지다,"Mogę złamać, jeśli będzie trzeba.","Polish Core 3000 · 빈도 #1557 · verb · EN: (transitive) to break, to snap; to break a thin, brittle object into pieces · KO revised 2026-08-14 · Example generated for quiz","core3000,core-2000,verb"
1558,nastąpić,밟아 다지다,"Mogę nastąpić, jeśli będzie trzeba.","Polish Core 3000 · 빈도 #1558 · verb · EN: (intransitive) to tread, to step [+ na (accusative) = on something] · KO revised 2026-08-14 · Example generated for quiz","core3000,core-2000,verb"
1559,wideo,비디오,To jest wideo.,Polish Core 3000 · 빈도 #1559 · noun · EN: video · KO revised 2026-08-14 · Example generated for quiz,"core3000,core-2000,noun"
1560,wirus,바이러스,To jest wirus.,Polish Core 3000 · 빈도 #1560 · noun · EN: virus (infectious organism) · KO revised 2026-08-14 · Example generated for quiz,"core3000,core-2000,noun"
1561,dostarczyć,전달하다,"Mogę dostarczyć, jeśli będzie trzeba.","Polish Core 3000 · 빈도 #1561 · verb · EN: (transitive, automotive, transport) to deliver (to bring or transport something to its destination) · KO revised 2026-08-14 · Example generated for quiz","core3000,core-2000,verb"
1562,forma,형태,To jest forma.,"Polish Core 3000 · 빈도 #1562 · noun · EN: form, shape · KO revised 2026-08-14 · Example generated for quiz","core3000,core-2000,noun"
1563,dzielnica,자치도시,To jest dzielnica.,"Polish Core 3000 · 빈도 #1563 · noun · EN: borough, district, quarter · KO revised 2026-08-14 · Example generated for quiz","core3000,core-2000,noun"
1564,zbudować,치다,"Mogę zbudować, jeśli będzie trzeba.",Polish Core 3000 · 빈도 #1564 · verb · EN: (transitive) to build · KO revised 2026-08-14 · Example generated for quiz,"core3000,core-2000,verb"
1565,dodatkowy,부가적,W tekście pojawia się określenie „dodatkowy”.,"Polish Core 3000 · 빈도 #1565 · adj · EN: additional, supplementary · KO revised 2026-08-14 · Example generated for quiz","core3000,core-2000,adj"
1566,obserwować,전망하다,"Mogę obserwować, jeśli będzie trzeba.","Polish Core 3000 · 빈도 #1566 · verb · EN: (transitive) to behold, to observe, to watch (to look closely at someone or something for a long time) · KO revised 2026-08-14 · Example generated for quiz","core3000,core-2000,verb"
1567,data,날짜,To jest data.,Polish Core 3000 · 빈도 #1567 · noun · EN: date (the point of time at which event takes place; a specific day) · KO revised 2026-08-14 · Example generated for quiz,"core3000,core-2000,noun"
1568,komandor,선장,To jest komandor.,Polish Core 3000 · 빈도 #1568 · noun · EN: captain · KO revised 2026-08-14 · Example generated for quiz,"core3000,core-2000,noun"
1569,emocja,정서,To jest emocja.,Polish Core 3000 · 빈도 #1569 · noun · EN: emotion (person's internal state of being) · KO revised 2026-08-14 · Example generated for quiz,"core3000,core-2000,noun"
1570,ciąć,재단하다,"Mogę ciąć, jeśli będzie trzeba.",Polish Core 3000 · 빈도 #1570 · verb · EN: (transitive) to cut (to perform an incision) · KO revised 2026-08-14 · Example generated for quiz,"core3000,core-2000,verb"
1571,zombie,좀비,To jest zombie.,"Polish Core 3000 · 빈도 #1571 · noun · EN: (voodoo) zombie (person, usually undead, animated by unnatural forces (such as magic), with no soul or will of his/her own) · KO revised 2026-08-14 · Example generated for quiz","core3000,core-2000,noun"
1572,padać,떨어지다,"Mogę padać, jeśli będzie trzeba.",Polish Core 3000 · 빈도 #1572 · verb · EN: (intransitive) to fall (to move downwards under the effect of gravity) · KO revised 2026-08-14 · Example generated for quiz,"core3000,core-2000,verb"
1573,trop,단서,To jest trop.,Polish Core 3000 · 빈도 #1573 · noun · EN: clue · KO revised 2026-08-14 · Example generated for quiz,"core3000,core-2000,noun"
1574,Amerykanin,미합중국의,To jest Amerykanin.,Polish Core 3000 · 빈도 #1574 · noun · EN: American (person) · KO revised 2026-08-14 · Example generated for quiz,"core3000,core-2000,noun"
1575,zdrowy,건강한,W tekście pojawia się określenie „zdrowy”.,Polish Core 3000 · 빈도 #1575 · adj · EN: healthy · KO revised 2026-08-14 · Example generated for quiz,"core3000,core-2000,adj"
1576,zranić,부상시키다,"Mogę zranić, jeśli będzie trzeba.","Polish Core 3000 · 빈도 #1576 · verb · EN: (transitive) to injure, to wound · KO revised 2026-08-14 · Example generated for quiz","core3000,core-2000,verb"
1577,posiłek,식사,To jest posiłek.,Polish Core 3000 · 빈도 #1577 · noun · EN: meal (food that is prepared and eaten) · KO revised 2026-08-14 · Example generated for quiz,"core3000,core-2000,noun"
1578,raj,극락,To jest raj.,Polish Core 3000 · 빈도 #1578 · noun · EN: paradise · KO revised 2026-08-14 · Example generated for quiz,"core3000,core-2000,noun"
1579,oświadczać,성명하다,"Mogę oświadczać, jeśli będzie trzeba.","Polish Core 3000 · 빈도 #1579 · verb · EN: (transitive) to declare, to announce · KO revised 2026-08-14 · Example generated for quiz","core3000,core-2000,verb"
1580,włożyć,담기다,"Mogę włożyć, jeśli będzie trzeba.",Polish Core 3000 · 빈도 #1580 · verb · EN: (transitive) to put in (to place inside) · KO revised 2026-08-14 · Example generated for quiz,"core3000,core-2000,verb"
1581,klatka,우리 / 철창 / 계단실,To jest klatka.,Polish Core 3000 · 빈도 #1581 · noun · KO revised 2026-08-14 · Example generated for quiz,"core3000,core-2000,noun"
1582,pocałunek,키스,To jest pocałunek.,Polish Core 3000 · 빈도 #1582 · noun · EN: kiss · KO revised 2026-08-14 · Example generated for quiz,"core3000,core-2000,noun"
1583,mega,두려운,W tekście pojawia się określenie „mega”.,"Polish Core 3000 · 빈도 #1583 · adj · EN: (colloquial) awesome, great, cool · KO revised 2026-08-14 · Example generated for quiz","core3000,core-2000,adj"
1584,ludzkość,박애,To jest ludzkość.,Polish Core 3000 · 빈도 #1584 · noun · EN: mankind (human race) · KO revised 2026-08-14 · Example generated for quiz,"core3000,core-2000,noun"
1585,rozmiar,크기,To jest rozmiar.,Polish Core 3000 · 빈도 #1585 · noun · EN: size (dimensions or magnitude of a thing) · KO revised 2026-08-14 · Example generated for quiz,"core3000,core-2000,noun"
1586,świeży,신선하다,W tekście pojawia się określenie „świeży”.,Polish Core 3000 · 빈도 #1586 · adj · EN: fresh · KO revised 2026-08-14 · Example generated for quiz,"core3000,core-2000,adj"
1587,ekipa,팀,To jest ekipa.,"Polish Core 3000 · 빈도 #1587 · noun · EN: team, crew · KO revised 2026-08-14 · Example generated for quiz","core3000,core-2000,noun"
1588,dbać,아랑곳하다,"Mogę dbać, jeśli będzie trzeba.","Polish Core 3000 · 빈도 #1588 · verb · EN: (intransitive) to care, to look after [+ o (accusative)] · KO revised 2026-08-14 · Example generated for quiz","core3000,core-2000,verb"
1589,burza,폭풍,To jest burza.,"Polish Core 3000 · 빈도 #1589 · noun · EN: (meteorology) storm, in particular thunderstorm · KO revised 2026-08-14 · Example generated for quiz","core3000,core-2000,noun"
1590,aparat,장치,To jest aparat.,Polish Core 3000 · 빈도 #1590 · noun · EN: apparatus (device) · KO revised 2026-08-14 · Example generated for quiz,"core3000,core-2000,noun"
1591,uzyskać,손에 넣다,"Mogę uzyskać, jeśli będzie trzeba.","Polish Core 3000 · 빈도 #1591 · verb · EN: (transitive) to obtain, to achieve, to attain, to reach · KO revised 2026-08-14 · Example generated for quiz","core3000,core-2000,verb"
1592,prędkość,속도,To jest prędkość.,Polish Core 3000 · 빈도 #1592 · noun · EN: speed · KO revised 2026-08-14 · Example generated for quiz,"core3000,core-2000,noun"
1593,eta,도착 예정 시각,To jest eta.,"Polish Core 3000 · 빈도 #1593 · noun · EN: eta (Greek letter Η, η) · KO revised 2026-08-14 · Example generated for quiz","core3000,core-2000,noun"
1594,Niemiec,독일어,To jest Niemiec.,Polish Core 3000 · 빈도 #1594 · noun · EN: German (German person) · KO revised 2026-08-14 · Example generated for quiz,"core3000,core-2000,noun"
1595,głębić,오묘하다,"Mogę głębić, jeśli będzie trzeba.","Polish Core 3000 · 빈도 #1595 · verb · EN: (transitive, mining) to drill a goaf · KO revised 2026-08-14 · Example generated for quiz","core3000,core-2000,verb"
1596,szczyt,봉우리,To jest szczyt.,Polish Core 3000 · 빈도 #1596 · noun · EN: peak (mountain top) · KO revised 2026-08-14 · Example generated for quiz,"core3000,core-2000,noun"
1597,zawierać,함유하다,"Mogę zawierać, jeśli będzie trzeba.",Polish Core 3000 · 빈도 #1597 · verb · EN: (transitive) to contain; to include · KO revised 2026-08-14 · Example generated for quiz,"core3000,core-2000,verb"
1598,humor,기분,To jest humor.,Polish Core 3000 · 빈도 #1598 · noun · EN: humour · KO revised 2026-08-14 · Example generated for quiz,"core3000,core-2000,noun"
1599,rządzić,법칙,"Mogę rządzić, jeśli będzie trzeba.",Polish Core 3000 · 빈도 #1599 · verb · EN: (transitive) to rule · KO revised 2026-08-14 · Example generated for quiz,"core3000,core-2000,verb"
1600,delikatny,귀천,W tekście pojawia się określenie „delikatny”.,"Polish Core 3000 · 빈도 #1600 · adj · EN: gentle, delicate · KO revised 2026-08-14 · Example generated for quiz","core3000,core-2000,adj"
1601,wesele,명랑,To jest wesele.,Polish Core 3000 · 빈도 #1601 · noun · EN: wedding reception (“festivities accompanying a marriage ceremony”) · KO revised 2026-08-14 · Example generated for quiz,"core3000,core-2000,noun"
1602,zestawiać,마련하다,"Mogę zestawiać, jeśli będzie trzeba.",Polish Core 3000 · 빈도 #1602 · verb · EN: (transitive) to take something off and place it elsewhere · KO revised 2026-08-14 · Example generated for quiz,"core3000,core-2000,verb"
1603,wzdłuż,~을 따라 / 길이를 따라,Idziemy wzdłuż rzeki.,"Polish Core 3000 · 빈도 #1603 · prep · EN: along (by the length, in a line with the length, lengthwise) · KO revised 2026-08-14 · Example generated for quiz","core3000,core-2000,prep"
1604,przerwać,깨지다,"Mogę przerwać, jeśli będzie trzeba.","Polish Core 3000 · 빈도 #1604 · verb · EN: (transitive) to break, to discontinue, to curtail · KO revised 2026-08-14 · Example generated for quiz","core3000,core-2000,verb"
1605,traktować,대우하다,"Mogę traktować, jeśli będzie trzeba.",Polish Core 3000 · 빈도 #1605 · verb · EN: (transitive) to treat (to subject to a specific action) · KO revised 2026-08-14 · Example generated for quiz,"core3000,core-2000,verb"
1606,wybuch,급증,To jest wybuch.,Polish Core 3000 · 빈도 #1606 · noun · EN: explosion · KO revised 2026-08-14 · Example generated for quiz,"core3000,core-2000,noun"
1607,barta,바르디슈(짧은 자루의 도끼),To jest barta.,Polish Core 3000 · 빈도 #1607 · noun · EN: (historical) a bardiche with a short shaft · KO revised 2026-08-14 · Example generated for quiz,"core3000,core-2000,noun"
1608,miss,미인대회이 여왕,To jest miss.,Polish Core 3000 · 빈도 #1608 · noun · EN: beauty queen · KO revised 2026-08-14 · Example generated for quiz,"core3000,core-2000,noun"
1609,rodzinny,가족,W tekście pojawia się określenie „rodzinny”.,Polish Core 3000 · 빈도 #1609 · adj · EN: (relational) family · KO revised 2026-08-14 · Example generated for quiz,"core3000,core-2000,adj"
1610,dobro,선량함,To jest dobro.,"Polish Core 3000 · 빈도 #1610 · noun · EN: (singular only) good, goodness · KO revised 2026-08-14 · Example generated for quiz","core3000,core-2000,noun"
1611,pułapka,타악기류,To jest pułapka.,Polish Core 3000 · 빈도 #1611 · noun · EN: trap · KO revised 2026-08-14 · Example generated for quiz,"core3000,core-2000,noun"
1612,poślubić,시집보내다,"Mogę poślubić, jeśli będzie trzeba.","Polish Core 3000 · 빈도 #1612 · verb · EN: (transitive) to espouse, to marry, to wed · KO revised 2026-08-14 · Example generated for quiz","core3000,core-2000,verb"
1613,celowy,계획적인,W tekście pojawia się określenie „celowy”.,"Polish Core 3000 · 빈도 #1613 · adj · EN: intentional, deliberate · KO revised 2026-08-14 · Example generated for quiz","core3000,core-2000,adj"
1614,strażnik,경비원 / 수호자,To jest strażnik.,Polish Core 3000 · 빈도 #1614 · noun · EN: guard (a person who protects something) · KO revised 2026-08-14 · Example generated for quiz,"core3000,core-2000,noun"
1615,ciężarówka,화물 자동차,To jest ciężarówka.,"Polish Core 3000 · 빈도 #1615 · noun · EN: (UK) lorry, (North America) truck · KO revised 2026-08-14 · Example generated for quiz","core3000,core-2000,noun"
1616,model,모델,To jest model.,Polish Core 3000 · 빈도 #1616 · noun · EN: model (miniature) · KO revised 2026-08-14 · Example generated for quiz,"core3000,core-2000,noun"
1617,łza,눈물,To jest łza.,Polish Core 3000 · 빈도 #1617 · noun · EN: tear (drop of clear salty liquid from the eyes) · KO revised 2026-08-14 · Example generated for quiz,"core3000,core-2000,noun"
1618,pogodzić,조화시키다,"Mogę pogodzić, jeśli będzie trzeba.","Polish Core 3000 · 빈도 #1618 · verb · EN: (transitive) to reconcile, to bring to agreement · KO revised 2026-08-14 · Example generated for quiz","core3000,core-2000,verb"
1619,Internet,인터넷,W tekście pojawia się nazwa „Internet”.,Polish Core 3000 · 빈도 #1619 · name · KO revised 2026-08-14 · Example generated for quiz,"core3000,core-2000,name"
1620,domek,작은 집 / 오두막,To jest domek.,Polish Core 3000 · 빈도 #1620 · noun · EN: little house · KO revised 2026-08-14 · Example generated for quiz,"core3000,core-2000,noun"
1621,szok,충격,To jest szok.,Polish Core 3000 · 빈도 #1621 · noun · EN: shock (emotional state) · KO revised 2026-08-14 · Example generated for quiz,"core3000,core-2000,noun"
1622,mieszkaniec,거주자,To jest mieszkaniec.,Polish Core 3000 · 빈도 #1622 · noun · EN: inhabitant · KO revised 2026-08-14 · Example generated for quiz,"core3000,core-2000,noun"
1623,włączyć,할수있게하다,"Mogę włączyć, jeśli będzie trzeba.","Polish Core 3000 · 빈도 #1623 · verb · EN: (transitive) to switch on, to power up, to enable (to put a mechanism, device or system into operation) · KO revised 2026-08-14 · Example generated for quiz","core3000,core-2000,verb"
1624,oczyścić,씻다,"Mogę oczyścić, jeśli będzie trzeba.","Polish Core 3000 · 빈도 #1624 · verb · EN: (transitive) to cleanse, to purify, to clean · KO revised 2026-08-14 · Example generated for quiz","core3000,core-2000,verb"
1625,honor,과 동의어,To jest honor.,"Polish Core 3000 · 빈도 #1625 · noun · EN: honour, honor (praiseworthiness, respect) · KO revised 2026-08-14 · Example generated for quiz","core3000,core-2000,noun"
1626,usługa,서비스,To jest usługa.,Polish Core 3000 · 빈도 #1626 · noun · EN: (economics) service (work performed) · KO revised 2026-08-14 · Example generated for quiz,"core3000,core-2000,noun"
1627,trening,훈련,To jest trening.,Polish Core 3000 · 빈도 #1627 · noun · EN: (sports) training · KO revised 2026-08-14 · Example generated for quiz,"core3000,core-2000,noun"
1628,wyścig,민족,To jest wyścig.,Polish Core 3000 · 빈도 #1628 · noun · EN: race; contest where the goal is to be the first to complete some objective · KO revised 2026-08-14 · Example generated for quiz,"core3000,core-2000,noun"
1629,magazyn,창고,To jest magazyn.,Polish Core 3000 · 빈도 #1629 · noun · EN: warehouse (place for storing large amounts of products) · KO revised 2026-08-14 · Example generated for quiz,"core3000,core-2000,noun"
1630,hałas,소리,To jest hałas.,"Polish Core 3000 · 빈도 #1630 · noun · EN: noise, racket, din · KO revised 2026-08-14 · Example generated for quiz","core3000,core-2000,noun"
1631,nauczyciel,선생,To jest nauczyciel.,Polish Core 3000 · 빈도 #1631 · noun · EN: teacher · KO revised 2026-08-14 · Example generated for quiz,"core3000,core-2000,noun"
1632,niezależny,독립당의,W tekście pojawia się określenie „niezależny”.,Polish Core 3000 · 빈도 #1632 · adj · EN: independent (free from undue external influence) · KO revised 2026-08-14 · Example generated for quiz,"core3000,core-2000,adj"
1633,narzędzie,도구,To jest narzędzie.,Polish Core 3000 · 빈도 #1633 · noun · EN: tool (mechanical device intended to make a task easier) · KO revised 2026-08-14 · Example generated for quiz,"core3000,core-2000,noun"
1634,nadawać,드리우다,"Mogę nadawać, jeśli będzie trzeba.","Polish Core 3000 · 빈도 #1634 · verb · EN: (transitive) to confer, to bestow · KO revised 2026-08-14 · Example generated for quiz","core3000,core-2000,verb"
1635,konsekwencja,중요,To jest konsekwencja.,Polish Core 3000 · 빈도 #1635 · noun · EN: consequence (that which follows something on which it depends) · KO revised 2026-08-14 · Example generated for quiz,"core3000,core-2000,noun"
1636,burmistrz,시장,To jest burmistrz.,Polish Core 3000 · 빈도 #1636 · noun · EN: mayor · KO revised 2026-08-14 · Example generated for quiz,"core3000,core-2000,noun"
1637,sekcja,부문,To jest sekcja.,"Polish Core 3000 · 빈도 #1637 · noun · EN: section (part, piece or subdivision of anything) · KO revised 2026-08-14 · Example generated for quiz","core3000,core-2000,noun"
1638,organizacja,조직 / 단체,To jest organizacja.,Polish Core 3000 · 빈도 #1638 · noun · EN: organisation · KO revised 2026-08-14 · Example generated for quiz,"core3000,core-2000,noun"
1639,zarówno,"둘 다 (zarówno A, jak i B)","Lubię zarówno kawę, jak i herbatę.","Polish Core 3000 · 빈도 #1639 · conj · EN: in conjunction with jak (meaning both...and), used to bring the listener's attention to two objects · KO revised 2026-08-14 · Example generated for quiz","core3000,core-2000,conj"
1640,południowy,정오,W tekście pojawia się określenie „południowy”.,"Polish Core 3000 · 빈도 #1640 · adj · EN: (relational) noon, midday · KO revised 2026-08-14 · Example generated for quiz","core3000,core-2000,adj"
1641,doprowadzić,지도하다,"Mogę doprowadzić, jeśli będzie trzeba.","Polish Core 3000 · 빈도 #1641 · verb · EN: (transitive) to lead (to guide or conduct with the hand, or by means of some physical contact connection) · KO revised 2026-08-14 · Example generated for quiz","core3000,core-2000,verb"
1642,śmiać,웃다,"Mogę śmiać, jeśli będzie trzeba.","Polish Core 3000 · 빈도 #1642 · verb · EN: (reflexive) to laugh (to show mirth, satisfaction, or derision, by peculiar movement of the muscles of the face, particularly of the mouth) · KO revised 2026-08-14 · Example generated for quiz","core3000,core-2000,verb"
1643,poprawka,교정,To jest poprawka.,"Polish Core 3000 · 빈도 #1643 · noun · EN: correction, tweak, adjustment · KO revised 2026-08-14 · Example generated for quiz","core3000,core-2000,noun"
1644,sorry,미안,"Sorry, spóźniłem się.",Polish Core 3000 · 빈도 #1644 · intj · KO revised 2026-08-14 · Example generated for quiz,"core3000,core-2000,intj"
1645,rozdział,분회,To jest rozdział.,Polish Core 3000 · 빈도 #1645 · noun · EN: chapter · KO revised 2026-08-14 · Example generated for quiz,"core3000,core-2000,noun"
1646,śnieg,눈,To jest śnieg.,Polish Core 3000 · 빈도 #1646 · noun · EN: snow · KO revised 2026-08-14 · Example generated for quiz,"core3000,core-2000,noun"
1647,pośród,에 둘러싸여,Stał pośród tłumu.,"Polish Core 3000 · 빈도 #1647 · prep · EN: among, amid, midst · KO revised 2026-08-14 · Example generated for quiz","core3000,core-2000,prep"
1648,trener,코치,To jest trener.,"Polish Core 3000 · 빈도 #1648 · noun · EN: (sports) coach, trainer (person who trains another) · KO revised 2026-08-14 · Example generated for quiz","core3000,core-2000,noun"
1649,przemyśleć,되새기다,"Mogę przemyśleć, jeśli będzie trzeba.","Polish Core 3000 · 빈도 #1649 · verb · EN: (transitive) to think over (thoroughly), to chew on · KO revised 2026-08-14 · Example generated for quiz","core3000,core-2000,verb"
1650,tymczasem,그동안 / 한편,On robi to tymczasem.,Polish Core 3000 · 빈도 #1650 · adv · EN: meanwhile · KO revised 2026-08-14 · Example generated for quiz,"core3000,core-2000,adv"
1651,whisky,위스키,To jest whisky.,"Polish Core 3000 · 빈도 #1651 · noun · EN: whisky, whiskey · KO revised 2026-08-14 · Example generated for quiz","core3000,core-2000,noun"
1652,spokojny,가라앉히다,W tekście pojawia się określenie „spokojny”.,"Polish Core 3000 · 빈도 #1652 · adj · EN: calm, peaceful, tranquil, quiet, placid · KO revised 2026-08-14 · Example generated for quiz","core3000,core-2000,adj"
1653,drobny,조그맣다,W tekście pojawia się określenie „drobny”.,"Polish Core 3000 · 빈도 #1653 · adj · EN: small, fine · KO revised 2026-08-14 · Example generated for quiz","core3000,core-2000,adj"
1654,wniosek,판단,To jest wniosek.,"Polish Core 3000 · 빈도 #1654 · noun · EN: conclusion, outcome · KO revised 2026-08-14 · Example generated for quiz","core3000,core-2000,noun"
1655,zielony,초록색의 / 녹색의,W tekście pojawia się określenie „zielony”.,Polish Core 3000 · 빈도 #1655 · adj · EN: green · KO revised 2026-08-14 · Example generated for quiz,"core3000,core-2000,adj"
1656,rozzłościć,화나게 하다,"Mogę rozzłościć, jeśli będzie trzeba.","Polish Core 3000 · 빈도 #1656 · verb · EN: (transitive) to anger, to make angry · KO revised 2026-08-14 · Example generated for quiz","core3000,core-2000,verb"
1657,chleb,빵,To jest chleb.,Polish Core 3000 · 빈도 #1657 · noun · KO revised 2026-08-14 · Example generated for quiz,"core3000,core-2000,noun"
1658,fałszywy,가짜,W tekście pojawia się określenie „fałszywy”.,"Polish Core 3000 · 빈도 #1658 · adj · EN: fake (not real, a copy) · KO revised 2026-08-14 · Example generated for quiz","core3000,core-2000,adj"
1659,nielegalny,불법,W tekście pojawia się określenie „nielegalny”.,Polish Core 3000 · 빈도 #1659 · adj · EN: illegal · KO revised 2026-08-14 · Example generated for quiz,"core3000,core-2000,adj"
1660,widoczny,보이는,W tekście pojawia się określenie „widoczny”.,Polish Core 3000 · 빈도 #1660 · adj · EN: visible · KO revised 2026-08-14 · Example generated for quiz,"core3000,core-2000,adj"
1661,dziewczę,여,To jest dziewczę.,Polish Core 3000 · 빈도 #1661 · noun · EN: (dated except in the plural) girl · KO revised 2026-08-14 · Example generated for quiz,"core3000,core-2000,noun"
1662,emerytura,연금,To jest emerytura.,Polish Core 3000 · 빈도 #1662 · noun · EN: pension (regular payment due to a person in consideration of past services) · KO revised 2026-08-14 · Example generated for quiz,"core3000,core-2000,noun"
1663,zakaz,금령,To jest zakaz.,"Polish Core 3000 · 빈도 #1663 · noun · EN: prohibition, ban · KO revised 2026-08-14 · Example generated for quiz","core3000,core-2000,noun"
1664,zamordować,죽이다,"Mogę zamordować, jeśli będzie trzeba.","Polish Core 3000 · 빈도 #1664 · verb · EN: (transitive) to murder, to kill on purpose · KO revised 2026-08-14 · Example generated for quiz","core3000,core-2000,verb"
1665,odmówić,면회를 거절하다,"Mogę odmówić, jeśli będzie trzeba.",Polish Core 3000 · 빈도 #1665 · verb · EN: (transitive) to say no (to reject something) [+genitive] · KO revised 2026-08-14 · Example generated for quiz,"core3000,core-2000,verb"
1666,wrzesień,구월,To jest wrzesień.,Polish Core 3000 · 빈도 #1666 · noun · EN: September (month) · KO revised 2026-08-14 · Example generated for quiz,"core3000,core-2000,noun"
1667,wisieć,달다,"Mogę wisieć, jeśli będzie trzeba.",Polish Core 3000 · 빈도 #1667 · verb · EN: (intransitive) to hang; to be suspended · KO revised 2026-08-14 · Example generated for quiz,"core3000,core-2000,verb"
1668,osobny,분리하다,W tekście pojawia się określenie „osobny”.,Polish Core 3000 · 빈도 #1668 · adj · EN: separate · KO revised 2026-08-14 · Example generated for quiz,"core3000,core-2000,adj"
1669,zrezygnować,사임하다,"Mogę zrezygnować, jeśli będzie trzeba.","Polish Core 3000 · 빈도 #1669 · verb · EN: (intransitive) to resign, to give up, to forswear, to quit [+ z (genitive) = from something] · KO revised 2026-08-14 · Example generated for quiz","core3000,core-2000,verb"
1670,księżniczka,왕녀,To jest księżniczka.,Polish Core 3000 · 빈도 #1670 · noun · EN: princess · KO revised 2026-08-14 · Example generated for quiz,"core3000,core-2000,noun"
1671,bera,베르 배(프랑스 배 품종),To jest bera.,"Polish Core 3000 · 빈도 #1671 · noun · EN: butter pear (a juicy, delicate-textured French variety of pear) · KO revised 2026-08-14 · Example generated for quiz","core3000,core-2000,noun"
1672,śledzić,뒤따르다,"Mogę śledzić, jeśli będzie trzeba.","Polish Core 3000 · 빈도 #1672 · verb · EN: (transitive) to follow, to tail, to stalk, to track, to trail, to trace · KO revised 2026-08-14 · Example generated for quiz","core3000,core-2000,verb"
1673,tabletka,메모장,To jest tabletka.,"Polish Core 3000 · 빈도 #1673 · noun · EN: tablet (small, easily swallowed portion of a substance) · KO revised 2026-08-14 · Example generated for quiz","core3000,core-2000,noun"
1674,kita,가문,To jest kita.,Polish Core 3000 · 빈도 #1674 · noun · EN: fluffy tail · KO revised 2026-08-14 · Example generated for quiz,"core3000,core-2000,noun"
1675,rozpocząć,시작하다,"Mogę rozpocząć, jeśli będzie trzeba.","Polish Core 3000 · 빈도 #1675 · verb · EN: (transitive) to start, to begin, to launch, to initiate, to kick off · KO revised 2026-08-14 · Example generated for quiz","core3000,core-2000,verb"
1676,poświęcić,희생하다,"Mogę poświęcić, jeśli będzie trzeba.","Polish Core 3000 · 빈도 #1676 · verb · EN: (transitive) to sacrifice, to forfeit · KO revised 2026-08-14 · Example generated for quiz","core3000,core-2000,verb"
1677,ciosa,세이버 잉어(Pelecus cultratus),To jest ciosa.,"Polish Core 3000 · 빈도 #1677 · noun · EN: sichel, ziege, sabre carp, sabrefish (Pelecus cultratus) · KO revised 2026-08-14 · Example generated for quiz","core3000,core-2000,noun"
1678,odwołać,취소하다,"Mogę odwołać, jeśli będzie trzeba.","Polish Core 3000 · 빈도 #1678 · verb · EN: (transitive) to cancel, to call off · KO revised 2026-08-14 · Example generated for quiz","core3000,core-2000,verb"
1679,dowódca,경시장,To jest dowódca.,"Polish Core 3000 · 빈도 #1679 · noun · EN: commander, commanding officer, leader · KO revised 2026-08-14 · Example generated for quiz","core3000,core-2000,noun"
1680,hasło,암호,To jest hasło.,Polish Core 3000 · 빈도 #1680 · noun · EN: password · KO revised 2026-08-14 · Example generated for quiz,"core3000,core-2000,noun"
1681,kanapa,소파,To jest kanapa.,Polish Core 3000 · 빈도 #1681 · noun · EN: sofa · KO revised 2026-08-14 · Example generated for quiz,"core3000,core-2000,noun"
1682,prośba,부탁,To jest prośba.,"Polish Core 3000 · 빈도 #1682 · noun · EN: request, favour · KO revised 2026-08-14 · Example generated for quiz","core3000,core-2000,noun"
1683,odkryć,발견하다,"Mogę odkryć, jeśli będzie trzeba.","Polish Core 3000 · 빈도 #1683 · verb · EN: (transitive) to discover, to find · KO revised 2026-08-14 · Example generated for quiz","core3000,core-2000,verb"
1684,widocznie,명백히,On robi to widocznie.,"Polish Core 3000 · 빈도 #1684 · adv · EN: evidently, visibly · KO revised 2026-08-14 · Example generated for quiz","core3000,core-2000,adv"
1685,proch,가루 / 화약,To jest proch.,"Polish Core 3000 · 빈도 #1685 · noun · EN: powder, gunpowder · KO revised 2026-08-14 · Example generated for quiz","core3000,core-2000,noun"
1686,pilot,도선사,To jest pilot.,Polish Core 3000 · 빈도 #1686 · noun · EN: pilot (controller of aircraft) · KO revised 2026-08-14 · Example generated for quiz,"core3000,core-2000,noun"
1687,lord,군주,To jest lord.,Polish Core 3000 · 빈도 #1687 · noun · EN: Lord (aristocratic title for a man) · KO revised 2026-08-14 · Example generated for quiz,"core3000,core-2000,noun"
1688,gubić,잃다,"Mogę gubić, jeśli będzie trzeba.","Polish Core 3000 · 빈도 #1688 · verb · EN: (transitive) to lose, to mislay · KO revised 2026-08-14 · Example generated for quiz","core3000,core-2000,verb"
1689,koszula,셔츠,To jest koszula.,Polish Core 3000 · 빈도 #1689 · noun · EN: shirt (article of clothing) · KO revised 2026-08-14 · Example generated for quiz,"core3000,core-2000,noun"
1690,pałac,궁전,To jest pałac.,Polish Core 3000 · 빈도 #1690 · noun · EN: palace · KO revised 2026-08-14 · Example generated for quiz,"core3000,core-2000,noun"
1691,wygodny,안락하다,W tekście pojawia się określenie „wygodny”.,Polish Core 3000 · 빈도 #1691 · adj · EN: comfortable · KO revised 2026-08-14 · Example generated for quiz,"core3000,core-2000,adj"
1692,zaklinać,악담하다,"Mogę zaklinać, jeśli będzie trzeba.","Polish Core 3000 · 빈도 #1692 · verb · EN: (transitive) to curse, to swear (to utter a vulgar curse) · KO revised 2026-08-14 · Example generated for quiz","core3000,core-2000,verb"
1693,krzesło,의자,To jest krzesło.,Polish Core 3000 · 빈도 #1693 · noun · KO revised 2026-08-14 · Example generated for quiz,"core3000,core-2000,noun"
1694,planować,마련하다,"Mogę planować, jeśli będzie trzeba.",Polish Core 3000 · 빈도 #1694 · verb · EN: (transitive) to plan (to create a plan for) · KO revised 2026-08-14 · Example generated for quiz,"core3000,core-2000,verb"
1695,tatuaż,귀영북,To jest tatuaż.,Polish Core 3000 · 빈도 #1695 · noun · EN: tattoo (image made in the skin with ink and a needle) · KO revised 2026-08-14 · Example generated for quiz,"core3000,core-2000,noun"
1696,ptak,새,To jest ptak.,Polish Core 3000 · 빈도 #1696 · noun · EN: bird (animal) · KO revised 2026-08-14 · Example generated for quiz,"core3000,core-2000,noun"
1697,płyn,유동성의,To jest płyn.,Polish Core 3000 · 빈도 #1697 · noun · EN: fluid (any state of matter which can flow) · KO revised 2026-08-14 · Example generated for quiz,"core3000,core-2000,noun"
1698,pobyt,막아내다,To jest pobyt.,Polish Core 3000 · 빈도 #1698 · noun · EN: stay · KO revised 2026-08-14 · Example generated for quiz,"core3000,core-2000,noun"
1699,przysięgły,선서한,W tekście pojawia się określenie „przysięgły”.,Polish Core 3000 · 빈도 #1699 · adj · EN: (law) sworn (bound as though by an oath) · KO revised 2026-08-14 · Example generated for quiz,"core3000,core-2000,adj"
1700,geniusz,천재,To jest geniusz.,Polish Core 3000 · 빈도 #1700 · noun · EN: genius · KO revised 2026-08-14 · Example generated for quiz,"core3000,core-2000,noun"
1701,wyrwać,빼내다,"Mogę wyrwać, jeśli będzie trzeba.","Polish Core 3000 · 빈도 #1701 · verb · EN: (transitive) to pull out, to extract · KO revised 2026-08-14 · Example generated for quiz","core3000,core-2000,verb"
1702,mocny,강건한,W tekście pojawia się określenie „mocny”.,"Polish Core 3000 · 빈도 #1702 · adj · EN: strong, sturdy · KO revised 2026-08-14 · Example generated for quiz","core3000,core-2000,adj"
1703,karetka,구급차,To jest karetka.,Polish Core 3000 · 빈도 #1703 · noun · EN: ambulance · KO revised 2026-08-14 · Example generated for quiz,"core3000,core-2000,noun"
1704,obiekt,목표,To jest obiekt.,Polish Core 3000 · 빈도 #1704 · noun · EN: object (thing) · KO revised 2026-08-14 · Example generated for quiz,"core3000,core-2000,noun"
1705,opinia,의견,To jest opinia.,Polish Core 3000 · 빈도 #1705 · noun · EN: opinion · KO revised 2026-08-14 · Example generated for quiz,"core3000,core-2000,noun"
1706,postanawiać,결정하다,"Mogę postanawiać, jeśli będzie trzeba.","Polish Core 3000 · 빈도 #1706 · verb · EN: (transitive) to decide, to resolve · KO revised 2026-08-14 · Example generated for quiz","core3000,core-2000,verb"
1707,wariować,미쳐가다 / 날뛰다,"Mogę wariować, jeśli będzie trzeba.","Polish Core 3000 · 빈도 #1707 · verb · EN: (intransitive, colloquial) to go mad, to go nuts (to become mentally ill) · KO revised 2026-08-14 · Example generated for quiz","core3000,core-2000,verb"
1708,mieszać,움직이다,"Mogę mieszać, jeśli będzie trzeba.","Polish Core 3000 · 빈도 #1708 · verb · EN: (transitive) to stir, to mix · KO revised 2026-08-14 · Example generated for quiz","core3000,core-2000,verb"
1709,zajebisty,끝내주는 / 엄청 멋진 (비속어),W tekście pojawia się określenie „zajebisty”.,"Polish Core 3000 · 빈도 #1709 · adj · EN: (moderately vulgar) kick-ass, shit-hot, fucking awesome, fucking amazing · KO revised 2026-08-14 · Example generated for quiz","core3000,core-2000,adj"
1710,imponować,징집하다,"Mogę imponować, jeśli będzie trzeba.",Polish Core 3000 · 빈도 #1710 · verb · EN: (intransitive) to impress (to affect someone favourably) · KO revised 2026-08-14 · Example generated for quiz,"core3000,core-2000,verb"
1711,earl,백작,To jest earl.,Polish Core 3000 · 빈도 #1711 · noun · EN: earl (British or Irish nobleman) · KO revised 2026-08-14 · Example generated for quiz,"core3000,core-2000,noun"
1712,kopia,사본 / 복사본; 창(랜스),To jest kopia.,"Polish Core 3000 · 빈도 #1712 · noun · EN: lance, spear · KO revised 2026-08-14 · Example generated for quiz","core3000,core-2000,noun"
1713,kryzys,위기,To jest kryzys.,Polish Core 3000 · 빈도 #1713 · noun · EN: crisis · KO revised 2026-08-14 · Example generated for quiz,"core3000,core-2000,noun"
1714,złazić,내려가다,"Mogę złazić, jeśli będzie trzeba.","Polish Core 3000 · 빈도 #1714 · verb · EN: (colloquial, intransitive) to go down, to go downward · KO revised 2026-08-14 · Example generated for quiz","core3000,core-2000,verb"
1715,pizza,피자,To jest pizza.,Polish Core 3000 · 빈도 #1715 · noun · EN: pizza · KO revised 2026-08-14 · Example generated for quiz,"core3000,core-2000,noun"
1716,cień,빛깔,To jest cień.,"Polish Core 3000 · 빈도 #1716 · noun · EN: shade (darkness where light, particularly sunlight, is blocked) · KO revised 2026-08-14 · Example generated for quiz","core3000,core-2000,noun"
1717,wyczuwać,의미,"Mogę wyczuwać, jeśli będzie trzeba.","Polish Core 3000 · 빈도 #1717 · verb · EN: (transitive) to sense, to intuit · KO revised 2026-08-14 · Example generated for quiz","core3000,core-2000,verb"
1718,przyprowadzić,데리고오다,"Mogę przyprowadzić, jeśli będzie trzeba.","Polish Core 3000 · 빈도 #1718 · verb · EN: (transitive) to bring, to bring over · KO revised 2026-08-14 · Example generated for quiz","core3000,core-2000,verb"
1719,ponoć,상상상,Ponoć otwierają nowy sklep.,Polish Core 3000 · 빈도 #1719 · particle · EN: supposedly · KO revised 2026-08-14 · Example generated for quiz,"core3000,core-2000,particle"
1720,kostium,숙녀복,To jest kostium.,"Polish Core 3000 · 빈도 #1720 · noun · EN: costume (style of dress, including garments, accessories and hairstyle, especially as characteristic of a particular country, period or people) · KO revised 2026-08-14 · Example generated for quiz","core3000,core-2000,noun"
1721,dama,숙녀,To jest dama.,Polish Core 3000 · 빈도 #1721 · noun · EN: lady · KO revised 2026-08-14 · Example generated for quiz,"core3000,core-2000,noun"
1722,naszyjnik,목걸이,To jest naszyjnik.,Polish Core 3000 · 빈도 #1722 · noun · EN: necklace · KO revised 2026-08-14 · Example generated for quiz,"core3000,core-2000,noun"
1723,prywatny,민간,W tekście pojawia się określenie „prywatny”.,Polish Core 3000 · 빈도 #1723 · adj · EN: private · KO revised 2026-08-14 · Example generated for quiz,"core3000,core-2000,adj"
1724,pustynia,사막,To jest pustynia.,Polish Core 3000 · 빈도 #1724 · noun · EN: desert (barren area) · KO revised 2026-08-14 · Example generated for quiz,"core3000,core-2000,noun"
1725,skrzydło,날개,To jest skrzydło.,Polish Core 3000 · 빈도 #1725 · noun · EN: wing · KO revised 2026-08-14 · Example generated for quiz,"core3000,core-2000,noun"
1726,trójka,아라비아 숫자,To jest trójka.,Polish Core 3000 · 빈도 #1726 · noun · EN: the digit/figure 3 · KO revised 2026-08-14 · Example generated for quiz,"core3000,core-2000,noun"
1727,wielkość,크기,To jest wielkość.,Polish Core 3000 · 빈도 #1727 · noun · EN: size · KO revised 2026-08-14 · Example generated for quiz,"core3000,core-2000,noun"
1728,zapobiec,방지하다,"Mogę zapobiec, jeśli będzie trzeba.","Polish Core 3000 · 빈도 #1728 · verb · EN: (intransitive) to prevent, to avert, to ward off [+dative] · KO revised 2026-08-14 · Example generated for quiz","core3000,core-2000,verb"
1729,wszechświat,우주,To jest wszechświat.,"Polish Core 3000 · 빈도 #1729 · noun · EN: universe, cosmos · KO revised 2026-08-14 · Example generated for quiz","core3000,core-2000,noun"
1730,sprawiedliwy,공정하다,W tekście pojawia się określenie „sprawiedliwy”.,"Polish Core 3000 · 빈도 #1730 · adj · EN: fair, just · KO revised 2026-08-14 · Example generated for quiz","core3000,core-2000,adj"
1731,junior,손아래,To jest junior.,"Polish Core 3000 · 빈도 #1731 · noun · EN: (humorous, literary) junior (someone younger than someone else) · KO revised 2026-08-14 · Example generated for quiz","core3000,core-2000,noun"
1732,inspektor,감사,To jest inspektor.,Polish Core 3000 · 빈도 #1732 · noun · EN: inspector (person employed to inspect something) · KO revised 2026-08-14 · Example generated for quiz,"core3000,core-2000,noun"
1733,porwać,납치하다 / 휩쓸다,"Mogę porwać, jeśli będzie trzeba.","Polish Core 3000 · 빈도 #1733 · verb · EN: (transitive) to snag, to catch, to tear · KO revised 2026-08-14 · Example generated for quiz","core3000,core-2000,verb"
1734,nudny,재미없다,W tekście pojawia się określenie „nudny”.,"Polish Core 3000 · 빈도 #1734 · adj · EN: boring, dull · KO revised 2026-08-14 · Example generated for quiz","core3000,core-2000,adj"
1735,wskakiwać,뛰어들다 / 올라타다,"Mogę wskakiwać, jeśli będzie trzeba.",Polish Core 3000 · 빈도 #1735 · verb · EN: (intransitive) to jump in · KO revised 2026-08-14 · Example generated for quiz,"core3000,core-2000,verb"
1736,sugerować,내비치다,"Mogę sugerować, jeśli będzie trzeba.","Polish Core 3000 · 빈도 #1736 · verb · EN: (transitive) to suggest, to prompt · KO revised 2026-08-14 · Example generated for quiz","core3000,core-2000,verb"
1737,terapia,치료 / 요법,To jest terapia.,Polish Core 3000 · 빈도 #1737 · noun · EN: (medicine) therapy · KO revised 2026-08-14 · Example generated for quiz,"core3000,core-2000,noun"
1738,prąd,흐름,To jest prąd.,"Polish Core 3000 · 빈도 #1738 · noun · EN: current, electricity · KO revised 2026-08-14 · Example generated for quiz","core3000,core-2000,noun"
1739,opisać,형언하다,"Mogę opisać, jeśli będzie trzeba.",Polish Core 3000 · 빈도 #1739 · verb · EN: (transitive) to describe (represent in words) · KO revised 2026-08-14 · Example generated for quiz,"core3000,core-2000,verb"
1740,gang,놀이친구,To jest gang.,Polish Core 3000 · 빈도 #1740 · noun · EN: gang (criminal group with a common background) · KO revised 2026-08-14 · Example generated for quiz,"core3000,core-2000,noun"
1741,proponować,제안하다,"Mogę proponować, jeśli będzie trzeba.","Polish Core 3000 · 빈도 #1741 · verb · EN: (transitive) to propose, to suggest, to offer, to put forth · KO revised 2026-08-14 · Example generated for quiz","core3000,core-2000,verb"
1742,masa,질량,To jest masa.,Polish Core 3000 · 빈도 #1742 · noun · EN: (physics) mass · KO revised 2026-08-14 · Example generated for quiz,"core3000,core-2000,noun"
1743,przeciwieństwo,마주보는,To jest przeciwieństwo.,"Polish Core 3000 · 빈도 #1743 · noun · EN: opposite, reverse, antithesis · KO revised 2026-08-14 · Example generated for quiz","core3000,core-2000,noun"
1744,zoo,동물원,To jest zoo.,Polish Core 3000 · 빈도 #1744 · noun · EN: (zoology) zoo (park where live animals are exhibited) · KO revised 2026-08-14 · Example generated for quiz,"core3000,core-2000,noun"
1745,żałosny,슬프다,W tekście pojawia się określenie „żałosny”.,Polish Core 3000 · 빈도 #1745 · adj · EN: sorrowful · KO revised 2026-08-14 · Example generated for quiz,"core3000,core-2000,adj"
1746,urodzić,낳다,"Mogę urodzić, jeśli będzie trzeba.",Polish Core 3000 · 빈도 #1746 · verb · EN: (transitive) to give birth · KO revised 2026-08-14 · Example generated for quiz,"core3000,core-2000,verb"
1747,studio,스튜디오,To jest studio.,"Polish Core 3000 · 빈도 #1747 · noun · EN: studio (place where radio or television programs, records or films are made) · KO revised 2026-08-14 · Example generated for quiz","core3000,core-2000,noun"
1748,rozwód,이혼,To jest rozwód.,Polish Core 3000 · 빈도 #1748 · noun · EN: divorce (legal dissolution of a marriage) · KO revised 2026-08-14 · Example generated for quiz,"core3000,core-2000,noun"
1749,ekscytować,돋구다,"Mogę ekscytować, jeśli będzie trzeba.",Polish Core 3000 · 빈도 #1749 · verb · EN: (transitive) to excite (to stir the emotions of) · KO revised 2026-08-14 · Example generated for quiz,"core3000,core-2000,verb"
1750,północny,북에있는,W tekście pojawia się określenie „północny”.,Polish Core 3000 · 빈도 #1750 · adj · EN: northern (of or relating to the north) · KO revised 2026-08-14 · Example generated for quiz,"core3000,core-2000,adj"
1751,wytrzymać,에 저항하다,"Mogę wytrzymać, jeśli będzie trzeba.","Polish Core 3000 · 빈도 #1751 · verb · EN: (transitive) to withstand, to bear, to endure, to stand · KO revised 2026-08-14 · Example generated for quiz","core3000,core-2000,verb"
1752,stosunek,상관,To jest stosunek.,"Polish Core 3000 · 빈도 #1752 · noun · EN: relation, relationship · KO revised 2026-08-14 · Example generated for quiz","core3000,core-2000,noun"
1753,paliwo,음식물,To jest paliwo.,Polish Core 3000 · 빈도 #1753 · noun · EN: fuel · KO revised 2026-08-14 · Example generated for quiz,"core3000,core-2000,noun"
1754,świątynia,관자놀이,To jest świątynia.,Polish Core 3000 · 빈도 #1754 · noun · EN: temple (place of worship) · KO revised 2026-08-14 · Example generated for quiz,"core3000,core-2000,noun"
1755,tunel,터널,To jest tunel.,Polish Core 3000 · 빈도 #1755 · noun · EN: tunnel (underground or underwater passage) · KO revised 2026-08-14 · Example generated for quiz,"core3000,core-2000,noun"
1756,kanał,채널,To jest kanał.,"Polish Core 3000 · 빈도 #1756 · noun · EN: channel, canal · KO revised 2026-08-14 · Example generated for quiz","core3000,core-2000,noun"
1757,charakter,성격,To jest charakter.,Polish Core 3000 · 빈도 #1757 · noun · EN: personality · KO revised 2026-08-14 · Example generated for quiz,"core3000,core-2000,noun"
1758,zaakceptować,감수하다,"Mogę zaakceptować, jeśli będzie trzeba.","Polish Core 3000 · 빈도 #1758 · verb · EN: (transitive) to accept (regard as proper, usual, true, or to believe in) · KO revised 2026-08-14 · Example generated for quiz","core3000,core-2000,verb"
1759,termin,시한,To jest termin.,"Polish Core 3000 · 빈도 #1759 · noun · EN: deadline, due date · KO revised 2026-08-14 · Example generated for quiz","core3000,core-2000,noun"
1760,pogoda,날씨,To jest pogoda.,Polish Core 3000 · 빈도 #1760 · noun · EN: weather · KO revised 2026-08-14 · Example generated for quiz,"core3000,core-2000,noun"
1761,popracować,한동안 일하다,"Mogę popracować, jeśli będzie trzeba.",Polish Core 3000 · 빈도 #1761 · verb · EN: (intransitive) to work for some time · KO revised 2026-08-14 · Example generated for quiz,"core3000,core-2000,verb"
1762,zbytni,과하다,W tekście pojawia się określenie „zbytni”.,"Polish Core 3000 · 빈도 #1762 · adj · EN: excessive, undue · KO revised 2026-08-14 · Example generated for quiz","core3000,core-2000,adj"
1763,kurczyć,움츠리다,"Mogę kurczyć, jeśli będzie trzeba.",Polish Core 3000 · 빈도 #1763 · verb · EN: (transitive) to shrink (make smaller or shorter) · KO revised 2026-08-14 · Example generated for quiz,"core3000,core-2000,verb"
1764,wieczność,만년,To jest wieczność.,Polish Core 3000 · 빈도 #1764 · noun · EN: eternity · KO revised 2026-08-14 · Example generated for quiz,"core3000,core-2000,noun"
1765,uczeń,학생,To jest uczeń.,"Polish Core 3000 · 빈도 #1765 · noun · EN: student, schoolboy, pupil, apprentice (someone who learns) · KO revised 2026-08-14 · Example generated for quiz","core3000,core-2000,noun"
1766,umówić,약속을 잡다 / 예약하다,"Mogę umówić, jeśli będzie trzeba.","Polish Core 3000 · 빈도 #1766 · verb · EN: (reflexive, intransitive) to make an appointment · KO revised 2026-08-14 · Example generated for quiz","core3000,core-2000,verb"
1767,kłamca,거짓말쟁이,To jest kłamca.,Polish Core 3000 · 빈도 #1767 · noun · EN: liar (person who tells an untruth) · KO revised 2026-08-14 · Example generated for quiz,"core3000,core-2000,noun"
1768,porównać,비교하다,"Mogę porównać, jeśli będzie trzeba.",Polish Core 3000 · 빈도 #1768 · verb · EN: (transitive) to compare (to assess the similarities between two things or between one thing and another) · KO revised 2026-08-14 · Example generated for quiz,"core3000,core-2000,verb"
1769,puls,고동,To jest puls.,"Polish Core 3000 · 빈도 #1769 · noun · EN: (physiology) pulse (normally regular beat felt when arteries near the skin are depressed, caused by the heart pumping blood through them) · KO revised 2026-08-14 · Example generated for quiz","core3000,core-2000,noun"
1770,spust,방아쇠,To jest spust.,Polish Core 3000 · 빈도 #1770 · noun · EN: gun trigger · KO revised 2026-08-14 · Example generated for quiz,"core3000,core-2000,noun"
1771,nieruchomość,부동산,To jest nieruchomość.,Polish Core 3000 · 빈도 #1771 · noun · EN: (law) real estate · KO revised 2026-08-14 · Example generated for quiz,"core3000,core-2000,noun"
1772,maska,가면,To jest maska.,"Polish Core 3000 · 빈도 #1772 · noun · EN: mask (cover, or partial cover, for the face, used for disguise or protection) · KO revised 2026-08-14 · Example generated for quiz","core3000,core-2000,noun"
1773,nerw,기력,To jest nerw.,Polish Core 3000 · 빈도 #1773 · noun · EN: (anatomy) nerve · KO revised 2026-08-14 · Example generated for quiz,"core3000,core-2000,noun"
1774,kolejka,대기행렬,To jest kolejka.,Polish Core 3000 · 빈도 #1774 · noun · EN: queue · KO revised 2026-08-14 · Example generated for quiz,"core3000,core-2000,noun"
1775,skok,튀다,To jest skok.,"Polish Core 3000 · 빈도 #1775 · noun · EN: jump, leap, vault · KO revised 2026-08-14 · Example generated for quiz","core3000,core-2000,noun"
1776,papieros,궐련,To jest papieros.,Polish Core 3000 · 빈도 #1776 · noun · EN: cigarette · KO revised 2026-08-14 · Example generated for quiz,"core3000,core-2000,noun"
1777,bum,쾅! / 펑!,Nagle było słychać: bum!,Polish Core 3000 · 빈도 #1777 · intj · EN: boom! (sound of explosion) · KO revised 2026-08-14 · Example generated for quiz,"core3000,core-2000,intj"
1778,zidentyfikować,동일시하다,"Mogę zidentyfikować, jeśli będzie trzeba.",Polish Core 3000 · 빈도 #1778 · verb · EN: (transitive) to identify (establish the identity of) · KO revised 2026-08-14 · Example generated for quiz,"core3000,core-2000,verb"
1779,ocean,대양,To jest ocean.,Polish Core 3000 · 빈도 #1779 · noun · EN: ocean · KO revised 2026-08-14 · Example generated for quiz,"core3000,core-2000,noun"
1780,prać,씻다,"Mogę prać, jeśli będzie trzeba.","Polish Core 3000 · 빈도 #1780 · verb · EN: (transitive) to wash, to launder (to wash clothing) · KO revised 2026-08-14 · Example generated for quiz","core3000,core-2000,verb"
1781,zaś,인 까닭에,"Ja wolę kawę, on zaś herbatę.","Polish Core 3000 · 빈도 #1781 · conj · EN: whereas, while, however · KO revised 2026-08-14 · Example generated for quiz","core3000,core-2000,conj"
1782,zamawiać,주문하다,"Mogę zamawiać, jeśli będzie trzeba.","Polish Core 3000 · 빈도 #1782 · verb · EN: (transitive) to order (request, in a restaurant, etc.) · KO revised 2026-08-14 · Example generated for quiz","core3000,core-2000,verb"
1783,obsesja,붙음,To jest obsesja.,Polish Core 3000 · 빈도 #1783 · noun · EN: obsession · KO revised 2026-08-14 · Example generated for quiz,"core3000,core-2000,noun"
1784,winić,책잡다,"Mogę winić, jeśli będzie trzeba.",Polish Core 3000 · 빈도 #1784 · verb · EN: (transitive) to blame (to place blame upon) · KO revised 2026-08-14 · Example generated for quiz,"core3000,core-2000,verb"
1785,nagi,벌거벗은,W tekście pojawia się określenie „nagi”.,Polish Core 3000 · 빈도 #1785 · adj · EN: naked · KO revised 2026-08-14 · Example generated for quiz,"core3000,core-2000,adj"
1786,gruby,걸쭉하다,W tekście pojawia się określenie „gruby”.,Polish Core 3000 · 빈도 #1786 · adj · EN: thick (of an object) · KO revised 2026-08-14 · Example generated for quiz,"core3000,core-2000,adj"
1787,kierować,지시하다,"Mogę kierować, jeśli będzie trzeba.","Polish Core 3000 · 빈도 #1787 · verb · EN: (transitive) to direct, to head, to be in command [+instrumental = of something] · KO revised 2026-08-14 · Example generated for quiz","core3000,core-2000,verb"
1788,sąsiad,이웃사람,To jest sąsiad.,Polish Core 3000 · 빈도 #1788 · noun · EN: neighbor (a person living on adjacent or nearby land) · KO revised 2026-08-14 · Example generated for quiz,"core3000,core-2000,noun"
1789,istota,가축,To jest istota.,"Polish Core 3000 · 빈도 #1789 · noun · EN: creature, being · KO revised 2026-08-14 · Example generated for quiz","core3000,core-2000,noun"
1790,współpraca,협력,To jest współpraca.,Polish Core 3000 · 빈도 #1790 · noun · EN: cooperation · KO revised 2026-08-14 · Example generated for quiz,"core3000,core-2000,noun"
1791,jakikolwiek,누구든,Wybierz jakikolwiek kolor.,"Polish Core 3000 · 빈도 #1791 · pron · EN: any, whatsoever · KO revised 2026-08-14 · Example generated for quiz","core3000,core-2000,pron"
1792,mapa,지도,To jest mapa.,Polish Core 3000 · 빈도 #1792 · noun · EN: map (sheet with geographical information on it) · KO revised 2026-08-14 · Example generated for quiz,"core3000,core-2000,noun"
1793,cukier,사탕,To jest cukier.,Polish Core 3000 · 빈도 #1793 · noun · EN: sugar · KO revised 2026-08-14 · Example generated for quiz,"core3000,core-2000,noun"
1794,rower,자전거,To jest rower.,"Polish Core 3000 · 빈도 #1794 · noun · EN: bicycle, bike · KO revised 2026-08-14 · Example generated for quiz","core3000,core-2000,noun"
1795,ładunek,화물 / 적재물 / 장약,To jest ładunek.,"Polish Core 3000 · 빈도 #1795 · noun · EN: (transport) load, cargo · KO revised 2026-08-14 · Example generated for quiz","core3000,core-2000,noun"
1796,ciastko,컵케이크,To jest ciastko.,"Polish Core 3000 · 빈도 #1796 · noun · EN: small cake, cupcake, cookie · KO revised 2026-08-14 · Example generated for quiz","core3000,core-2000,noun"
1797,postęp,진행,To jest postęp.,"Polish Core 3000 · 빈도 #1797 · noun · EN: (singular only) progress (development, growth) · KO revised 2026-08-14 · Example generated for quiz","core3000,core-2000,noun"
1798,przyczyna,사유,To jest przyczyna.,"Polish Core 3000 · 빈도 #1798 · noun · EN: cause, reason · KO revised 2026-08-14 · Example generated for quiz","core3000,core-2000,noun"
1799,nieporozumienie,오해,To jest nieporozumienie.,Polish Core 3000 · 빈도 #1799 · noun · EN: misunderstanding · KO revised 2026-08-14 · Example generated for quiz,"core3000,core-2000,noun"
1800,ostry,날카롭다,W tekście pojawia się określenie „ostry”.,Polish Core 3000 · 빈도 #1800 · adj · EN: sharp (able to cut easily) · KO revised 2026-08-14 · Example generated for quiz,"core3000,core-2000,adj"
1801,tkwić,꽂히다,"Mogę tkwić, jeśli będzie trzeba.","Polish Core 3000 · 빈도 #1801 · verb · EN: (intransitive) to be stuck, to be riveted, to reside · KO revised 2026-08-14 · Example generated for quiz","core3000,core-2000,verb"
1802,katastrofa,대단원,To jest katastrofa.,"Polish Core 3000 · 빈도 #1802 · noun · EN: catastrophe, disaster · KO revised 2026-08-14 · Example generated for quiz","core3000,core-2000,noun"
1803,terytorium,영역,To jest terytorium.,Polish Core 3000 · 빈도 #1803 · noun · EN: territory · KO revised 2026-08-14 · Example generated for quiz,"core3000,core-2000,noun"
1804,dorwać,붙잡다 / 손에 넣다,"Mogę dorwać, jeśli będzie trzeba.",Polish Core 3000 · 빈도 #1804 · verb · EN: (transitive) to pick some more fruit having already picked some · KO revised 2026-08-14 · Example generated for quiz,"core3000,core-2000,verb"
1805,zadbać,돌보다,"Mogę zadbać, jeśli będzie trzeba.","Polish Core 3000 · 빈도 #1805 · verb · EN: (transitive) to nurse, to take care of [+ o (accusative)] (to treat kindly and with extra care) · KO revised 2026-08-14 · Example generated for quiz","core3000,core-2000,verb"
1806,ćwiczyć,활동시키다,"Mogę ćwiczyć, jeśli będzie trzeba.",Polish Core 3000 · 빈도 #1806 · verb · EN: (intransitive) to exercise (perfective wyćwiczyć) · KO revised 2026-08-14 · Example generated for quiz,"core3000,core-2000,verb"
1807,konkurs,각축,To jest konkurs.,"Polish Core 3000 · 빈도 #1807 · noun · EN: competition, contest · KO revised 2026-08-14 · Example generated for quiz","core3000,core-2000,noun"
1808,zapas,비축,To jest zapas.,"Polish Core 3000 · 빈도 #1808 · noun · EN: stockpile, reserve · KO revised 2026-08-14 · Example generated for quiz","core3000,core-2000,noun"
1809,dzieciństwo,아동기,To jest dzieciństwo.,Polish Core 3000 · 빈도 #1809 · noun · EN: childhood (the state of being a child) · KO revised 2026-08-14 · Example generated for quiz,"core3000,core-2000,noun"
1810,świętować,거행하다,"Mogę świętować, jeśli będzie trzeba.",Polish Core 3000 · 빈도 #1810 · verb · EN: (transitive) to celebrate (to engage in joyful activity in appreciation of an event) · KO revised 2026-08-14 · Example generated for quiz,"core3000,core-2000,verb"
1811,mur,벽,To jest mur.,Polish Core 3000 · 빈도 #1811 · noun · EN: wall (defensive rampart) · KO revised 2026-08-14 · Example generated for quiz,"core3000,core-2000,noun"
1812,dziennik,일상적,To jest dziennik.,Polish Core 3000 · 빈도 #1812 · noun · EN: daily · KO revised 2026-08-14 · Example generated for quiz,"core3000,core-2000,noun"
1813,grzech,죄,To jest grzech.,Polish Core 3000 · 빈도 #1813 · noun · EN: (religion) sin (violation of religious law) · KO revised 2026-08-14 · Example generated for quiz,"core3000,core-2000,noun"
1814,senator,상원의원,To jest senator.,Polish Core 3000 · 빈도 #1814 · noun · EN: senator (member in the house or chamber of a legislature called a senate) · KO revised 2026-08-14 · Example generated for quiz,"core3000,core-2000,noun"
1815,notatka,노트,To jest notatka.,Polish Core 3000 · 빈도 #1815 · noun · EN: note · KO revised 2026-08-14 · Example generated for quiz,"core3000,core-2000,noun"
1816,schody,단,To jest schody.,"Polish Core 3000 · 빈도 #1816 · noun · EN: stairs, stairway · KO revised 2026-08-14 · Example generated for quiz","core3000,core-2000,noun"
1817,europ,유로퓸,To jest europ.,"Polish Core 3000 · 빈도 #1817 · noun · EN: europium (chemical element, Eu, atomic number 63) · KO revised 2026-08-14 · Example generated for quiz","core3000,core-2000,noun"
1818,nisko,납작하다,On robi to nisko.,Polish Core 3000 · 빈도 #1818 · adv · EN: low · KO revised 2026-08-14 · Example generated for quiz,"core3000,core-2000,adv"
1819,wzrost,키,To jest wzrost.,Polish Core 3000 · 빈도 #1819 · noun · EN: height (of a person) · KO revised 2026-08-14 · Example generated for quiz,"core3000,core-2000,noun"
1820,odwalać,헤치다,"Mogę odwalać, jeśli będzie trzeba.","Polish Core 3000 · 빈도 #1820 · verb · EN: (transitive, reflexive, colloquial) to move something heavy or bulky, to shove aside · KO revised 2026-08-14 · Example generated for quiz","core3000,core-2000,verb"
1821,marynarka,해군,To jest marynarka.,Polish Core 3000 · 빈도 #1821 · noun · EN: suit jacket · KO revised 2026-08-14 · Example generated for quiz,"core3000,core-2000,noun"
1822,sos,소스,To jest sos.,Polish Core 3000 · 빈도 #1822 · noun · EN: sauce · KO revised 2026-08-14 · Example generated for quiz,"core3000,core-2000,noun"
1823,transport,운송 / 수송,To jest transport.,Polish Core 3000 · 빈도 #1823 · noun · EN: transport (act of transporting) · KO revised 2026-08-14 · Example generated for quiz,"core3000,core-2000,noun"
1824,przebrać,달라지다,"Mogę przebrać, jeśli będzie trzeba.","Polish Core 3000 · 빈도 #1824 · verb · EN: (transitive) to change, to redress [+ w (accusative) = into something] · KO revised 2026-08-14 · Example generated for quiz","core3000,core-2000,verb"
1825,przywrócić,복구시키다,"Mogę przywrócić, jeśli będzie trzeba.","Polish Core 3000 · 빈도 #1825 · verb · EN: (transitive) to restore, to reintroduce · KO revised 2026-08-14 · Example generated for quiz","core3000,core-2000,verb"
1826,stwierdzić,신고하다,"Mogę stwierdzić, jeśli będzie trzeba.","Polish Core 3000 · 빈도 #1826 · verb · EN: (transitive) to state, to affirm, to attest · KO revised 2026-08-14 · Example generated for quiz","core3000,core-2000,verb"
1827,ubrać,입히다,"Mogę ubrać, jeśli będzie trzeba.",Polish Core 3000 · 빈도 #1827 · verb · EN: (transitive) to dress (to clothe something/somebody) · KO revised 2026-08-14 · Example generated for quiz,"core3000,core-2000,verb"
1828,odległość,거리,To jest odległość.,Polish Core 3000 · 빈도 #1828 · noun · EN: distance (between two points) · KO revised 2026-08-14 · Example generated for quiz,"core3000,core-2000,noun"
1829,wysłuchać,끝까지 듣다 / 경청하다,"Mogę wysłuchać, jeśli będzie trzeba.","Polish Core 3000 · 빈도 #1829 · verb · EN: (transitive) to listen thoroughly, to listen to the entirety of · KO revised 2026-08-14 · Example generated for quiz","core3000,core-2000,verb"
1830,efekt,외관,To jest efekt.,"Polish Core 3000 · 빈도 #1830 · noun · EN: effect, result · KO revised 2026-08-14 · Example generated for quiz","core3000,core-2000,noun"
1831,symbol,부호,To jest symbol.,Polish Core 3000 · 빈도 #1831 · noun · EN: symbol · KO revised 2026-08-14 · Example generated for quiz,"core3000,core-2000,noun"
1832,pub,목로술집,To jest pub.,Polish Core 3000 · 빈도 #1832 · noun · EN: pub (public house) · KO revised 2026-08-14 · Example generated for quiz,"core3000,core-2000,noun"
1833,spalić,불사르다,"Mogę spalić, jeśli będzie trzeba.","Polish Core 3000 · 빈도 #1833 · verb · EN: (transitive) to burn, to incinerate · KO revised 2026-08-14 · Example generated for quiz","core3000,core-2000,verb"
1834,pipa,피펫(작은 유리관),To jest pipa.,Polish Core 3000 · 빈도 #1834 · noun · EN: pipette (small glass tube used for transferring liquid) · KO revised 2026-08-14 · Example generated for quiz,"core3000,core-2000,noun"
1835,własność,소유주임,To jest własność.,Polish Core 3000 · 빈도 #1835 · noun · EN: ownership · KO revised 2026-08-14 · Example generated for quiz,"core3000,core-2000,noun"
1836,śliczny,곱다,W tekście pojawia się określenie „śliczny”.,"Polish Core 3000 · 빈도 #1836 · adj · EN: beautiful, gorgeous · KO revised 2026-08-14 · Example generated for quiz","core3000,core-2000,adj"
1837,morda,얼굴,To jest morda.,Polish Core 3000 · 빈도 #1837 · noun · EN: (of an animal) face · KO revised 2026-08-14 · Example generated for quiz,"core3000,core-2000,noun"
1838,relacja,상관,To jest relacja.,Polish Core 3000 · 빈도 #1838 · noun · EN: relation (a manner of association between two things) · KO revised 2026-08-14 · Example generated for quiz,"core3000,core-2000,noun"
1839,głęboki,깊다,W tekście pojawia się określenie „głęboki”.,Polish Core 3000 · 빈도 #1839 · adj · EN: deep · KO revised 2026-08-14 · Example generated for quiz,"core3000,core-2000,adj"
1840,zgon,죽음,To jest zgon.,"Polish Core 3000 · 빈도 #1840 · noun · EN: (chiefly law or medicine, literary) death · KO revised 2026-08-14 · Example generated for quiz","core3000,core-2000,noun"
1841,straż,경비 / 경계,To jest straż.,"Polish Core 3000 · 빈도 #1841 · noun · EN: watch, guard, escort (group of people who guard) · KO revised 2026-08-14 · Example generated for quiz","core3000,core-2000,noun"
1842,amerykański,미합중국의,W tekście pojawia się określenie „amerykański”.,Polish Core 3000 · 빈도 #1842 · adj · EN: (relational) American · KO revised 2026-08-14 · Example generated for quiz,"core3000,core-2000,adj"
1843,pobierać,취하다,"Mogę pobierać, jeśli będzie trzeba.","Polish Core 3000 · 빈도 #1843 · verb · EN: (transitive) to take, to grab, to receive · KO revised 2026-08-14 · Example generated for quiz","core3000,core-2000,verb"
1844,temperatura,기온,To jest temperatura.,Polish Core 3000 · 빈도 #1844 · noun · EN: temperature (measure of cold or hot) · KO revised 2026-08-14 · Example generated for quiz,"core3000,core-2000,noun"
1845,dorosły,어른,To jest dorosły.,Polish Core 3000 · 빈도 #1845 · noun · EN: adult · KO revised 2026-08-14 · Example generated for quiz,"core3000,core-2000,noun"
1846,alfa,그리스자모의 첫째글자,To jest alfa.,"Polish Core 3000 · 빈도 #1846 · noun · EN: alpha (Greek letter Α, α) · KO revised 2026-08-14 · Example generated for quiz","core3000,core-2000,noun"
1847,pilny,절박하다,W tekście pojawia się określenie „pilny”.,Polish Core 3000 · 빈도 #1847 · adj · EN: urgent · KO revised 2026-08-14 · Example generated for quiz,"core3000,core-2000,adj"
1848,gapić,응시하다,"Mogę gapić, jeśli będzie trzeba.","Polish Core 3000 · 빈도 #1848 · verb · EN: (reflexive, colloquial) to stare, to gawk, to gape · KO revised 2026-08-14 · Example generated for quiz","core3000,core-2000,verb"
1849,zwrot,표출,To jest zwrot.,Polish Core 3000 · 빈도 #1849 · noun · EN: (semantics) expression (particular way of phrasing an idea) · KO revised 2026-08-14 · Example generated for quiz,"core3000,core-2000,noun"
1850,pływać,헤엄치다,"Mogę pływać, jeśli będzie trzeba.",Polish Core 3000 · 빈도 #1850 · verb · EN: (intransitive) to swim (move through water) · KO revised 2026-08-14 · Example generated for quiz,"core3000,core-2000,verb"
1851,wyłazić,나오다,"Mogę wyłazić, jeśli będzie trzeba.","Polish Core 3000 · 빈도 #1851 · verb · EN: (colloquial, intransitive) to exit · KO revised 2026-08-14 · Example generated for quiz","core3000,core-2000,verb"
1852,przyjrzeć,자세히 살펴보다,"Mogę przyjrzeć, jeśli będzie trzeba.",Polish Core 3000 · 빈도 #1852 · verb · EN: (reflexive) to examine thoroughly [+dative = somebody / something] · KO revised 2026-08-14 · Example generated for quiz,"core3000,core-2000,verb"
1853,gotować,익다,"Mogę gotować, jeśli będzie trzeba.",Polish Core 3000 · 빈도 #1853 · verb · EN: (transitive) to cook (prepare food for eating) · KO revised 2026-08-14 · Example generated for quiz,"core3000,core-2000,verb"
1854,centymetr,센티미터,To jest centymetr.,"Polish Core 3000 · 빈도 #1854 · noun · EN: centimetre, centimeter · KO revised 2026-08-14 · Example generated for quiz","core3000,core-2000,noun"
1855,poprawić,진보시키다,"Mogę poprawić, jeśli będzie trzeba.","Polish Core 3000 · 빈도 #1855 · verb · EN: (transitive) to improve, to better · KO revised 2026-08-14 · Example generated for quiz","core3000,core-2000,verb"
1856,kłócić,다투다,"Mogę kłócić, jeśli będzie trzeba.",Polish Core 3000 · 빈도 #1856 · verb · EN: (transitive) to cause to quarrel · KO revised 2026-08-14 · Example generated for quiz,"core3000,core-2000,verb"
1857,motel,자동차 여행자 숙박소,To jest motel.,Polish Core 3000 · 빈도 #1857 · noun · EN: motel · KO revised 2026-08-14 · Example generated for quiz,"core3000,core-2000,noun"
1858,opór,저항 / 반대,To jest opór.,Polish Core 3000 · 빈도 #1858 · noun · EN: political resistance or struggle [+ wobec (genitive) = against whom] or [+ przeciw (dative) = against whom] · KO revised 2026-08-14 · Example generated for quiz,"core3000,core-2000,noun"
1859,wówczas,그제서야,Wówczas wszystko było prostsze.,Polish Core 3000 · 빈도 #1859 · pron · EN: then (at that time) · KO revised 2026-08-14 · Example generated for quiz,"core3000,core-2000,pron"
1860,piękno,여인,To jest piękno.,Polish Core 3000 · 빈도 #1860 · noun · EN: beauty (quality of pleasing appearance) · KO revised 2026-08-14 · Example generated for quiz,"core3000,core-2000,noun"
1861,garść,한 줌,To jest garść.,"Polish Core 3000 · 빈도 #1861 · noun · EN: hand understood as a tool to hold something in it; grasp, grip · KO revised 2026-08-14 · Example generated for quiz","core3000,core-2000,noun"
1862,pech,액운,To jest pech.,"Polish Core 3000 · 빈도 #1862 · noun · EN: (usually in the singular) bad luck, misfortune · KO revised 2026-08-14 · Example generated for quiz","core3000,core-2000,noun"
1863,niekonieczny,불필요한,W tekście pojawia się określenie „niekonieczny”.,Polish Core 3000 · 빈도 #1863 · adj · EN: unnecessary (unneeded) · KO revised 2026-08-14 · Example generated for quiz,"core3000,core-2000,adj"
1864,lustro,거울,To jest lustro.,Polish Core 3000 · 빈도 #1864 · noun · EN: mirror · KO revised 2026-08-14 · Example generated for quiz,"core3000,core-2000,noun"
1865,żywcem,살아서,On robi to żywcem.,Polish Core 3000 · 빈도 #1865 · adv · EN: alive · KO revised 2026-08-14 · Example generated for quiz,"core3000,core-2000,adv"
1866,świnia,돼지,To jest świnia.,Polish Core 3000 · 빈도 #1866 · noun · EN: pig · KO revised 2026-08-14 · Example generated for quiz,"core3000,core-2000,noun"
1867,skazać,기결수,"Mogę skazać, jeśli będzie trzeba.","Polish Core 3000 · 빈도 #1867 · verb · EN: (transitive, law) to convict, to sentence [+ na (accusative) = to something] · KO revised 2026-08-14 · Example generated for quiz","core3000,core-2000,verb"
1868,włazić,들다,"Mogę włazić, jeśli będzie trzeba.","Polish Core 3000 · 빈도 #1868 · verb · EN: (colloquial, intransitive) to walk into something, to enter · KO revised 2026-08-14 · Example generated for quiz","core3000,core-2000,verb"
1869,odbyć,안다,"Mogę odbyć, jeśli będzie trzeba.","Polish Core 3000 · 빈도 #1869 · verb · EN: (transitive) to hold, to put on, to organise · KO revised 2026-08-14 · Example generated for quiz","core3000,core-2000,verb"
1870,królestwo,왕국,To jest królestwo.,Polish Core 3000 · 빈도 #1870 · noun · EN: kingdom; nation having as supreme ruler a king and/or queen · KO revised 2026-08-14 · Example generated for quiz,"core3000,core-2000,noun"
1871,areszt,구류,To jest areszt.,Polish Core 3000 · 빈도 #1871 · noun · EN: (law) arrest (an act or instance of an arrest) · KO revised 2026-08-14 · Example generated for quiz,"core3000,core-2000,noun"
1872,stawić,나타나다 / 출석하다 (stawić się),"Mogę stawić, jeśli będzie trzeba.","Polish Core 3000 · 빈도 #1872 · verb · EN: (reflexive) to show up, to turn up · KO revised 2026-08-14 · Example generated for quiz","core3000,core-2000,verb"
1873,strefa,지대,To jest strefa.,Polish Core 3000 · 빈도 #1873 · noun · EN: zone · KO revised 2026-08-14 · Example generated for quiz,"core3000,core-2000,noun"
1874,szał,광기,To jest szał.,"Polish Core 3000 · 빈도 #1874 · noun · EN: craze, frenzy, fury, madness, amok · KO revised 2026-08-14 · Example generated for quiz","core3000,core-2000,noun"
1875,społeczeństwo,사회,To jest społeczeństwo.,Polish Core 3000 · 빈도 #1875 · noun · EN: society · KO revised 2026-08-14 · Example generated for quiz,"core3000,core-2000,noun"
1876,komisja,관재인,To jest komisja.,"Polish Core 3000 · 빈도 #1876 · noun · EN: committee, commission, board · KO revised 2026-08-14 · Example generated for quiz","core3000,core-2000,noun"
1877,salon,거실,To jest salon.,Polish Core 3000 · 빈도 #1877 · noun · EN: living room · KO revised 2026-08-14 · Example generated for quiz,"core3000,core-2000,noun"
1878,korytarz,복도,To jest korytarz.,Polish Core 3000 · 빈도 #1878 · noun · EN: corridor (narrow hall or passage) · KO revised 2026-08-14 · Example generated for quiz,"core3000,core-2000,noun"
1879,wyrazić,표현하다,"Mogę wyrazić, jeśli będzie trzeba.","Polish Core 3000 · 빈도 #1879 · verb · EN: (transitive) to express, to articulate, to vocalise · KO revised 2026-08-14 · Example generated for quiz","core3000,core-2000,verb"
1880,wkurzyć,격노하다,"Mogę wkurzyć, jeśli będzie trzeba.","Polish Core 3000 · 빈도 #1880 · verb · EN: (transitive, colloquial) to piss off, to enrage · KO revised 2026-08-14 · Example generated for quiz","core3000,core-2000,verb"
1881,wieża,탑,To jest wieża.,Polish Core 3000 · 빈도 #1881 · noun · EN: tower · KO revised 2026-08-14 · Example generated for quiz,"core3000,core-2000,noun"
1882,tort,호도,To jest tort.,Polish Core 3000 · 빈도 #1882 · noun · EN: torte (type of cake) · KO revised 2026-08-14 · Example generated for quiz,"core3000,core-2000,noun"
1883,technologia,기법,To jest technologia.,"Polish Core 3000 · 빈도 #1883 · noun · EN: technique, method (method of achieving something or carrying something out) · KO revised 2026-08-14 · Example generated for quiz","core3000,core-2000,noun"
1884,opcja,선택권,To jest opcja.,Polish Core 3000 · 빈도 #1884 · noun · EN: option (one of the choices that can be made) · KO revised 2026-08-14 · Example generated for quiz,"core3000,core-2000,noun"
1885,kąpiel,목욕,To jest kąpiel.,"Polish Core 3000 · 빈도 #1885 · noun · EN: bath, bathing · KO revised 2026-08-14 · Example generated for quiz","core3000,core-2000,noun"
1886,schować,숨기다,"Mogę schować, jeśli będzie trzeba.",Polish Core 3000 · 빈도 #1886 · verb · EN: (transitive) to put away · KO revised 2026-08-14 · Example generated for quiz,"core3000,core-2000,verb"
1887,bingo,빙고,To jest bingo.,Polish Core 3000 · 빈도 #1887 · noun · EN: bingo (game of chance) · KO revised 2026-08-14 · Example generated for quiz,"core3000,core-2000,noun"
1888,zawód,공언,To jest zawód.,"Polish Core 3000 · 빈도 #1888 · noun · EN: profession, occupation · KO revised 2026-08-14 · Example generated for quiz","core3000,core-2000,noun"
1889,samotność,고독,To jest samotność.,Polish Core 3000 · 빈도 #1889 · noun · EN: solitude · KO revised 2026-08-14 · Example generated for quiz,"core3000,core-2000,noun"
1890,niepotrzebny,여분의,W tekście pojawia się określenie „niepotrzebny”.,"Polish Core 3000 · 빈도 #1890 · adj · EN: unnecessary, superfluous · KO revised 2026-08-14 · Example generated for quiz","core3000,core-2000,adj"
1891,zapalać,발화하다,"Mogę zapalać, jeśli będzie trzeba.","Polish Core 3000 · 빈도 #1891 · verb · EN: (transitive) to ignite, to light · KO revised 2026-08-14 · Example generated for quiz","core3000,core-2000,verb"
1892,brzeg,해안,To jest brzeg.,"Polish Core 3000 · 빈도 #1892 · noun · EN: coast, shoreline, bank; the area along the edge of a body of water (ocean, lake, river) · KO revised 2026-08-14 · Example generated for quiz","core3000,core-2000,noun"
1893,wzór,상투어,To jest wzór.,"Polish Core 3000 · 빈도 #1893 · noun · EN: (mathematics, physics) formula · KO revised 2026-08-14 · Example generated for quiz","core3000,core-2000,noun"
1894,świadomość,의식,To jest świadomość.,"Polish Core 3000 · 빈도 #1894 · noun · EN: awareness, consciousness · KO revised 2026-08-14 · Example generated for quiz","core3000,core-2000,noun"
1895,nienawiść,미움,To jest nienawiść.,Polish Core 3000 · 빈도 #1895 · noun · EN: hatred · KO revised 2026-08-14 · Example generated for quiz,"core3000,core-2000,noun"
1896,zdradzić,누설하다,"Mogę zdradzić, jeśli będzie trzeba.",Polish Core 3000 · 빈도 #1896 · verb · EN: (transitive) to betray · KO revised 2026-08-14 · Example generated for quiz,"core3000,core-2000,verb"
1897,czynsz,월세 / 임대료,To jest czynsz.,Polish Core 3000 · 빈도 #1897 · noun · KO revised 2026-08-14 · Example generated for quiz,"core3000,core-2000,noun"
1898,słonka,누른도요,To jest słonka.,"Polish Core 3000 · 빈도 #1898 · noun · EN: woodcock (any bird in the genus Scolopax), especially the Eurasian woodcock (Scolopax rusticola) · KO revised 2026-08-14 · Example generated for quiz","core3000,core-2000,noun"
1899,polować,사냥하다,"Mogę polować, jeśli będzie trzeba.","Polish Core 3000 · 빈도 #1899 · verb · EN: (transitive) to hunt, to chase · KO revised 2026-08-14 · Example generated for quiz","core3000,core-2000,verb"
1900,demon,악마,To jest demon.,Polish Core 3000 · 빈도 #1900 · noun · EN: demon · KO revised 2026-08-14 · Example generated for quiz,"core3000,core-2000,noun"
1901,zakładnik,볼모,To jest zakładnik.,Polish Core 3000 · 빈도 #1901 · noun · EN: hostage · KO revised 2026-08-14 · Example generated for quiz,"core3000,core-2000,noun"
1902,precz,부재하여,On robi to precz.,Polish Core 3000 · 빈도 #1902 · adv · EN: (always with a verb) an adverb used to indicate motion away from the given location; away · KO revised 2026-08-14 · Example generated for quiz,"core3000,core-2000,adv"
1903,złodziej,도둑,To jest złodziej.,Polish Core 3000 · 빈도 #1903 · noun · EN: thief (one who carries out theft) · KO revised 2026-08-14 · Example generated for quiz,"core3000,core-2000,noun"
1904,wybuchać,발광하다,"Mogę wybuchać, jeśli będzie trzeba.",Polish Core 3000 · 빈도 #1904 · verb · EN: (intransitive) to explode · KO revised 2026-08-14 · Example generated for quiz,"core3000,core-2000,verb"
1905,grób,무덤,To jest grób.,Polish Core 3000 · 빈도 #1905 · noun · EN: grave · KO revised 2026-08-14 · Example generated for quiz,"core3000,core-2000,noun"
1906,kark,목덜미,To jest kark.,Polish Core 3000 · 빈도 #1906 · noun · EN: nape (back part of the neck) · KO revised 2026-08-14 · Example generated for quiz,"core3000,core-2000,noun"
1907,wypełnić,가득하다,"Mogę wypełnić, jeśli będzie trzeba.","Polish Core 3000 · 빈도 #1907 · verb · EN: (transitive) to fill, to fill in, to fill up (to make full) · KO revised 2026-08-14 · Example generated for quiz","core3000,core-2000,verb"
1908,tworzyć,불러일으키다,"Mogę tworzyć, jeśli będzie trzeba.",Polish Core 3000 · 빈도 #1908 · verb · EN: (transitive) to create · KO revised 2026-08-14 · Example generated for quiz,"core3000,core-2000,verb"
1909,trup,송장,To jest trup.,Polish Core 3000 · 빈도 #1909 · noun · EN: (informal) corpse · KO revised 2026-08-14 · Example generated for quiz,"core3000,core-2000,noun"
1910,wsadzić,담기다,"Mogę wsadzić, jeśli będzie trzeba.",Polish Core 3000 · 빈도 #1910 · verb · EN: (transitive) to put in (place inside) · KO revised 2026-08-14 · Example generated for quiz,"core3000,core-2000,verb"
1911,obawa,걱정,To jest obawa.,"Polish Core 3000 · 빈도 #1911 · noun · EN: worry, anxiety, trepidation · KO revised 2026-08-14 · Example generated for quiz","core3000,core-2000,noun"
1912,reputacja,이름,To jest reputacja.,Polish Core 3000 · 빈도 #1912 · noun · EN: name (reputation) · KO revised 2026-08-14 · Example generated for quiz,"core3000,core-2000,noun"
1913,taśma,무리,To jest taśma.,Polish Core 3000 · 빈도 #1913 · noun · EN: band (strip of material wrapped around things to hold them together) · KO revised 2026-08-14 · Example generated for quiz,"core3000,core-2000,noun"
1914,reakcja,대응,To jest reakcja.,Polish Core 3000 · 빈도 #1914 · noun · EN: reaction (action in response to an event) · KO revised 2026-08-14 · Example generated for quiz,"core3000,core-2000,noun"
1915,szanować,공경하다,"Mogę szanować, jeśli będzie trzeba.","Polish Core 3000 · 빈도 #1915 · verb · EN: (transitive) to respect, to esteem · KO revised 2026-08-14 · Example generated for quiz","core3000,core-2000,verb"
1916,przypadkowy,무작위,W tekście pojawia się określenie „przypadkowy”.,"Polish Core 3000 · 빈도 #1916 · adj · EN: random, accidental · KO revised 2026-08-14 · Example generated for quiz","core3000,core-2000,adj"
1917,ekspert,감정인,To jest ekspert.,Polish Core 3000 · 빈도 #1917 · noun · EN: expert · KO revised 2026-08-14 · Example generated for quiz,"core3000,core-2000,noun"
1918,społeczność,공동사회,To jest społeczność.,Polish Core 3000 · 빈도 #1918 · noun · EN: community · KO revised 2026-08-14 · Example generated for quiz,"core3000,core-2000,noun"
1919,ściągnąć,벗어지다,"Mogę ściągnąć, jeśli będzie trzeba.","Polish Core 3000 · 빈도 #1919 · verb · EN: (transitive) to take off (clothes), to doff · KO revised 2026-08-14 · Example generated for quiz","core3000,core-2000,verb"
1920,podejrzewać,의심하다,"Mogę podejrzewać, jeśli będzie trzeba.",Polish Core 3000 · 빈도 #1920 · verb · EN: (transitive) to suspect (imagine or suppose to be true) · KO revised 2026-08-14 · Example generated for quiz,"core3000,core-2000,verb"
1921,worek,가방,To jest worek.,"Polish Core 3000 · 빈도 #1921 · noun · EN: bag, sack · KO revised 2026-08-14 · Example generated for quiz","core3000,core-2000,noun"
1922,wynikać,~에서 비롯되다 / 결과로 나타나다,"Mogę wynikać, jeśli będzie trzeba.","Polish Core 3000 · 빈도 #1922 · verb · EN: (intransitive) to ensue, to result, to follow, to stem from [+ z (genitive) = from something] · KO revised 2026-08-14 · Example generated for quiz","core3000,core-2000,verb"
1923,banda,놀이친구,To jest banda.,Polish Core 3000 · 빈도 #1923 · noun · EN: gang (a group of criminals) · KO revised 2026-08-14 · Example generated for quiz,"core3000,core-2000,noun"
1924,gabinet,공부,To jest gabinet.,Polish Core 3000 · 빈도 #1924 · noun · EN: study (room) · KO revised 2026-08-14 · Example generated for quiz,"core3000,core-2000,noun"
1925,akademia,아카데미아,To jest akademia.,Polish Core 3000 · 빈도 #1925 · noun · EN: academy (institution or building for the study of higher learning) · KO revised 2026-08-14 · Example generated for quiz,"core3000,core-2000,noun"
1926,ożenić,장가가다,"Mogę ożenić, jeśli będzie trzeba.",Polish Core 3000 · 빈도 #1926 · verb · EN: (transitive) to marry off · KO revised 2026-08-14 · Example generated for quiz,"core3000,core-2000,verb"
1927,szczur,밀고자,To jest szczur.,Polish Core 3000 · 빈도 #1927 · noun · EN: rat (rodent) · KO revised 2026-08-14 · Example generated for quiz,"core3000,core-2000,noun"
1928,zastąpić,보충하다,"Mogę zastąpić, jeśli będzie trzeba.","Polish Core 3000 · 빈도 #1928 · verb · EN: (transitive) to stand in for, to deputise for, to replace · KO revised 2026-08-14 · Example generated for quiz","core3000,core-2000,verb"
1929,genialny,번쩍번쩍하는,W tekście pojawia się określenie „genialny”.,"Polish Core 3000 · 빈도 #1929 · adj · EN: brilliant, genius (highly intelligent) · KO revised 2026-08-14 · Example generated for quiz","core3000,core-2000,adj"
1930,kurtka,망토,To jest kurtka.,"Polish Core 3000 · 빈도 #1930 · noun · EN: jacket (piece of clothing worn on the upper body outside a shirt or blouse, often waist length to thigh length) · KO revised 2026-08-14 · Example generated for quiz","core3000,core-2000,noun"
1931,marek,요괴,To jest marek.,Polish Core 3000 · 빈도 #1931 · noun · EN: water parsnip (Sium gen. et spp.) · KO revised 2026-08-14 · Example generated for quiz,"core3000,core-2000,noun"
1932,pozdrawiać,인사하다 / 안부를 전하다,"Mogę pozdrawiać, jeśli będzie trzeba.",Polish Core 3000 · 빈도 #1932 · verb · KO revised 2026-08-14 · Example generated for quiz,"core3000,core-2000,verb"
1933,dopasować,맞다,"Mogę dopasować, jeśli będzie trzeba.","Polish Core 3000 · 빈도 #1933 · verb · EN: (transitive) to match, to fit (to coordinate by appearance or function) · KO revised 2026-08-14 · Example generated for quiz","core3000,core-2000,verb"
1934,medium,매체,To jest medium.,Polish Core 3000 · 빈도 #1934 · noun · EN: (spiritualism) medium (someone who supposedly conveys information from the spirit world) · KO revised 2026-08-14 · Example generated for quiz,"core3000,core-2000,noun"
1935,kij,막대기,To jest kij.,Polish Core 3000 · 빈도 #1935 · noun · EN: stick · KO revised 2026-08-14 · Example generated for quiz,"core3000,core-2000,noun"
1936,były,구성자,W tekście pojawia się określenie „były”.,Polish Core 3000 · 빈도 #1936 · adj · EN: former (previous) · KO revised 2026-08-14 · Example generated for quiz,"core3000,core-2000,adj"
1937,korzyść,혜택,To jest korzyść.,Polish Core 3000 · 빈도 #1937 · noun · EN: benefit; advantage · KO revised 2026-08-14 · Example generated for quiz,"core3000,core-2000,noun"
1938,deser,디저트,To jest deser.,Polish Core 3000 · 빈도 #1938 · noun · EN: dessert · KO revised 2026-08-14 · Example generated for quiz,"core3000,core-2000,noun"
1939,chaos,대혼란,To jest chaos.,Polish Core 3000 · 빈도 #1939 · noun · EN: chaos · KO revised 2026-08-14 · Example generated for quiz,"core3000,core-2000,noun"
1940,bystry,영리한 / 재빠른,W tekście pojawia się określenie „bystry”.,Polish Core 3000 · 빈도 #1940 · adj · EN: smart; bright; shrewd · KO revised 2026-08-14 · Example generated for quiz,"core3000,core-2000,adj"
1941,podziwiać,감탄하다,"Mogę podziwiać, jeśli będzie trzeba.",Polish Core 3000 · 빈도 #1941 · verb · EN: (transitive) to admire [+ za (accusative) = for something] · KO revised 2026-08-14 · Example generated for quiz,"core3000,core-2000,verb"
1942,menu,메뉴,To jest menu.,"Polish Core 3000 · 빈도 #1942 · noun · EN: menu, bill of fare (details of the food to be served at a banquet) · KO revised 2026-08-14 · Example generated for quiz","core3000,core-2000,noun"
1943,brudny,더럽다,W tekście pojawia się określenie „brudny”.,Polish Core 3000 · 빈도 #1943 · adj · EN: dirty · KO revised 2026-08-14 · Example generated for quiz,"core3000,core-2000,adj"
1944,wysoko,높다,On robi to wysoko.,Polish Core 3000 · 빈도 #1944 · adv · EN: high · KO revised 2026-08-14 · Example generated for quiz,"core3000,core-2000,adv"
1945,naturalny,자연의,W tekście pojawia się określenie „naturalny”.,Polish Core 3000 · 빈도 #1945 · adj · EN: natural (related to nature) · KO revised 2026-08-14 · Example generated for quiz,"core3000,core-2000,adj"
1946,pyszny,맛있다,W tekście pojawia się określenie „pyszny”.,Polish Core 3000 · 빈도 #1946 · adj · EN: delicious · KO revised 2026-08-14 · Example generated for quiz,"core3000,core-2000,adj"
1947,oszust,협잡,To jest oszust.,Polish Core 3000 · 빈도 #1947 · noun · EN: fraud (one who performs fraud) · KO revised 2026-08-14 · Example generated for quiz,"core3000,core-2000,noun"
1948,ustawić,넣다,"Mogę ustawić, jeśli będzie trzeba.","Polish Core 3000 · 빈도 #1948 · verb · EN: (transitive) to put, to position, to place · KO revised 2026-08-14 · Example generated for quiz","core3000,core-2000,verb"
1949,skurwiel,쌍놈,To jest skurwiel.,"Polish Core 3000 · 빈도 #1949 · noun · EN: (vulgar, offensive) son of a bitch, motherfucker · KO revised 2026-08-14 · Example generated for quiz","core3000,core-2000,noun"
1950,jaskinia,조심하라,To jest jaskinia.,"Polish Core 3000 · 빈도 #1950 · noun · EN: cave, cavern · KO revised 2026-08-14 · Example generated for quiz","core3000,core-2000,noun"
1951,rzut,낙마,To jest rzut.,"Polish Core 3000 · 빈도 #1951 · noun · EN: toss, throw · KO revised 2026-08-14 · Example generated for quiz","core3000,core-2000,noun"
1952,nora,소굴,To jest nora.,Polish Core 3000 · 빈도 #1952 · noun · EN: den · KO revised 2026-08-14 · Example generated for quiz,"core3000,core-2000,noun"
1953,szafa,벽장,To jest szafa.,Polish Core 3000 · 빈도 #1953 · noun · EN: cupboard · KO revised 2026-08-14 · Example generated for quiz,"core3000,core-2000,noun"
1954,broda,수염,To jest broda.,Polish Core 3000 · 빈도 #1954 · noun · EN: beard · KO revised 2026-08-14 · Example generated for quiz,"core3000,core-2000,noun"
1955,głupek,머저리,To jest głupek.,Polish Core 3000 · 빈도 #1955 · noun · EN: (derogatory) fool (person with poor judgement or little intelligence) · KO revised 2026-08-14 · Example generated for quiz,"core3000,core-2000,noun"
1956,polityk,정치인,To jest polityk.,Polish Core 3000 · 빈도 #1956 · noun · EN: politician · KO revised 2026-08-14 · Example generated for quiz,"core3000,core-2000,noun"
1957,metoda,수,To jest metoda.,Polish Core 3000 · 빈도 #1957 · noun · EN: method · KO revised 2026-08-14 · Example generated for quiz,"core3000,core-2000,noun"
1958,oszukać,속이다,"Mogę oszukać, jeśli będzie trzeba.",Polish Core 3000 · 빈도 #1958 · verb · EN: (transitive) to deceive · KO revised 2026-08-14 · Example generated for quiz,"core3000,core-2000,verb"
1959,paczka,소포,To jest paczka.,"Polish Core 3000 · 빈도 #1959 · noun · EN: package, parcel · KO revised 2026-08-14 · Example generated for quiz","core3000,core-2000,noun"
1960,zmierzyć,재다,"Mogę zmierzyć, jeśli będzie trzeba.",Polish Core 3000 · 빈도 #1960 · verb · EN: (transitive) to measure · KO revised 2026-08-14 · Example generated for quiz,"core3000,core-2000,verb"
1961,lojalność,로열티,To jest lojalność.,Polish Core 3000 · 빈도 #1961 · noun · EN: loyalty (state of being loyal; fidelity) · KO revised 2026-08-14 · Example generated for quiz,"core3000,core-2000,noun"
1962,płuco,폐,To jest płuco.,Polish Core 3000 · 빈도 #1962 · noun · EN: lung · KO revised 2026-08-14 · Example generated for quiz,"core3000,core-2000,noun"
1963,postrzelić,발사하다,"Mogę postrzelić, jeśli będzie trzeba.",Polish Core 3000 · 빈도 #1963 · verb · EN: (transitive) to shoot; to hurt through firing a projectile from a firearm at someone or something · KO revised 2026-08-14 · Example generated for quiz,"core3000,core-2000,verb"
1964,objaw,증후,To jest objaw.,Polish Core 3000 · 빈도 #1964 · noun · EN: symptom · KO revised 2026-08-14 · Example generated for quiz,"core3000,core-2000,noun"
1965,uczcić,숭배하다,"Mogę uczcić, jeśli będzie trzeba.","Polish Core 3000 · 빈도 #1965 · verb · EN: (transitive) to worship, to venerate, to revere · KO revised 2026-08-14 · Example generated for quiz","core3000,core-2000,verb"
1966,awans,승진,To jest awans.,Polish Core 3000 · 빈도 #1966 · noun · EN: promotion (advancement in position) [+ na (accusative) = to what position] · KO revised 2026-08-14 · Example generated for quiz,"core3000,core-2000,noun"
1967,światowy,글로벌,W tekście pojawia się określenie „światowy”.,Polish Core 3000 · 빈도 #1967 · adj · EN: global (concerning all parts of the world) · KO revised 2026-08-14 · Example generated for quiz,"core3000,core-2000,adj"
1968,helikopter,헬기,To jest helikopter.,Polish Core 3000 · 빈도 #1968 · noun · EN: helicopter (aircraft) · KO revised 2026-08-14 · Example generated for quiz,"core3000,core-2000,noun"
1969,domowy,가사의,W tekście pojawia się określenie „domowy”.,"Polish Core 3000 · 빈도 #1969 · adj · EN: domestic, home · KO revised 2026-08-14 · Example generated for quiz","core3000,core-2000,adj"
1970,zmysł,의미,To jest zmysł.,Polish Core 3000 · 빈도 #1970 · noun · EN: sense (method of perception) · KO revised 2026-08-14 · Example generated for quiz,"core3000,core-2000,noun"
1971,średni,매체,W tekście pojawia się określenie „średni”.,Polish Core 3000 · 빈도 #1971 · adj · EN: medium (of intermediate size) · KO revised 2026-08-14 · Example generated for quiz,"core3000,core-2000,adj"
1972,ubezpieczać,보증하다,"Mogę ubezpieczać, jeśli będzie trzeba.","Polish Core 3000 · 빈도 #1972 · verb · EN: (transitive) to insure, to cover · KO revised 2026-08-14 · Example generated for quiz","core3000,core-2000,verb"
1973,bieg,달려가다,To jest bieg.,"Polish Core 3000 · 빈도 #1973 · noun · EN: run, jog · KO revised 2026-08-14 · Example generated for quiz","core3000,core-2000,noun"
1974,grzeczny,기분좋은,W tekście pojawia się określenie „grzeczny”.,"Polish Core 3000 · 빈도 #1974 · adj · EN: nice, polite, courteous · KO revised 2026-08-14 · Example generated for quiz","core3000,core-2000,adj"
1975,potężny,힘차다,W tekście pojawia się określenie „potężny”.,Polish Core 3000 · 빈도 #1975 · adj · EN: powerful · KO revised 2026-08-14 · Example generated for quiz,"core3000,core-2000,adj"
1976,stały,일정하다,W tekście pojawia się określenie „stały”.,Polish Core 3000 · 빈도 #1976 · adj · EN: constant · KO revised 2026-08-14 · Example generated for quiz,"core3000,core-2000,adj"
1977,wpuścić,들여보내다,"Mogę wpuścić, jeśli będzie trzeba.",Polish Core 3000 · 빈도 #1977 · verb · EN: (transitive) to let in (let someone or something come in) · KO revised 2026-08-14 · Example generated for quiz,"core3000,core-2000,verb"
1978,zasilać,힘,"Mogę zasilać, jeśli będzie trzeba.",Polish Core 3000 · 빈도 #1978 · verb · EN: (transitive) to power (supply with energy) · KO revised 2026-08-14 · Example generated for quiz,"core3000,core-2000,verb"
1979,ogród,정원,To jest ogród.,Polish Core 3000 · 빈도 #1979 · noun · EN: garden · KO revised 2026-08-14 · Example generated for quiz,"core3000,core-2000,noun"
1980,kupować,사다 / 구매하다,"Mogę kupować, jeśli będzie trzeba.",Polish Core 3000 · 빈도 #1980 · verb · KO revised 2026-08-14 · Example generated for quiz,"core3000,core-2000,verb"
1981,nos,코,To jest nos.,Polish Core 3000 · 빈도 #1981 · noun · EN: nose · KO revised 2026-08-14 · Example generated for quiz,"core3000,core-2000,noun"
1982,flota,기단,To jest flota.,Polish Core 3000 · 빈도 #1982 · noun · EN: naval fleet · KO revised 2026-08-14 · Example generated for quiz,"core3000,core-2000,noun"
1983,mason,석공,To jest mason.,"Polish Core 3000 · 빈도 #1983 · noun · EN: mason, Freemason · KO revised 2026-08-14 · Example generated for quiz","core3000,core-2000,noun"
1984,zapamiętać,기억나다,"Mogę zapamiętać, jeśli będzie trzeba.","Polish Core 3000 · 빈도 #1984 · verb · EN: (transitive) to memorize, to remember · KO revised 2026-08-14 · Example generated for quiz","core3000,core-2000,verb"
1985,spowodować,유발하다,"Mogę spowodować, jeśli będzie trzeba.","Polish Core 3000 · 빈도 #1985 · verb · EN: (transitive) to cause, to bring on, to induce, to occasion · KO revised 2026-08-14 · Example generated for quiz","core3000,core-2000,verb"
1986,pośpiech,급속,To jest pośpiech.,Polish Core 3000 · 빈도 #1986 · noun · EN: haste · KO revised 2026-08-14 · Example generated for quiz,"core3000,core-2000,noun"
1987,dżungla,밀림,To jest dżungla.,"Polish Core 3000 · 빈도 #1987 · noun · EN: jungle (large, undeveloped, humid forest) · KO revised 2026-08-14 · Example generated for quiz","core3000,core-2000,noun"
1988,tragedia,비극,To jest tragedia.,Polish Core 3000 · 빈도 #1988 · noun · EN: tragedy · KO revised 2026-08-14 · Example generated for quiz,"core3000,core-2000,noun"
1989,wyjazd,발차,To jest wyjazd.,Polish Core 3000 · 빈도 #1989 · noun · EN: departure (act of departing) · KO revised 2026-08-14 · Example generated for quiz,"core3000,core-2000,noun"
1990,na razie,일단 / 당분간 / 지금은,On robi to na razie.,Polish Core 3000 · 빈도 #1990 · adv · EN: (idiomatic) for the time being; meanwhile · KO revised 2026-08-14 · Example generated for quiz,"core3000,core-2000,adv"
1991,wariat,미친 사람 / 괴짜 (구어),To jest wariat.,Polish Core 3000 · 빈도 #1991 · noun · EN: (colloquial) someone mentally ill · KO revised 2026-08-14 · Example generated for quiz,"core3000,core-2000,noun"
1992,napaść,치다,"Mogę napaść, jeśli będzie trzeba.","Polish Core 3000 · 빈도 #1992 · verb · EN: (transitive) to assault, to attack · KO revised 2026-08-14 · Example generated for quiz","core3000,core-2000,verb"
1993,określić,정하다,"Mogę określić, jeśli będzie trzeba.","Polish Core 3000 · 빈도 #1993 · verb · EN: (transitive) to determine, to set, to define · KO revised 2026-08-14 · Example generated for quiz","core3000,core-2000,verb"
1994,wyprowadzić,에  유래하다,"Mogę wyprowadzić, jeśli będzie trzeba.","Polish Core 3000 · 빈도 #1994 · verb · EN: (transitive) to lead out, to guide out · KO revised 2026-08-14 · Example generated for quiz","core3000,core-2000,verb"
1995,egzamin,심사,To jest egzamin.,"Polish Core 3000 · 빈도 #1995 · noun · EN: examination, exam · KO revised 2026-08-14 · Example generated for quiz","core3000,core-2000,noun"
1996,przyrzekać,서약하다,"Mogę przyrzekać, jeśli będzie trzeba.","Polish Core 3000 · 빈도 #1996 · verb · EN: (transitive) to pledge, to vow, to promise · KO revised 2026-08-14 · Example generated for quiz","core3000,core-2000,verb"
1997,porządny,괜찮은 / 제대로 된 / 단정한,W tekście pojawia się określenie „porządny”.,"Polish Core 3000 · 빈도 #1997 · adj · EN: proper, decent, honest · KO revised 2026-08-14 · Example generated for quiz","core3000,core-2000,adj"
1998,brama,관문,To jest brama.,Polish Core 3000 · 빈도 #1998 · noun · EN: gate · KO revised 2026-08-14 · Example generated for quiz,"core3000,core-2000,noun"
1999,pocisk,소총탄,To jest pocisk.,"Polish Core 3000 · 빈도 #1999 · noun · EN: (firearms) bullet, gunshot (projectile) · KO revised 2026-08-14 · Example generated for quiz","core3000,core-2000,noun"
2000,kostnica,매장의,To jest kostnica.,"Polish Core 3000 · 빈도 #2000 · noun · EN: mortuary, morgue · KO revised 2026-08-14 · Example generated for quiz","core3000,core-2000,noun"
2001,omówić,토의하다,"Mogę omówić, jeśli będzie trzeba.","Polish Core 3000 · 빈도 #2001 · verb · EN: (transitive) to discuss, to talk through · KO revised 2026-08-14 · Example generated for quiz","core3000,core-3000,verb"
2002,dodatek,추가,To jest dodatek.,"Polish Core 3000 · 빈도 #2002 · noun · EN: addition, supplement · KO revised 2026-08-14 · Example generated for quiz","core3000,core-3000,noun"
2003,tchórz,겁많은,To jest tchórz.,"Polish Core 3000 · 빈도 #2003 · noun · EN: European polecat, Mustela putorius · KO revised 2026-08-14 · Example generated for quiz","core3000,core-3000,noun"
2004,cierpliwość,끈기,To jest cierpliwość.,Polish Core 3000 · 빈도 #2004 · noun · EN: patience (quality of being patient) · KO revised 2026-08-14 · Example generated for quiz,"core3000,core-3000,noun"
2005,won,원(한국 화폐),To jest won.,Polish Core 3000 · 빈도 #2005 · noun · EN: won (currency of South Korea) · KO revised 2026-08-14 · Example generated for quiz,"core3000,core-3000,noun"
2006,rosa,이슬,To jest rosa.,Polish Core 3000 · 빈도 #2006 · noun · EN: dew · KO revised 2026-08-14 · Example generated for quiz,"core3000,core-3000,noun"
2007,palant,멍청이 (구어) / 팔란트(폴란드 전통 경기),To jest palant.,"Polish Core 3000 · 빈도 #2007 · noun · EN: a game similar to baseball, played with a wooden bat and a rubber ball · KO revised 2026-08-14 · Example generated for quiz","core3000,core-3000,noun"
2008,umyć,씻다,"Mogę umyć, jeśli będzie trzeba.","Polish Core 3000 · 빈도 #2008 · verb · EN: (transitive) to wash, to clean (with water, soap, etc.) · KO revised 2026-08-14 · Example generated for quiz","core3000,core-3000,verb"
2009,wstrzymać,저지하다,"Mogę wstrzymać, jeśli będzie trzeba.","Polish Core 3000 · 빈도 #2009 · verb · EN: (transitive) to arrest, to stop, to hold up, to rein back · KO revised 2026-08-14 · Example generated for quiz","core3000,core-3000,verb"
2010,śmiech,웃음,To jest śmiech.,Polish Core 3000 · 빈도 #2010 · noun · EN: laughter · KO revised 2026-08-14 · Example generated for quiz,"core3000,core-3000,noun"
2011,wrota,관문,To jest wrota.,Polish Core 3000 · 빈도 #2011 · noun · EN: gate · KO revised 2026-08-14 · Example generated for quiz,"core3000,core-3000,noun"
2012,czyj,누구의,Czyj to telefon?,Polish Core 3000 · 빈도 #2012 · pron · EN: whose (interrogative pronoun) · KO revised 2026-08-14 · Example generated for quiz,"core3000,core-3000,pron"
2013,podwójny,이중,W tekście pojawia się określenie „podwójny”.,Polish Core 3000 · 빈도 #2013 · adj · EN: double (made up of two matching or complementary elements) · KO revised 2026-08-14 · Example generated for quiz,"core3000,core-3000,adj"
2014,mit,신화,To jest mit.,Polish Core 3000 · 빈도 #2014 · noun · EN: myth (traditional story which embodies a belief regarding some fact or phenomenon of experience) · KO revised 2026-08-14 · Example generated for quiz,"core3000,core-3000,noun"
2015,czwarty,넷째,To czwarty dzień projektu.,Polish Core 3000 · 빈도 #2015 · num · EN: fourth · KO revised 2026-08-14 · Example generated for quiz,"core3000,core-3000,num"
2016,przejechać,치이다,"Mogę przejechać, jeśli będzie trzeba.",Polish Core 3000 · 빈도 #2016 · verb · EN: (transitive) to cover some distance by driving · KO revised 2026-08-14 · Example generated for quiz,"core3000,core-3000,verb"
2017,wywołać,유발하다,"Mogę wywołać, jeśli będzie trzeba.",Polish Core 3000 · 빈도 #2017 · verb · EN: (transitive) to cause · KO revised 2026-08-14 · Example generated for quiz,"core3000,core-3000,verb"
2018,basen,건돈,To jest basen.,"Polish Core 3000 · 빈도 #2018 · noun · EN: pool, swimming pool · KO revised 2026-08-14 · Example generated for quiz","core3000,core-3000,noun"
2019,późny,늦은,W tekście pojawia się określenie „późny”.,Polish Core 3000 · 빈도 #2019 · adj · EN: late (near the end of a period of time) · KO revised 2026-08-14 · Example generated for quiz,"core3000,core-3000,adj"
2020,golf,골프,To jest golf.,Polish Core 3000 · 빈도 #2020 · noun · EN: golf · KO revised 2026-08-14 · Example generated for quiz,"core3000,core-3000,noun"
2021,krawat,넥타이,To jest krawat.,"Polish Core 3000 · 빈도 #2021 · noun · EN: necktie, tie · KO revised 2026-08-14 · Example generated for quiz","core3000,core-3000,noun"
2022,zwyczajnie,평범하게 / 그냥,On robi to zwyczajnie.,Polish Core 3000 · 빈도 #2022 · adv · KO revised 2026-08-14 · Example generated for quiz,"core3000,core-3000,adv"
2023,fragment,단편,To jest fragment.,"Polish Core 3000 · 빈도 #2023 · noun · EN: fragment, excerpt, passage · KO revised 2026-08-14 · Example generated for quiz","core3000,core-3000,noun"
2024,partia,파티,To jest partia.,Polish Core 3000 · 빈도 #2024 · noun · EN: party (political group) · KO revised 2026-08-14 · Example generated for quiz,"core3000,core-3000,noun"
2025,eksperyment,실험,To jest eksperyment.,Polish Core 3000 · 빈도 #2025 · noun · EN: experiment (scientific or personal) · KO revised 2026-08-14 · Example generated for quiz,"core3000,core-3000,noun"
2026,dowcip,농담,To jest dowcip.,Polish Core 3000 · 빈도 #2026 · noun · EN: joke (amusing story) · KO revised 2026-08-14 · Example generated for quiz,"core3000,core-3000,noun"
2027,posprzątać,엄습하다,"Mogę posprzątać, jeśli będzie trzeba.","Polish Core 3000 · 빈도 #2027 · verb · EN: (transitive) to clean up, to sweep, to tidy up · KO revised 2026-08-14 · Example generated for quiz","core3000,core-3000,verb"
2028,zerwać,골라잡다,"Mogę zerwać, jeśli będzie trzeba.",Polish Core 3000 · 빈도 #2028 · verb · EN: (transitive) to tear off · KO revised 2026-08-14 · Example generated for quiz,"core3000,core-3000,verb"
2029,nonsens,난센스,To jest nonsens.,Polish Core 3000 · 빈도 #2029 · noun · EN: nonsense (meaningless words) · KO revised 2026-08-14 · Example generated for quiz,"core3000,core-3000,noun"
2030,stek,스테이크,To jest stek.,Polish Core 3000 · 빈도 #2030 · noun · EN: steak · KO revised 2026-08-14 · Example generated for quiz,"core3000,core-3000,noun"
2031,przewidzieć,미리알다,"Mogę przewidzieć, jeśli będzie trzeba.","Polish Core 3000 · 빈도 #2031 · verb · EN: (transitive) to foresee, to predict, to forecast · KO revised 2026-08-14 · Example generated for quiz","core3000,core-3000,verb"
2032,węży,뱀의 / 뱀 같은 (구식),W tekście pojawia się określenie „węży”.,"Polish Core 3000 · 빈도 #2032 · adj · EN: (obsolete, relational) of a snake or serpent; ophidian, snaky, snakish, or serpentine · KO revised 2026-08-14 · Example generated for quiz","core3000,core-3000,adj"
2033,zaoferować,주어지다,"Mogę zaoferować, jeśli będzie trzeba.","Polish Core 3000 · 빈도 #2033 · verb · EN: (transitive) to offer, to propose · KO revised 2026-08-14 · Example generated for quiz","core3000,core-3000,verb"
2034,odważny,용감한,W tekście pojawia się określenie „odważny”.,"Polish Core 3000 · 빈도 #2034 · adj · EN: brave, courageous · KO revised 2026-08-14 · Example generated for quiz","core3000,core-3000,adj"
2035,stypendium,장학금,To jest stypendium.,Polish Core 3000 · 빈도 #2035 · noun · EN: scholarship · KO revised 2026-08-14 · Example generated for quiz,"core3000,core-3000,noun"
2036,reguła,법칙,To jest reguła.,Polish Core 3000 · 빈도 #2036 · noun · EN: rule (regulation) · KO revised 2026-08-14 · Example generated for quiz,"core3000,core-3000,noun"
2037,oprzeć,기대다 / 받치다,"Mogę oprzeć, jeśli będzie trzeba.","Polish Core 3000 · 빈도 #2037 · verb · EN: (transitive) to lean onto, to put onto · KO revised 2026-08-14 · Example generated for quiz","core3000,core-3000,verb"
2038,dyskusja,토론,To jest dyskusja.,Polish Core 3000 · 빈도 #2038 · noun · EN: debate; discussion · KO revised 2026-08-14 · Example generated for quiz,"core3000,core-3000,noun"
2039,popołudnie,오후,To jest popołudnie.,Polish Core 3000 · 빈도 #2039 · noun · EN: afternoon · KO revised 2026-08-14 · Example generated for quiz,"core3000,core-3000,noun"
2040,sport,스포츠,To jest sport.,Polish Core 3000 · 빈도 #2040 · noun · EN: sport · KO revised 2026-08-14 · Example generated for quiz,"core3000,core-3000,noun"
2041,dopaść,걸리다,"Mogę dopaść, jeśli będzie trzeba.","Polish Core 3000 · 빈도 #2041 · verb · EN: (transitive) to approach quickly, to run towards · KO revised 2026-08-14 · Example generated for quiz","core3000,core-3000,verb"
2042,gatunek,종류,To jest gatunek.,Polish Core 3000 · 빈도 #2042 · noun · EN: species · KO revised 2026-08-14 · Example generated for quiz,"core3000,core-3000,noun"
2043,kawiarnia,커피숍,To jest kawiarnia.,"Polish Core 3000 · 빈도 #2043 · noun · EN: café, coffee shop · KO revised 2026-08-14 · Example generated for quiz","core3000,core-3000,noun"
2044,paszport,여권,To jest paszport.,Polish Core 3000 · 빈도 #2044 · noun · KO revised 2026-08-14 · Example generated for quiz,"core3000,core-3000,noun"
2045,zabawka,장난감,To jest zabawka.,Polish Core 3000 · 빈도 #2045 · noun · EN: toy (something to play with) · KO revised 2026-08-14 · Example generated for quiz,"core3000,core-3000,noun"
2046,tlen,산소,To jest tlen.,Polish Core 3000 · 빈도 #2046 · noun · EN: oxygen · KO revised 2026-08-14 · Example generated for quiz,"core3000,core-3000,noun"
2047,bolesny,고통스럽게,W tekście pojawia się określenie „bolesny”.,Polish Core 3000 · 빈도 #2047 · adj · EN: painful · KO revised 2026-08-14 · Example generated for quiz,"core3000,core-3000,adj"
2048,smutek,설구워진,To jest smutek.,Polish Core 3000 · 빈도 #2048 · noun · EN: sadness (state/emotion) · KO revised 2026-08-14 · Example generated for quiz,"core3000,core-3000,noun"
2049,kurta,쿠르타,To jest kurta.,"Polish Core 3000 · 빈도 #2049 · noun · EN: kurta (loose, collarless, long-sleeved, knee-length shirt) · KO revised 2026-08-14 · Example generated for quiz","core3000,core-3000,noun"
2050,ratunek,살리다,To jest ratunek.,Polish Core 3000 · 빈도 #2050 · noun · EN: rescue · KO revised 2026-08-14 · Example generated for quiz,"core3000,core-3000,noun"
2051,moda,유행,To jest moda.,Polish Core 3000 · 빈도 #2051 · noun · EN: fashion · KO revised 2026-08-14 · Example generated for quiz,"core3000,core-3000,noun"
2052,pielęgniarz,간호사,To jest pielęgniarz.,"Polish Core 3000 · 빈도 #2052 · noun · EN: nurse (person medically trained to provide care for children, sick, disabled or otherwise needy) · KO revised 2026-08-14 · Example generated for quiz","core3000,core-3000,noun"
2053,przejażdżka,드라이브 / 잠깐 타기,To jest przejażdżka.,"Polish Core 3000 · 빈도 #2053 · noun · EN: ride, drive, spin (brief trip made by vehicle, especially for pleasure) · KO revised 2026-08-14 · Example generated for quiz","core3000,core-3000,noun"
2054,dym,연기,To jest dym.,Polish Core 3000 · 빈도 #2054 · noun · EN: smoke · KO revised 2026-08-14 · Example generated for quiz,"core3000,core-3000,noun"
2055,włamać,침입하다 / 해킹하다 (włamać się),"Mogę włamać, jeśli będzie trzeba.","Polish Core 3000 · 빈도 #2055 · verb · EN: (reflexive) to break in, to hack into · KO revised 2026-08-14 · Example generated for quiz","core3000,core-3000,verb"
2056,guz,범퍼,To jest guz.,Polish Core 3000 · 빈도 #2056 · noun · EN: bump · KO revised 2026-08-14 · Example generated for quiz,"core3000,core-3000,noun"
2057,bliski,가깝다,W tekście pojawia się określenie „bliski”.,"Polish Core 3000 · 빈도 #2057 · adj · EN: close, near (physically not far in distance) · KO revised 2026-08-14 · Example generated for quiz","core3000,core-3000,adj"
2058,otrzymać,맞아들이다,"Mogę otrzymać, jeśli będzie trzeba.","Polish Core 3000 · 빈도 #2058 · verb · EN: (transitive, formal) to receive · KO revised 2026-08-14 · Example generated for quiz","core3000,core-3000,verb"
2059,kretyn,크레틴병 환자,To jest kretyn.,"Polish Core 3000 · 빈도 #2059 · noun · EN: (derogatory) cretin (fool, idiot) · KO revised 2026-08-14 · Example generated for quiz","core3000,core-3000,noun"
2060,wstydzić,부끄러워하다,"Mogę wstydzić, jeśli będzie trzeba.","Polish Core 3000 · 빈도 #2060 · verb · EN: (reflexive) to feel ashamed, to feel embarrassed · KO revised 2026-08-14 · Example generated for quiz","core3000,core-3000,verb"
2061,fortuna,재산,To jest fortuna.,Polish Core 3000 · 빈도 #2061 · noun · EN: fortune (favorable destiny) · KO revised 2026-08-14 · Example generated for quiz,"core3000,core-3000,noun"
2062,złoty,금발,W tekście pojawia się określenie „złoty”.,"Polish Core 3000 · 빈도 #2062 · adj · EN: golden (made of, or relating to, gold) · KO revised 2026-08-14 · Example generated for quiz","core3000,core-3000,adj"
2063,wskazówka,지도,To jest wskazówka.,"Polish Core 3000 · 빈도 #2063 · noun · EN: instruction, direction · KO revised 2026-08-14 · Example generated for quiz","core3000,core-3000,noun"
2064,legenda,전설,To jest legenda.,Polish Core 3000 · 빈도 #2064 · noun · EN: legend · KO revised 2026-08-14 · Example generated for quiz,"core3000,core-3000,noun"
2065,dziwić,놀라게 하다 / 이상하게 여기다,"Mogę dziwić, jeśli będzie trzeba.","Polish Core 3000 · 빈도 #2065 · verb · EN: (transitive) to surprise, to astonish · KO revised 2026-08-14 · Example generated for quiz","core3000,core-3000,verb"
2066,romantyczny,로맨틱한,W tekście pojawia się określenie „romantyczny”.,Polish Core 3000 · 빈도 #2066 · adj · EN: (relational) Romantic (of or pertaining to Romanticism) · KO revised 2026-08-14 · Example generated for quiz,"core3000,core-3000,adj"
2067,głupota,미련,To jest głupota.,"Polish Core 3000 · 빈도 #2067 · noun · EN: stupidity, nonsense · KO revised 2026-08-14 · Example generated for quiz","core3000,core-3000,noun"
2068,pigułka,알약,To jest pigułka.,Polish Core 3000 · 빈도 #2068 · noun · EN: pill (a small portion of a drug or drugs to be taken orally) · KO revised 2026-08-14 · Example generated for quiz,"core3000,core-3000,noun"
2069,seksualny,성적,W tekście pojawia się określenie „seksualny”.,Polish Core 3000 · 빈도 #2069 · adj · EN: (relational) sexual (of or relating to sexuality) · KO revised 2026-08-14 · Example generated for quiz,"core3000,core-3000,adj"
2070,ciotka,아주머니,To jest ciotka.,Polish Core 3000 · 빈도 #2070 · noun · EN: aunt · KO revised 2026-08-14 · Example generated for quiz,"core3000,core-3000,noun"
2071,ścigać,추적하다,"Mogę ścigać, jeśli będzie trzeba.","Polish Core 3000 · 빈도 #2071 · verb · EN: (transitive) to chase, to pursue · KO revised 2026-08-14 · Example generated for quiz","core3000,core-3000,verb"
2072,chwała,영광,To jest chwała.,Polish Core 3000 · 빈도 #2072 · noun · EN: glory · KO revised 2026-08-14 · Example generated for quiz,"core3000,core-3000,noun"
2073,instynkt,배어든,To jest instynkt.,Polish Core 3000 · 빈도 #2073 · noun · EN: (ethology) instinct (natural or inherent impulse or behavior) · KO revised 2026-08-14 · Example generated for quiz,"core3000,core-3000,noun"
2074,jakże,어떻다,Jakże piękny jest ten widok!,"Polish Core 3000 · 빈도 #2074 · pron · EN: how, however emphatic form of jak · KO revised 2026-08-14 · Example generated for quiz","core3000,core-3000,pron"
2075,trzydziesty,서른 번째 / 제30의,To trzydziesty dzień miesiąca.,Polish Core 3000 · 빈도 #2075 · num · EN: thirtieth · KO revised 2026-08-14 · Example generated for quiz,"core3000,core-3000,num"
2076,grosz,그로시(1/100 즈워티),To jest grosz.,Polish Core 3000 · 빈도 #2076 · noun · EN: grosz · KO revised 2026-08-14 · Example generated for quiz,"core3000,core-3000,noun"
2077,naród,민족,To jest naród.,"Polish Core 3000 · 빈도 #2077 · noun · EN: nation (group of people sharing aspects of language, culture, and/or ethnicity) · KO revised 2026-08-14 · Example generated for quiz","core3000,core-3000,noun"
2078,posiadłość,살림살이,To jest posiadłość.,Polish Core 3000 · 빈도 #2078 · noun · EN: estate · KO revised 2026-08-14 · Example generated for quiz,"core3000,core-3000,noun"
2079,nabrać,끌어넣다,"Mogę nabrać, jeśli będzie trzeba.","Polish Core 3000 · 빈도 #2079 · verb · EN: (transitive) to draw, to extract · KO revised 2026-08-14 · Example generated for quiz","core3000,core-3000,verb"
2080,rozrywka,오락,To jest rozrywka.,Polish Core 3000 · 빈도 #2080 · noun · EN: entertainment · KO revised 2026-08-14 · Example generated for quiz,"core3000,core-3000,noun"
2081,sławny,유명한,W tekście pojawia się określenie „sławny”.,Polish Core 3000 · 빈도 #2081 · adj · EN: famous (well known) · KO revised 2026-08-14 · Example generated for quiz,"core3000,core-3000,adj"
2082,sumienie,양심,To jest sumienie.,Polish Core 3000 · 빈도 #2082 · noun · EN: conscience · KO revised 2026-08-14 · Example generated for quiz,"core3000,core-3000,noun"
2083,błogosławić,수호하다,"Mogę błogosławić, jeśli będzie trzeba.","Polish Core 3000 · 빈도 #2083 · verb · EN: (religion, transitive) to bless (to make something holy by religious rite) [+accusative] or [+dative] · KO revised 2026-08-14 · Example generated for quiz","core3000,core-3000,verb"
2084,wymienić,마음에 들다,"Mogę wymienić, jeśli będzie trzeba.","Polish Core 3000 · 빈도 #2084 · verb · EN: (transitive) to list, to enumerate · KO revised 2026-08-14 · Example generated for quiz","core3000,core-3000,verb"
2085,dwukrotny,배신하다,W tekście pojawia się określenie „dwukrotny”.,Polish Core 3000 · 빈도 #2085 · adj · EN: two-time · KO revised 2026-08-14 · Example generated for quiz,"core3000,core-3000,adj"
2086,przykrywa,덮개 / 뚜껑,To jest przykrywa.,"Polish Core 3000 · 빈도 #2086 · noun · EN: cover, lid · KO revised 2026-08-14 · Example generated for quiz","core3000,core-3000,noun"
2087,poranek,아침 / 이른 아침,To jest poranek.,Polish Core 3000 · 빈도 #2087 · noun · EN: early morning · KO revised 2026-08-14 · Example generated for quiz,"core3000,core-3000,noun"
2088,ścisły,엄격한 / 정확한 / 밀접한,W tekście pojawia się określenie „ścisły”.,"Polish Core 3000 · 빈도 #2088 · adj · EN: rigorous, strict · KO revised 2026-08-14 · Example generated for quiz","core3000,core-3000,adj"
2089,trasa,선,To jest trasa.,"Polish Core 3000 · 빈도 #2089 · noun · EN: route, way · KO revised 2026-08-14 · Example generated for quiz","core3000,core-3000,noun"
2090,przeklinać,맹세하다,"Mogę przeklinać, jeśli będzie trzeba.","Polish Core 3000 · 빈도 #2090 · verb · EN: (intransitive) to swear, to curse (to use vulgar language) · KO revised 2026-08-14 · Example generated for quiz","core3000,core-3000,verb"
2091,układać,마련하다,"Mogę układać, jeśli będzie trzeba.","Polish Core 3000 · 빈도 #2091 · verb · EN: (transitive) to arrange, to order · KO revised 2026-08-14 · Example generated for quiz","core3000,core-3000,verb"
2092,polski,폴란드의 / 폴란드어,W tekście pojawia się określenie „polski”.,Polish Core 3000 · 빈도 #2092 · adj · KO revised 2026-08-14 · Example generated for quiz,"core3000,core-3000,adj"
2093,fantastyczny,기묘한,W tekście pojawia się określenie „fantastyczny”.,Polish Core 3000 · 빈도 #2093 · adj · EN: fantastic · KO revised 2026-08-14 · Example generated for quiz,"core3000,core-3000,adj"
2094,natomiast,인 까닭에,"Dziś pracuję, natomiast jutro odpoczywam.","Polish Core 3000 · 빈도 #2094 · conj · EN: whereas, while, meanwhile · KO revised 2026-08-14 · Example generated for quiz","core3000,core-3000,conj"
2095,winda,걷힘,To jest winda.,"Polish Core 3000 · 빈도 #2095 · noun · EN: lift, elevator · KO revised 2026-08-14 · Example generated for quiz","core3000,core-3000,noun"
2096,zamieszkać,응결하다,"Mogę zamieszkać, jeśli będzie trzeba.","Polish Core 3000 · 빈도 #2096 · verb · EN: (transitive) to settle, to take up residence · KO revised 2026-08-14 · Example generated for quiz","core3000,core-3000,verb"
2097,płyta,접시,To jest płyta.,"Polish Core 3000 · 빈도 #2097 · noun · EN: plate, tile · KO revised 2026-08-14 · Example generated for quiz","core3000,core-3000,noun"
2098,album,앨범,To jest album.,"Polish Core 3000 · 빈도 #2098 · noun · EN: album (book specially designed to keep photographs, stamps, or autographs) · KO revised 2026-08-14 · Example generated for quiz","core3000,core-3000,noun"
2099,rekord,기록 / 레코드,To jest rekord.,Polish Core 3000 · 빈도 #2099 · noun · EN: (sports) record (most extreme known value of some achievement) · KO revised 2026-08-14 · Example generated for quiz,"core3000,core-3000,noun"
2100,wampir,흡혈귀,To jest wampir.,Polish Core 3000 · 빈도 #2100 · noun · EN: vampire (mythological creature) · KO revised 2026-08-14 · Example generated for quiz,"core3000,core-3000,noun"
2101,jezioro,호수,To jest jezioro.,Polish Core 3000 · 빈도 #2101 · noun · EN: lake · KO revised 2026-08-14 · Example generated for quiz,"core3000,core-3000,noun"
2102,bestia,가축,To jest bestia.,Polish Core 3000 · 빈도 #2102 · noun · EN: beast (non-human animal) · KO revised 2026-08-14 · Example generated for quiz,"core3000,core-3000,noun"
2103,przebywać,여행하다,"Mogę przebywać, jeśli będzie trzeba.","Polish Core 3000 · 빈도 #2103 · verb · EN: (transitive) to travel, to traverse · KO revised 2026-08-14 · Example generated for quiz","core3000,core-3000,verb"
2104,wilczyca,암늑대,To jest wilczyca.,Polish Core 3000 · 빈도 #2104 · noun · EN: she-wolf · KO revised 2026-08-14 · Example generated for quiz,"core3000,core-3000,noun"
2105,wizja,투시력,To jest wizja.,Polish Core 3000 · 빈도 #2105 · noun · EN: vision · KO revised 2026-08-14 · Example generated for quiz,"core3000,core-3000,noun"
2106,medyczny,개업의,W tekście pojawia się określenie „medyczny”.,Polish Core 3000 · 빈도 #2106 · adj · EN: medical · KO revised 2026-08-14 · Example generated for quiz,"core3000,core-3000,adj"
2107,fascynować,눈독들이다,"Mogę fascynować, jeśli będzie trzeba.",Polish Core 3000 · 빈도 #2107 · verb · EN: (transitive) to fascinate (to evoke interest or attraction) · KO revised 2026-08-14 · Example generated for quiz,"core3000,core-3000,verb"
2108,ocena,층,To jest ocena.,"Polish Core 3000 · 빈도 #2108 · noun · EN: grade, mark (quality of something) · KO revised 2026-08-14 · Example generated for quiz","core3000,core-3000,noun"
2109,przytomność,지각,To jest przytomność.,Polish Core 3000 · 빈도 #2109 · noun · EN: consciousness (state of wakefulness and awareness) · KO revised 2026-08-14 · Example generated for quiz,"core3000,core-3000,noun"
2110,penis,남성,To jest penis.,Polish Core 3000 · 빈도 #2110 · noun · EN: penis · KO revised 2026-08-14 · Example generated for quiz,"core3000,core-3000,noun"
2111,denny,해저,W tekście pojawia się określenie „denny”.,Polish Core 3000 · 빈도 #2111 · adj · EN: (relational) seabed; riverbed; bottom; benthic; demersal · KO revised 2026-08-14 · Example generated for quiz,"core3000,core-3000,adj"
2112,zmarły,고,To jest zmarły.,"Polish Core 3000 · 빈도 #2112 · noun · EN: deceased, departed, decedent (dead person) · KO revised 2026-08-14 · Example generated for quiz","core3000,core-3000,noun"
2113,rudy,적갈색의 / 빨간 머리의,W tekście pojawia się określenie „rudy”.,Polish Core 3000 · 빈도 #2113 · adj · EN: rustcoloured · KO revised 2026-08-14 · Example generated for quiz,"core3000,core-3000,adj"
2114,hobby,취미,To jest hobby.,Polish Core 3000 · 빈도 #2114 · noun · EN: hobby (activity) · KO revised 2026-08-14 · Example generated for quiz,"core3000,core-3000,noun"
2115,rozejrzeć,둘러보다,"Mogę rozejrzeć, jeśli będzie trzeba.",Polish Core 3000 · 빈도 #2115 · verb · EN: (reflexive) to look around · KO revised 2026-08-14 · Example generated for quiz,"core3000,core-3000,verb"
2116,zapisać,적어 두다 / 저장하다,"Mogę zapisać, jeśli będzie trzeba.","Polish Core 3000 · 빈도 #2116 · verb · EN: (transitive) to note, to record, to write down, to take down · KO revised 2026-08-14 · Example generated for quiz","core3000,core-3000,verb"
2117,królewski,기룸있는,W tekście pojawia się określenie „królewski”.,Polish Core 3000 · 빈도 #2117 · adj · EN: royal · KO revised 2026-08-14 · Example generated for quiz,"core3000,core-3000,adj"
2118,przesunąć,움직이다,"Mogę przesunąć, jeśli będzie trzeba.",Polish Core 3000 · 빈도 #2118 · verb · EN: (transitive) to move (change the position of something) · KO revised 2026-08-14 · Example generated for quiz,"core3000,core-3000,verb"
2119,gotówka,현금,To jest gotówka.,Polish Core 3000 · 빈도 #2119 · noun · EN: cash (money in the form of notes/bills and coins) · KO revised 2026-08-14 · Example generated for quiz,"core3000,core-3000,noun"
2120,majtki,팬티 / 속옷,To jest majtki.,"Polish Core 3000 · 빈도 #2120 · noun · EN: briefs, panties · KO revised 2026-08-14 · Example generated for quiz","core3000,core-3000,noun"
2121,podekscytowany,흥분한,W tekście pojawia się określenie „podekscytowany”.,Polish Core 3000 · 빈도 #2121 · adj · EN: excited · KO revised 2026-08-14 · Example generated for quiz,"core3000,core-3000,adj"
2122,gęba,얼굴,To jest gęba.,"Polish Core 3000 · 빈도 #2122 · noun · EN: (colloquial, derogatory) face, gob · KO revised 2026-08-14 · Example generated for quiz","core3000,core-3000,noun"
2123,legalny,법적,W tekście pojawia się określenie „legalny”.,Polish Core 3000 · 빈도 #2123 · adj · EN: legal · KO revised 2026-08-14 · Example generated for quiz,"core3000,core-3000,adj"
2124,suchy,가무는,W tekście pojawia się określenie „suchy”.,Polish Core 3000 · 빈도 #2124 · adj · EN: dry (free from liquid or moisture) · KO revised 2026-08-14 · Example generated for quiz,"core3000,core-3000,adj"
2125,student,학생,To jest student.,"Polish Core 3000 · 빈도 #2125 · noun · EN: student (academic, at university) · KO revised 2026-08-14 · Example generated for quiz","core3000,core-3000,noun"
2126,urodzenie,탄생,To jest urodzenie.,Polish Core 3000 · 빈도 #2126 · noun · EN: birth · KO revised 2026-08-14 · Example generated for quiz,"core3000,core-3000,noun"
2127,poczta,메일,To jest poczta.,Polish Core 3000 · 빈도 #2127 · noun · EN: mail (material conveyed by postal services) · KO revised 2026-08-14 · Example generated for quiz,"core3000,core-3000,noun"
2128,wielebny,거룩한,W tekście pojawia się określenie „wielebny”.,Polish Core 3000 · 빈도 #2128 · adj · EN: (Christianity) Reverend (honorary title added to the names of Christian clergy) · KO revised 2026-08-14 · Example generated for quiz,"core3000,core-3000,adj"
2129,powiadomić,공시하다,"Mogę powiadomić, jeśli będzie trzeba.","Polish Core 3000 · 빈도 #2129 · verb · EN: (transitive) to notify, to inform · KO revised 2026-08-14 · Example generated for quiz","core3000,core-3000,verb"
2130,odwrót,묵상회,To jest odwrót.,Polish Core 3000 · 빈도 #2130 · noun · EN: retreat · KO revised 2026-08-14 · Example generated for quiz,"core3000,core-3000,noun"
2131,techniczny,기술적,W tekście pojawia się określenie „techniczny”.,Polish Core 3000 · 빈도 #2131 · adj · EN: technical · KO revised 2026-08-14 · Example generated for quiz,"core3000,core-3000,adj"
2132,sekretarz,비서,To jest sekretarz.,Polish Core 3000 · 빈도 #2132 · noun · EN: secretary (male person keeping records and handling clerical work) · KO revised 2026-08-14 · Example generated for quiz,"core3000,core-3000,noun"
2133,pieprzony,살벌하다,W tekście pojawia się określenie „pieprzony”.,"Polish Core 3000 · 빈도 #2133 · adj · EN: (colloquial, mildly vulgar) bloody, damn (intensifier) · KO revised 2026-08-14 · Example generated for quiz","core3000,core-3000,adj"
2134,jakkolwiek,그럴지라도,On robi to jakkolwiek.,"Polish Core 3000 · 빈도 #2134 · adv · EN: however (to whatever degree, in whatever way) · KO revised 2026-08-14 · Example generated for quiz","core3000,core-3000,adv"
2135,zastrzyk,주사,To jest zastrzyk.,Polish Core 3000 · 빈도 #2135 · noun · EN: (medicine) injection · KO revised 2026-08-14 · Example generated for quiz,"core3000,core-3000,noun"
2136,milczenie,침묵,To jest milczenie.,Polish Core 3000 · 빈도 #2136 · noun · EN: silence (refraining from speaking) · KO revised 2026-08-14 · Example generated for quiz,"core3000,core-3000,noun"
2137,księga,큰책,To jest księga.,"Polish Core 3000 · 빈도 #2137 · noun · EN: tome, book · KO revised 2026-08-14 · Example generated for quiz","core3000,core-3000,noun"
2138,prywatność,비밀성,To jest prywatność.,Polish Core 3000 · 빈도 #2138 · noun · EN: privacy · KO revised 2026-08-14 · Example generated for quiz,"core3000,core-3000,noun"
2139,przeszukać,찾아 헤매다,"Mogę przeszukać, jeśli będzie trzeba.","Polish Core 3000 · 빈도 #2139 · verb · EN: (transitive) to scour, to search thoroughly · KO revised 2026-08-14 · Example generated for quiz","core3000,core-3000,verb"
2140,urlop,허가,To jest urlop.,"Polish Core 3000 · 빈도 #2140 · noun · EN: leave, time off (time away from one's work) · KO revised 2026-08-14 · Example generated for quiz","core3000,core-3000,noun"
2141,ryzykowny,모험적인,W tekście pojawia się określenie „ryzykowny”.,"Polish Core 3000 · 빈도 #2141 · adj · EN: risky, chancy, hazardous · KO revised 2026-08-14 · Example generated for quiz","core3000,core-3000,adj"
2142,wysadzić,발광하다,"Mogę wysadzić, jeśli będzie trzeba.","Polish Core 3000 · 빈도 #2142 · verb · EN: (transitive) to drop off, to set down (allow to alight or disembark) · KO revised 2026-08-14 · Example generated for quiz","core3000,core-3000,verb"
2143,pojazd,차,To jest pojazd.,Polish Core 3000 · 빈도 #2143 · noun · EN: vehicle · KO revised 2026-08-14 · Example generated for quiz,"core3000,core-3000,noun"
2144,niebawem,목하,On robi to niebawem.,"Polish Core 3000 · 빈도 #2144 · adv · EN: presently (before long, soon) · KO revised 2026-08-14 · Example generated for quiz","core3000,core-3000,adv"
2145,kopalnia,광산,To jest kopalnia.,Polish Core 3000 · 빈도 #2145 · noun · EN: mine (place from which ore is extracted) · KO revised 2026-08-14 · Example generated for quiz,"core3000,core-3000,noun"
2146,poruszać,움직이다,"Mogę poruszać, jeśli będzie trzeba.","Polish Core 3000 · 빈도 #2146 · verb · EN: (transitive) to move (cause to change place or posture), to stir · KO revised 2026-08-14 · Example generated for quiz","core3000,core-3000,verb"
2147,reklama,광고방송의,To jest reklama.,Polish Core 3000 · 빈도 #2147 · noun · EN: (advertising) commercial (advertisement in a common media format) · KO revised 2026-08-14 · Example generated for quiz,"core3000,core-3000,noun"
2148,lanca,창 / 랜스,To jest lanca.,Polish Core 3000 · 빈도 #2148 · noun · EN: lance (weapon) · KO revised 2026-08-14 · Example generated for quiz,"core3000,core-3000,noun"
2149,melać,뱉다,"Mogę melać, jeśli będzie trzeba.","Polish Core 3000 · 빈도 #2149 · verb · EN: (intransitive, colloquial, vulgar) to spit (to evacuate saliva) · KO revised 2026-08-14 · Example generated for quiz","core3000,core-3000,verb"
2150,handel,무역,To jest handel.,Polish Core 3000 · 빈도 #2150 · noun · EN: trade (exchange) · KO revised 2026-08-14 · Example generated for quiz,"core3000,core-3000,noun"
2151,kurewski,팔다,W tekście pojawia się określenie „kurewski”.,"Polish Core 3000 · 빈도 #2151 · adj · EN: (relational, vulgar) prostitute · KO revised 2026-08-14 · Example generated for quiz","core3000,core-3000,adj"
2152,szpieg,스파이,To jest szpieg.,Polish Core 3000 · 빈도 #2152 · noun · EN: spy · KO revised 2026-08-14 · Example generated for quiz,"core3000,core-3000,noun"
2153,produkcja,연출,To jest produkcja.,"Polish Core 3000 · 빈도 #2153 · noun · EN: production, making (act of producing) · KO revised 2026-08-14 · Example generated for quiz","core3000,core-3000,noun"
2154,przytrafić,재난이 닥치다,"Mogę przytrafić, jeśli będzie trzeba.","Polish Core 3000 · 빈도 #2154 · verb · EN: (reflexive) to bechance, to befall, to happen [+dative = to someone] · KO revised 2026-08-14 · Example generated for quiz","core3000,core-3000,verb"
2155,prezentować,제시하다,"Mogę prezentować, jeśli będzie trzeba.","Polish Core 3000 · 빈도 #2155 · verb · EN: (transitive) to present, to show (to bring someone into the presence of a person; to introduce formally) · KO revised 2026-08-14 · Example generated for quiz","core3000,core-3000,verb"
2156,manna,꽃가루,To jest manna.,Polish Core 3000 · 빈도 #2156 · noun · EN: farina · KO revised 2026-08-14 · Example generated for quiz,"core3000,core-3000,noun"
2157,niegrzeczny,버릇없는 / 예의 없는,W tekście pojawia się określenie „niegrzeczny”.,"Polish Core 3000 · 빈도 #2157 · adj · EN: naughty, rude, impolite · KO revised 2026-08-14 · Example generated for quiz","core3000,core-3000,adj"
2158,ukochać,안다,"Mogę ukochać, jeśli będzie trzeba.","Polish Core 3000 · 빈도 #2158 · verb · EN: (transitive, literary) to fall deeply in love with, to fall head over heels for · KO revised 2026-08-14 · Example generated for quiz","core3000,core-3000,verb"
2159,owoc,과일,To jest owoc.,Polish Core 3000 · 빈도 #2159 · noun · EN: fruit (part of plant) · KO revised 2026-08-14 · Example generated for quiz,"core3000,core-3000,noun"
2160,marny,형편없는 / 초라한,W tekście pojawia się określenie „marny”.,Polish Core 3000 · 빈도 #2160 · adj · EN: miserable · KO revised 2026-08-14 · Example generated for quiz,"core3000,core-3000,adj"
2161,hit,히트 / 인기작 / 명중,To jest hit.,"Polish Core 3000 · 빈도 #2161 · noun · EN: (music) hit (a success, especially in the entertainment industry) · KO revised 2026-08-14 · Example generated for quiz","core3000,core-3000,noun"
2162,istotny,주요한,W tekście pojawia się określenie „istotny”.,"Polish Core 3000 · 빈도 #2162 · adj · EN: germane, principal · KO revised 2026-08-14 · Example generated for quiz","core3000,core-3000,adj"
2163,lodówka,냉각장치,To jest lodówka.,Polish Core 3000 · 빈도 #2163 · noun · EN: (colloquial) refrigerator (appliance) · KO revised 2026-08-14 · Example generated for quiz,"core3000,core-3000,noun"
2164,opiekować,거두다,"Mogę opiekować, jeśli będzie trzeba.",Polish Core 3000 · 빈도 #2164 · verb · EN: (reflexive) to care for; look after [+instrumental = somebody / something] · KO revised 2026-08-14 · Example generated for quiz,"core3000,core-3000,verb"
2165,krawędź,가장자리,To jest krawędź.,Polish Core 3000 · 빈도 #2165 · noun · EN: edge (boundary line of a surface) · KO revised 2026-08-14 · Example generated for quiz,"core3000,core-3000,noun"
2166,odciąć,잘리다,"Mogę odciąć, jeśli będzie trzeba.","Polish Core 3000 · 빈도 #2166 · verb · EN: (transitive) to cut off, to sever, to detach · KO revised 2026-08-14 · Example generated for quiz","core3000,core-3000,verb"
2167,fizyczny,물질적,W tekście pojawia się określenie „fizyczny”.,Polish Core 3000 · 빈도 #2167 · adj · EN: physical (related to physics) · KO revised 2026-08-14 · Example generated for quiz,"core3000,core-3000,adj"
2168,łączny,누계,W tekście pojawia się określenie „łączny”.,"Polish Core 3000 · 빈도 #2168 · adj · EN: total, all-in, combined, cumulative, joint, aggregate · KO revised 2026-08-14 · Example generated for quiz","core3000,core-3000,adj"
2169,głosować,투표하다,"Mogę głosować, jeśli będzie trzeba.","Polish Core 3000 · 빈도 #2169 · verb · EN: (intransitive, colloquial) to talk a lot and loudly · KO revised 2026-08-14 · Example generated for quiz","core3000,core-3000,verb"
2170,kształt,모양,To jest kształt.,"Polish Core 3000 · 빈도 #2170 · noun · EN: shape, form (appearance or outline) · KO revised 2026-08-14 · Example generated for quiz","core3000,core-3000,noun"
2171,wysiadać,상륙시키다,"Mogę wysiadać, jeśli będzie trzeba.","Polish Core 3000 · 빈도 #2171 · verb · EN: (intransitive) to get out (of e.g. a car), to get off (e.g. a bus), to disembark, to detrain, to deplane · KO revised 2026-08-14 · Example generated for quiz","core3000,core-3000,verb"
2172,wyobraźnia,상상,To jest wyobraźnia.,Polish Core 3000 · 빈도 #2172 · noun · EN: imagination (image-making power of the mind) · KO revised 2026-08-14 · Example generated for quiz,"core3000,core-3000,noun"
2173,powrócić,복귀하다,"Mogę powrócić, jeśli będzie trzeba.","Polish Core 3000 · 빈도 #2173 · verb · EN: (intransitive) to return, to go back [+ do (genitive) = to (somewhere/something)] · KO revised 2026-08-14 · Example generated for quiz","core3000,core-3000,verb"
2174,branża,산업,To jest branża.,Polish Core 3000 · 빈도 #2174 · noun · EN: industry (businesses of the same type) · KO revised 2026-08-14 · Example generated for quiz,"core3000,core-3000,noun"
2175,olej,기름 / 오일,To jest olej.,Polish Core 3000 · 빈도 #2175 · noun · EN: oil (any highly viscous liquid) · KO revised 2026-08-14 · Example generated for quiz,"core3000,core-3000,noun"
2176,status,지위,To jest status.,Polish Core 3000 · 빈도 #2176 · noun · EN: status (person’s position or standing) · KO revised 2026-08-14 · Example generated for quiz,"core3000,core-3000,noun"
2177,lipiec,7월,To jest lipiec.,Polish Core 3000 · 빈도 #2177 · noun · EN: July (month) · KO revised 2026-08-14 · Example generated for quiz,"core3000,core-3000,noun"
2178,podwieźć,차로 태워다 주다,"Mogę podwieźć, jeśli będzie trzeba.","Polish Core 3000 · 빈도 #2178 · verb · EN: (transitive, automotive, transport) to give a lift, to give a ride (to take somebody somewhere in one's vehicle) · KO revised 2026-08-14 · Example generated for quiz","core3000,core-3000,verb"
2179,gotowość,재빠름,To jest gotowość.,"Polish Core 3000 · 빈도 #2179 · noun · EN: readiness, preparedness · KO revised 2026-08-14 · Example generated for quiz","core3000,core-3000,noun"
2180,krwawić,출혈하다,"Mogę krwawić, jeśli będzie trzeba.",Polish Core 3000 · 빈도 #2180 · verb · EN: (intransitive) to bleed · KO revised 2026-08-14 · Example generated for quiz,"core3000,core-3000,verb"
2181,ojej,아뿔싸,"Ojej, co się stało?",Polish Core 3000 · 빈도 #2181 · intj · EN: oops · KO revised 2026-08-14 · Example generated for quiz,"core3000,core-3000,intj"
2182,magiczny,마법의,W tekście pojawia się określenie „magiczny”.,Polish Core 3000 · 빈도 #2182 · adj · EN: magical · KO revised 2026-08-14 · Example generated for quiz,"core3000,core-3000,adj"
2183,długopis,볼펜,To jest długopis.,Polish Core 3000 · 빈도 #2183 · noun · EN: ballpoint pen (writing tool) · KO revised 2026-08-14 · Example generated for quiz,"core3000,core-3000,noun"
2184,zatrudnić,고용하다,"Mogę zatrudnić, jeśli będzie trzeba.","Polish Core 3000 · 빈도 #2184 · verb · EN: (transitive) to employ, to hire · KO revised 2026-08-14 · Example generated for quiz","core3000,core-3000,verb"
2185,głupiec,머저리,To jest głupiec.,Polish Core 3000 · 빈도 #2185 · noun · EN: (derogatory) fool (person with poor judgement or little intelligence) · KO revised 2026-08-14 · Example generated for quiz,"core3000,core-3000,noun"
2186,przeciąg,외풍 / 통풍,To jest przeciąg.,Polish Core 3000 · 빈도 #2186 · noun · EN: draught (a current of air) · KO revised 2026-08-14 · Example generated for quiz,"core3000,core-3000,noun"
2187,staruszka,노파,To jest staruszka.,Polish Core 3000 · 빈도 #2187 · noun · EN: (endearing) old woman · KO revised 2026-08-14 · Example generated for quiz,"core3000,core-3000,noun"
2188,prawdopodobnie,아마,On robi to prawdopodobnie.,Polish Core 3000 · 빈도 #2188 · adv · EN: probably · KO revised 2026-08-14 · Example generated for quiz,"core3000,core-3000,adv"
2189,piąty,다섯째,To piąty raz.,Polish Core 3000 · 빈도 #2189 · num · EN: fifth · KO revised 2026-08-14 · Example generated for quiz,"core3000,core-3000,num"
2190,sexy,농염하다,W tekście pojawia się określenie „sexy”.,Polish Core 3000 · 빈도 #2190 · adj · EN: (colloquial) sexy (having sexual appeal) · KO revised 2026-08-14 · Example generated for quiz,"core3000,core-3000,adj"
2191,pasażer,승객,To jest pasażer.,Polish Core 3000 · 빈도 #2191 · noun · EN: passenger · KO revised 2026-08-14 · Example generated for quiz,"core3000,core-3000,noun"
2192,kartka,잎,To jest kartka.,"Polish Core 3000 · 빈도 #2192 · noun · EN: leaf (a sheet of a book, magazine, etc) · KO revised 2026-08-14 · Example generated for quiz","core3000,core-3000,noun"
2193,gust,취향 / 기호,To jest gust.,"Polish Core 3000 · 빈도 #2193 · noun · EN: taste, personal preference · KO revised 2026-08-14 · Example generated for quiz","core3000,core-3000,noun"
2194,uniwersytet,대학교,To jest uniwersytet.,Polish Core 3000 · 빈도 #2194 · noun · KO revised 2026-08-14 · Example generated for quiz,"core3000,core-3000,noun"
2195,znajomość,지식,To jest znajomość.,"Polish Core 3000 · 빈도 #2195 · noun · EN: knowledge, understanding, familiarity, acquaintance · KO revised 2026-08-14 · Example generated for quiz","core3000,core-3000,noun"
2196,pragnienie,갈증,To jest pragnienie.,Polish Core 3000 · 빈도 #2196 · noun · EN: thirst · KO revised 2026-08-14 · Example generated for quiz,"core3000,core-3000,noun"
2197,profil,윤곽,To jest profil.,Polish Core 3000 · 빈도 #2197 · noun · EN: profile · KO revised 2026-08-14 · Example generated for quiz,"core3000,core-3000,noun"
2198,skakać,튀다,"Mogę skakać, jeśli będzie trzeba.","Polish Core 3000 · 빈도 #2198 · verb · EN: (intransitive) to jump, to leap · KO revised 2026-08-14 · Example generated for quiz","core3000,core-3000,verb"
2199,prasa,언론 / 신문·잡지,To jest prasa.,Polish Core 3000 · 빈도 #2199 · noun · EN: press (device used to apply pressure) · KO revised 2026-08-14 · Example generated for quiz,"core3000,core-3000,noun"
2200,przyjemny,기분 좋은,W tekście pojawia się określenie „przyjemny”.,Polish Core 3000 · 빈도 #2200 · adj · EN: pleasant · KO revised 2026-08-14 · Example generated for quiz,"core3000,core-3000,adj"
2201,towarzysz,상대,To jest towarzysz.,Polish Core 3000 · 빈도 #2201 · noun · EN: companion · KO revised 2026-08-14 · Example generated for quiz,"core3000,core-3000,noun"
2202,dwór,코트,To jest dwór.,"Polish Core 3000 · 빈도 #2202 · noun · EN: court, mansion (residence of a sovereign, prince, nobleman, or other dignitary) · KO revised 2026-08-14 · Example generated for quiz","core3000,core-3000,noun"
2203,podróżować,여행하다,"Mogę podróżować, jeśli będzie trzeba.",Polish Core 3000 · 빈도 #2203 · verb · EN: (intransitive) to travel · KO revised 2026-08-14 · Example generated for quiz,"core3000,core-3000,verb"
2204,diament,금강석,To jest diament.,Polish Core 3000 · 빈도 #2204 · noun · EN: diamond (mineral) · KO revised 2026-08-14 · Example generated for quiz,"core3000,core-3000,noun"
2205,darmowy,무급의,W tekście pojawia się określenie „darmowy”.,"Polish Core 3000 · 빈도 #2205 · adj · EN: complimentary, free of charge · KO revised 2026-08-14 · Example generated for quiz","core3000,core-3000,adj"
2206,zorganizować,짜다,"Mogę zorganizować, jeśli będzie trzeba.",Polish Core 3000 · 빈도 #2206 · verb · EN: (transitive) to organize (to arrange in working order) · KO revised 2026-08-14 · Example generated for quiz,"core3000,core-3000,verb"
2207,osłona,덮는,To jest osłona.,Polish Core 3000 · 빈도 #2207 · noun · EN: covering (that which covers something) · KO revised 2026-08-14 · Example generated for quiz,"core3000,core-3000,noun"
2208,ciągnąć,끌어넣다,"Mogę ciągnąć, jeśli będzie trzeba.",Polish Core 3000 · 빈도 #2208 · verb · EN: (transitive) to pull (to apply a force to (an object) such that it comes toward the person or thing applying the force) · KO revised 2026-08-14 · Example generated for quiz,"core3000,core-3000,verb"
2209,lenny,반목,W tekście pojawia się określenie „lenny”.,"Polish Core 3000 · 빈도 #2209 · adj · EN: (relational) feud, fee, fief · KO revised 2026-08-14 · Example generated for quiz","core3000,core-3000,adj"
2210,gin,기중기,To jest gin.,Polish Core 3000 · 빈도 #2210 · noun · EN: gin (alcoholic beverage) · KO revised 2026-08-14 · Example generated for quiz,"core3000,core-3000,noun"
2211,przycisk,버튼,To jest przycisk.,Polish Core 3000 · 빈도 #2211 · noun · EN: button (mechanical device meant to be pressed) · KO revised 2026-08-14 · Example generated for quiz,"core3000,core-3000,noun"
2212,pysk,부리망,To jest pysk.,"Polish Core 3000 · 빈도 #2212 · noun · EN: muzzle, gob (mouth of an animal) · KO revised 2026-08-14 · Example generated for quiz","core3000,core-3000,noun"
2213,znakomity,고귀한,W tekście pojawia się określenie „znakomity”.,"Polish Core 3000 · 빈도 #2213 · adj · EN: great, superb, awesome · KO revised 2026-08-14 · Example generated for quiz","core3000,core-3000,adj"
2214,współrzędna,좌표,To jest współrzędna.,"Polish Core 3000 · 빈도 #2214 · noun · EN: (mathematics, cartography) coordinate · KO revised 2026-08-14 · Example generated for quiz","core3000,core-3000,noun"
2215,uszkadzać,상하다,"Mogę uszkadzać, jeśli będzie trzeba.",Polish Core 3000 · 빈도 #2215 · verb · EN: (transitive) to damage · KO revised 2026-08-14 · Example generated for quiz,"core3000,core-3000,verb"
2216,rama,틀,To jest rama.,Polish Core 3000 · 빈도 #2216 · noun · EN: frame · KO revised 2026-08-14 · Example generated for quiz,"core3000,core-3000,noun"
2217,zlecać,임관하다,"Mogę zlecać, jeśli będzie trzeba.","Polish Core 3000 · 빈도 #2217 · verb · EN: (transitive) to commission, to charge · KO revised 2026-08-14 · Example generated for quiz","core3000,core-3000,verb"
2218,środa,수요일,To jest środa.,Polish Core 3000 · 빈도 #2218 · noun · KO revised 2026-08-14 · Example generated for quiz,"core3000,core-3000,noun"
2219,brandy,브랜디,To jest brandy.,Polish Core 3000 · 빈도 #2219 · noun · EN: brandy (liquor) · KO revised 2026-08-14 · Example generated for quiz,"core3000,core-3000,noun"
2220,kryć,숨기다,"Mogę kryć, jeśli będzie trzeba.",Polish Core 3000 · 빈도 #2220 · verb · EN: (transitive) to hide · KO revised 2026-08-14 · Example generated for quiz,"core3000,core-3000,verb"
2221,fabryka,제조소,To jest fabryka.,"Polish Core 3000 · 빈도 #2221 · noun · EN: factory, plant · KO revised 2026-08-14 · Example generated for quiz","core3000,core-3000,noun"
2222,rety,충격,"Rety, ale tu dużo ludzi!","Polish Core 3000 · 빈도 #2222 · intj · EN: (colloquial) used to express surprise, shock, or indignation · KO revised 2026-08-14 · Example generated for quiz","core3000,core-3000,intj"
2223,GPS,GPS / 위성 위치 확인 시스템,To jest GPS.,"Polish Core 3000 · 빈도 #2223 · noun · EN: (cartography, navigation, technology) GPS (Global Positioning System) · KO revised 2026-08-14 · Example generated for quiz","core3000,core-3000,noun"
2224,Rosjanin,러시아인,To jest Rosjanin.,Polish Core 3000 · 빈도 #2224 · noun · EN: Russian (a person from Russia) · KO revised 2026-08-14 · Example generated for quiz,"core3000,core-3000,noun"
2225,stres,스트레스,To jest stres.,Polish Core 3000 · 빈도 #2225 · noun · EN: stress (emotional pressure suffered by a human being or other animal) · KO revised 2026-08-14 · Example generated for quiz,"core3000,core-3000,noun"
2226,urok,매력,To jest urok.,"Polish Core 3000 · 빈도 #2226 · noun · EN: charm, spell (supernatural) · KO revised 2026-08-14 · Example generated for quiz","core3000,core-3000,noun"
2227,medal,기장,To jest medal.,Polish Core 3000 · 빈도 #2227 · noun · EN: medal (stamped metal disc) · KO revised 2026-08-14 · Example generated for quiz,"core3000,core-3000,noun"
2228,sprytny,교묘하다,W tekście pojawia się określenie „sprytny”.,"Polish Core 3000 · 빈도 #2228 · adj · EN: clever, canny, shrewd, crafty, cunning, wily · KO revised 2026-08-14 · Example generated for quiz","core3000,core-3000,adj"
2229,biblioteka,도서관,To jest biblioteka.,Polish Core 3000 · 빈도 #2229 · noun · EN: library (institution which holds books) · KO revised 2026-08-14 · Example generated for quiz,"core3000,core-3000,noun"
2230,konferencja,회의,To jest konferencja.,Polish Core 3000 · 빈도 #2230 · noun · EN: (politics) conference (meeting of people) · KO revised 2026-08-14 · Example generated for quiz,"core3000,core-3000,noun"
2231,gubernator,조절기,To jest gubernator.,Polish Core 3000 · 빈도 #2231 · noun · EN: (politics) governor (leader of a region or state) · KO revised 2026-08-14 · Example generated for quiz,"core3000,core-3000,noun"
2232,podziać,잃다,"Mogę podziać, jeśli będzie trzeba.","Polish Core 3000 · 빈도 #2232 · verb · EN: (transitive, colloquial) to lose, to misplace · KO revised 2026-08-14 · Example generated for quiz","core3000,core-3000,verb"
2233,śpiączka,코마,To jest śpiączka.,Polish Core 3000 · 빈도 #2233 · noun · EN: coma (deep sleep) · KO revised 2026-08-14 · Example generated for quiz,"core3000,core-3000,noun"
2234,osobowość,성격,To jest osobowość.,Polish Core 3000 · 빈도 #2234 · noun · EN: personality · KO revised 2026-08-14 · Example generated for quiz,"core3000,core-3000,noun"
2235,zastępca,부,To jest zastępca.,"Polish Core 3000 · 빈도 #2235 · noun · EN: deputy, stand-in, replacement · KO revised 2026-08-14 · Example generated for quiz","core3000,core-3000,noun"
2236,przejrzeć,숙독하다,"Mogę przejrzeć, jeśli będzie trzeba.","Polish Core 3000 · 빈도 #2236 · verb · EN: (transitive) to look through, to browse, to peruse · KO revised 2026-08-14 · Example generated for quiz","core3000,core-3000,verb"
2237,przegapić,내려다보다,"Mogę przegapić, jeśli będzie trzeba.","Polish Core 3000 · 빈도 #2237 · verb · EN: (transitive, informal) to overlook, to miss, to fail to notice · KO revised 2026-08-14 · Example generated for quiz","core3000,core-3000,verb"
2238,komplement,따리,To jest komplement.,"Polish Core 3000 · 빈도 #2238 · noun · EN: compliment (expression of praise, congratulation or respect) · KO revised 2026-08-14 · Example generated for quiz","core3000,core-3000,noun"
2239,personel,요원,To jest personel.,Polish Core 3000 · 빈도 #2239 · noun · EN: personnel · KO revised 2026-08-14 · Example generated for quiz,"core3000,core-3000,noun"
2240,minister,각료,To jest minister.,Polish Core 3000 · 빈도 #2240 · noun · EN: (politics) minister · KO revised 2026-08-14 · Example generated for quiz,"core3000,core-3000,noun"
2241,doba,날,To jest doba.,Polish Core 3000 · 빈도 #2241 · noun · EN: day (full 24 hours) · KO revised 2026-08-14 · Example generated for quiz,"core3000,core-3000,noun"
2242,napinać,팽팽하게 하다 / 긴장시키다,"Mogę napinać, jeśli będzie trzeba.","Polish Core 3000 · 빈도 #2242 · verb · EN: (transitive) to tense, to strain · KO revised 2026-08-14 · Example generated for quiz","core3000,core-3000,verb"
2243,rozpoznać,동일시하다,"Mogę rozpoznać, jeśli będzie trzeba.","Polish Core 3000 · 빈도 #2243 · verb · EN: (transitive) to identify, to pick out · KO revised 2026-08-14 · Example generated for quiz","core3000,core-3000,verb"
2244,szklanka,글라스,To jest szklanka.,Polish Core 3000 · 빈도 #2244 · noun · EN: glass (a vessel having a capacity of roughly 250 ml) · KO revised 2026-08-14 · Example generated for quiz,"core3000,core-3000,noun"
2245,wpływać,헤엄쳐 들어오다 / 배로 들어오다; 영향을 미치다,"Mogę wpływać, jeśli będzie trzeba.","Polish Core 3000 · 빈도 #2245 · verb · EN: (intransitive) to swim in, to sail in · KO revised 2026-08-14 · Example generated for quiz","core3000,core-3000,verb"
2246,ciepły,따뜻한,W tekście pojawia się określenie „ciepły”.,Polish Core 3000 · 빈도 #2246 · adj · KO revised 2026-08-14 · Example generated for quiz,"core3000,core-3000,adj"
2247,dostrzec,분간하다,"Mogę dostrzec, jeśli będzie trzeba.","Polish Core 3000 · 빈도 #2247 · verb · EN: (transitive) to discern, to descry, to make out · KO revised 2026-08-14 · Example generated for quiz","core3000,core-3000,verb"
2248,lina,줄,To jest lina.,"Polish Core 3000 · 빈도 #2248 · noun · EN: line, rope, cord, string · KO revised 2026-08-14 · Example generated for quiz","core3000,core-3000,noun"
2249,zajrzeć,여겨지다,"Mogę zajrzeć, jeśli będzie trzeba.","Polish Core 3000 · 빈도 #2249 · verb · EN: (intransitive) to peek, to look · KO revised 2026-08-14 · Example generated for quiz","core3000,core-3000,verb"
2250,modlić,기도하다,"Mogę modlić, jeśli będzie trzeba.",Polish Core 3000 · 빈도 #2250 · verb · EN: (reflexive) to pray [+ do (genitive) = to someone] (to petition a higher being) · KO revised 2026-08-14 · Example generated for quiz,"core3000,core-3000,verb"
2251,ciemny,어두운,W tekście pojawia się określenie „ciemny”.,Polish Core 3000 · 빈도 #2251 · adj · EN: dark (being poorly lit) · KO revised 2026-08-14 · Example generated for quiz,"core3000,core-3000,adj"
2252,metal,금속,To jest metal.,Polish Core 3000 · 빈도 #2252 · noun · EN: metal · KO revised 2026-08-14 · Example generated for quiz,"core3000,core-3000,noun"
2253,drewno,나무제품,To jest drewno.,"Polish Core 3000 · 빈도 #2253 · noun · EN: (singular only) wood (substance, timber) · KO revised 2026-08-14 · Example generated for quiz","core3000,core-3000,noun"
2254,żołądek,위,To jest żołądek.,Polish Core 3000 · 빈도 #2254 · noun · EN: stomach (organ that stores food) · KO revised 2026-08-14 · Example generated for quiz,"core3000,core-3000,noun"
2255,dopuścić,용납하다,"Mogę dopuścić, jeśli będzie trzeba.","Polish Core 3000 · 빈도 #2255 · verb · EN: (transitive) to let near, to allow to approach · KO revised 2026-08-14 · Example generated for quiz","core3000,core-3000,verb"
2256,rytm,리듬,To jest rytm.,Polish Core 3000 · 빈도 #2256 · noun · EN: rhythm · KO revised 2026-08-14 · Example generated for quiz,"core3000,core-3000,noun"
2257,panika,공황,To jest panika.,Polish Core 3000 · 빈도 #2257 · noun · EN: panic · KO revised 2026-08-14 · Example generated for quiz,"core3000,core-3000,noun"
2258,upadek,넘어오다,To jest upadek.,Polish Core 3000 · 빈도 #2258 · noun · EN: fall (workplace or sports accident) · KO revised 2026-08-14 · Example generated for quiz,"core3000,core-3000,noun"
2259,majątek,재산,To jest majątek.,"Polish Core 3000 · 빈도 #2259 · noun · EN: fortune, riches · KO revised 2026-08-14 · Example generated for quiz","core3000,core-3000,noun"
2260,poinformować,알리다,"Mogę poinformować, jeśli będzie trzeba.","Polish Core 3000 · 빈도 #2260 · verb · EN: (transitive) to inform, to brief · KO revised 2026-08-14 · Example generated for quiz","core3000,core-3000,verb"
2261,narodzić,낳다,"Mogę narodzić, jeśli będzie trzeba.",Polish Core 3000 · 빈도 #2261 · verb · EN: (transitive) to give birth to many children · KO revised 2026-08-14 · Example generated for quiz,"core3000,core-3000,verb"
2262,zza,뒤에서,Samochód wyjechał zza rogu.,Polish Core 3000 · 빈도 #2262 · prep · EN: from behind · KO revised 2026-08-14 · Example generated for quiz,"core3000,core-3000,prep"
2263,rozwój,발달,To jest rozwój.,Polish Core 3000 · 빈도 #2263 · noun · EN: development · KO revised 2026-08-14 · Example generated for quiz,"core3000,core-3000,noun"
2264,darować,용서하다,"Mogę darować, jeśli będzie trzeba.","Polish Core 3000 · 빈도 #2264 · verb · EN: (transitive) to pardon, to excuse, to forgive, to remit, to absolve · KO revised 2026-08-14 · Example generated for quiz","core3000,core-3000,verb"
2265,czaszka,두개골,To jest czaszka.,Polish Core 3000 · 빈도 #2265 · noun · EN: (anatomy) skull · KO revised 2026-08-14 · Example generated for quiz,"core3000,core-3000,noun"
2266,naukowiec,과학자,To jest naukowiec.,"Polish Core 3000 · 빈도 #2266 · noun · EN: scientist, scholar · KO revised 2026-08-14 · Example generated for quiz","core3000,core-3000,noun"
2267,smaczny,고상한,W tekście pojawia się określenie „smaczny”.,"Polish Core 3000 · 빈도 #2267 · adj · EN: tasty, delicious, tasting good · KO revised 2026-08-14 · Example generated for quiz","core3000,core-3000,adj"
2268,przestępca,범인,To jest przestępca.,"Polish Core 3000 · 빈도 #2268 · noun · EN: criminal, lawbreaker · KO revised 2026-08-14 · Example generated for quiz","core3000,core-3000,noun"
2269,uruchomić,활성화하다,"Mogę uruchomić, jeśli będzie trzeba.","Polish Core 3000 · 빈도 #2269 · verb · EN: (transitive) to mobilise, to put in motion · KO revised 2026-08-14 · Example generated for quiz","core3000,core-3000,verb"
2270,napój,음료,To jest napój.,Polish Core 3000 · 빈도 #2270 · noun · EN: beverage · KO revised 2026-08-14 · Example generated for quiz,"core3000,core-3000,noun"
2271,wynająć,찢어지다,"Mogę wynająć, jeśli będzie trzeba.",Polish Core 3000 · 빈도 #2271 · verb · EN: (transitive) to rent (to occupy premises in exchange for rent) · KO revised 2026-08-14 · Example generated for quiz,"core3000,core-3000,verb"
2272,siema,안녕하세요,"Siema, co słychać?","Polish Core 3000 · 빈도 #2272 · intj · EN: (slang) howdy, hi, hiya, yo · KO revised 2026-08-14 · Example generated for quiz","core3000,core-3000,intj"
2273,ogon,꼬리,To jest ogon.,Polish Core 3000 · 빈도 #2273 · noun · EN: tail (caudal appendage of an animal) · KO revised 2026-08-14 · Example generated for quiz,"core3000,core-3000,noun"
2274,federalny,연방의,W tekście pojawia się określenie „federalny”.,Polish Core 3000 · 빈도 #2274 · adj · EN: (relational) federal (pertaining to the national government level) · KO revised 2026-08-14 · Example generated for quiz,"core3000,core-3000,adj"
2275,patrol,순시,To jest patrol.,Polish Core 3000 · 빈도 #2275 · noun · EN: (military) patrol (going of the rounds) · KO revised 2026-08-14 · Example generated for quiz,"core3000,core-3000,noun"
2276,farma,밭,To jest farma.,Polish Core 3000 · 빈도 #2276 · noun · EN: farm · KO revised 2026-08-14 · Example generated for quiz,"core3000,core-3000,noun"
2277,gliniarz,포박하다,To jest gliniarz.,"Polish Core 3000 · 빈도 #2277 · noun · EN: (colloquial, law enforcement) cop (a police officer) · KO revised 2026-08-14 · Example generated for quiz","core3000,core-3000,noun"
2278,tajemniczy,솔직하지 않은,W tekście pojawia się określenie „tajemniczy”.,Polish Core 3000 · 빈도 #2278 · adj · EN: mysterious (of unknown origin) · KO revised 2026-08-14 · Example generated for quiz,"core3000,core-3000,adj"
2279,mężatka,기혼 여성 / 유부녀,To jest mężatka.,Polish Core 3000 · 빈도 #2279 · noun · EN: female spouse · KO revised 2026-08-14 · Example generated for quiz,"core3000,core-3000,noun"
2280,komunikacja,교통 / 의사소통,To jest komunikacja.,Polish Core 3000 · 빈도 #2280 · noun · EN: traffic (pedestrians or vehicles on roads or on the air) · KO revised 2026-08-14 · Example generated for quiz,"core3000,core-3000,noun"
2281,zjawić,나타나다 (zjawić się),"Mogę zjawić, jeśli będzie trzeba.","Polish Core 3000 · 빈도 #2281 · verb · EN: (reflexive) to show up, to turn up · KO revised 2026-08-14 · Example generated for quiz","core3000,core-3000,verb"
2282,tło,배경,To jest tło.,Polish Core 3000 · 빈도 #2282 · noun · EN: background (part of picture) · KO revised 2026-08-14 · Example generated for quiz,"core3000,core-3000,noun"
2283,staruszek,노인 / 할아버지,To jest staruszek.,Polish Core 3000 · 빈도 #2283 · noun · KO revised 2026-08-14 · Example generated for quiz,"core3000,core-3000,noun"
2284,mięsień,살,To jest mięsień.,Polish Core 3000 · 빈도 #2284 · noun · EN: (anatomy) muscle · KO revised 2026-08-14 · Example generated for quiz,"core3000,core-3000,noun"
2285,miliard,10억,To jest miliard.,Polish Core 3000 · 빈도 #2285 · noun · EN: a milliard; a short-scale billion (10⁹) · KO revised 2026-08-14 · Example generated for quiz,"core3000,core-3000,noun"
2286,błogosławieństwo,가호,To jest błogosławieństwo.,Polish Core 3000 · 빈도 #2286 · noun · EN: (religion) blessing (pronouncement invoking divine aid) · KO revised 2026-08-14 · Example generated for quiz,"core3000,core-3000,noun"
2287,ogłaszać,발표하다,"Mogę ogłaszać, jeśli będzie trzeba.","Polish Core 3000 · 빈도 #2287 · verb · EN: (transitive) to announce, to declare · KO revised 2026-08-14 · Example generated for quiz","core3000,core-3000,verb"
2288,willa,별장,To jest willa.,Polish Core 3000 · 빈도 #2288 · noun · EN: (architecture) villa · KO revised 2026-08-14 · Example generated for quiz,"core3000,core-3000,noun"
2289,masło,버터,To jest masło.,Polish Core 3000 · 빈도 #2289 · noun · EN: butter · KO revised 2026-08-14 · Example generated for quiz,"core3000,core-3000,noun"
2290,zawał,경색,To jest zawał.,"Polish Core 3000 · 빈도 #2290 · noun · EN: (pathology) infarct, often heart attack · KO revised 2026-08-14 · Example generated for quiz","core3000,core-3000,noun"
2291,uczciwy,참되다,W tekście pojawia się określenie „uczciwy”.,Polish Core 3000 · 빈도 #2291 · adj · EN: honest · KO revised 2026-08-14 · Example generated for quiz,"core3000,core-3000,adj"
2292,jabłko,사과,To jest jabłko.,Polish Core 3000 · 빈도 #2292 · noun · EN: apple · KO revised 2026-08-14 · Example generated for quiz,"core3000,core-3000,noun"
2293,akcent,사트리,To jest akcent.,"Polish Core 3000 · 빈도 #2293 · noun · EN: (phonetics) accent, stress (stressed syllable of a word or expression) · KO revised 2026-08-14 · Example generated for quiz","core3000,core-3000,noun"
2294,sojusz,결연,To jest sojusz.,"Polish Core 3000 · 빈도 #2294 · noun · EN: (politics) alliance (relationship among people, groups, or states that have joined together for mutual benefit or to achieve some common purpose) · KO revised 2026-08-14 · Example generated for quiz","core3000,core-3000,noun"
2295,modlitwa,기도,To jest modlitwa.,Polish Core 3000 · 빈도 #2295 · noun · EN: prayer (practice of communicating with one's God) · KO revised 2026-08-14 · Example generated for quiz,"core3000,core-3000,noun"
2296,waliza,줄기,To jest waliza.,Polish Core 3000 · 빈도 #2296 · noun · EN: trunk (a large suitcase) · KO revised 2026-08-14 · Example generated for quiz,"core3000,core-3000,noun"
2297,wstecz,개약의,W tekście pojawia się określenie „wstecz”.,"Polish Core 3000 · 빈도 #2297 · adj · EN: (of time, space, motion, postpositive) backward · KO revised 2026-08-14 · Example generated for quiz","core3000,core-3000,adj"
2298,poker,낙화용구,To jest poker.,Polish Core 3000 · 빈도 #2298 · noun · EN: poker · KO revised 2026-08-14 · Example generated for quiz,"core3000,core-3000,noun"
2299,pogotowie,응급 서비스 / 구급대,To jest pogotowie.,Polish Core 3000 · 빈도 #2299 · noun · EN: emergency service · KO revised 2026-08-14 · Example generated for quiz,"core3000,core-3000,noun"
2300,krowa,소,To jest krowa.,Polish Core 3000 · 빈도 #2300 · noun · EN: cow · KO revised 2026-08-14 · Example generated for quiz,"core3000,core-3000,noun"
2301,szkło,글라스,To jest szkło.,Polish Core 3000 · 빈도 #2301 · noun · EN: glass · KO revised 2026-08-14 · Example generated for quiz,"core3000,core-3000,noun"
2302,pralnia,빨래,To jest pralnia.,Polish Core 3000 · 빈도 #2302 · noun · EN: laundry (place or room where laundering is done) · KO revised 2026-08-14 · Example generated for quiz,"core3000,core-3000,noun"
2303,targ,시장,To jest targ.,Polish Core 3000 · 빈도 #2303 · noun · EN: market (spacious site where trading takes place) · KO revised 2026-08-14 · Example generated for quiz,"core3000,core-3000,noun"
2304,współczuć,연민,"Mogę współczuć, jeśli będzie trzeba.","Polish Core 3000 · 빈도 #2304 · verb · EN: (intransitive, with dative) to feel for, to sympathise with, to pity · KO revised 2026-08-14 · Example generated for quiz","core3000,core-3000,verb"
2305,dzwono,휠 림 / 바퀴 테두리,To jest dzwono.,"Polish Core 3000 · 빈도 #2305 · noun · EN: (automotive) felloe, wheelrim · KO revised 2026-08-14 · Example generated for quiz","core3000,core-3000,noun"
2306,aktor,배우,To jest aktor.,"Polish Core 3000 · 빈도 #2306 · noun · EN: (film, television, theater) actor (person who performs in a theatrical play or film) · KO revised 2026-08-14 · Example generated for quiz","core3000,core-3000,noun"
2307,stolica,기둥머리,To jest stolica.,"Polish Core 3000 · 빈도 #2307 · noun · EN: capital, capital city · KO revised 2026-08-14 · Example generated for quiz","core3000,core-3000,noun"
2308,powieść,소설,"Mogę powieść, jeśli będzie trzeba.","Polish Core 3000 · 빈도 #2308 · verb · EN: (transitive) to go along, to guide · KO revised 2026-08-14 · Example generated for quiz","core3000,core-3000,verb"
2309,przyłączyć,통합시키다,"Mogę przyłączyć, jeśli będzie trzeba.","Polish Core 3000 · 빈도 #2309 · verb · EN: (transitive) to incorporate, to annex · KO revised 2026-08-14 · Example generated for quiz","core3000,core-3000,verb"
2310,Strzelec,사수자리 사람,To jest Strzelec.,Polish Core 3000 · 빈도 #2310 · noun · EN: someone with a Sagittarius star sign · KO revised 2026-08-14 · Example generated for quiz,"core3000,core-3000,noun"
2311,cichy,조용한,W tekście pojawia się określenie „cichy”.,"Polish Core 3000 · 빈도 #2311 · adj · EN: quiet, silent · KO revised 2026-08-14 · Example generated for quiz","core3000,core-3000,adj"
2312,skała,바위,To jest skała.,Polish Core 3000 · 빈도 #2312 · noun · EN: rock · KO revised 2026-08-14 · Example generated for quiz,"core3000,core-3000,noun"
2313,dziki,엄청나다,W tekście pojawia się określenie „dziki”.,"Polish Core 3000 · 빈도 #2313 · adj · EN: wild, untamed · KO revised 2026-08-14 · Example generated for quiz","core3000,core-3000,adj"
2314,okłamać,속이다,"Mogę okłamać, jeśli będzie trzeba.","Polish Core 3000 · 빈도 #2314 · verb · EN: (transitive) to deceive, to mislead · KO revised 2026-08-14 · Example generated for quiz","core3000,core-3000,verb"
2315,rozdzielić,갈라내다,"Mogę rozdzielić, jeśli będzie trzeba.","Polish Core 3000 · 빈도 #2315 · verb · EN: (transitive) to divide up, to distribute, to dole out · KO revised 2026-08-14 · Example generated for quiz","core3000,core-3000,verb"
2316,chmura,구름,To jest chmura.,Polish Core 3000 · 빈도 #2316 · noun · EN: cloud · KO revised 2026-08-14 · Example generated for quiz,"core3000,core-3000,noun"
2317,tradycja,전통,To jest tradycja.,Polish Core 3000 · 빈도 #2317 · noun · EN: tradition · KO revised 2026-08-14 · Example generated for quiz,"core3000,core-3000,noun"
2318,przywódca,지도자,To jest przywódca.,Polish Core 3000 · 빈도 #2318 · noun · EN: leader (one having authority) · KO revised 2026-08-14 · Example generated for quiz,"core3000,core-3000,noun"
2319,tok,방식,To jest tok.,Polish Core 3000 · 빈도 #2319 · noun · EN: process · KO revised 2026-08-14 · Example generated for quiz,"core3000,core-3000,noun"
2320,chip,썰다,To jest chip.,Polish Core 3000 · 빈도 #2320 · noun · EN: (electronics) chip (integrated circuit) · KO revised 2026-08-14 · Example generated for quiz,"core3000,core-3000,noun"
2321,małpa,원숭이,To jest małpa.,"Polish Core 3000 · 빈도 #2321 · noun · EN: monkey, ape (primate) · KO revised 2026-08-14 · Example generated for quiz","core3000,core-3000,noun"
2322,dystans,거리,To jest dystans.,Polish Core 3000 · 빈도 #2322 · noun · EN: distance (amount of space between two points) · KO revised 2026-08-14 · Example generated for quiz,"core3000,core-3000,noun"
2323,seksowny,농염하다,W tekście pojawia się określenie „seksowny”.,Polish Core 3000 · 빈도 #2323 · adj · EN: sexy · KO revised 2026-08-14 · Example generated for quiz,"core3000,core-3000,adj"
2324,nerwowy,간결한,W tekście pojawia się określenie „nerwowy”.,Polish Core 3000 · 빈도 #2324 · adj · EN: (relational) nervous (relating to or affecting the nerves) · KO revised 2026-08-14 · Example generated for quiz,"core3000,core-3000,adj"
2325,słuchawka,리시버,To jest słuchawka.,Polish Core 3000 · 빈도 #2325 · noun · EN: receiver (the listening device part of a telephone) · KO revised 2026-08-14 · Example generated for quiz,"core3000,core-3000,noun"
2326,posada,입장,To jest posada.,"Polish Core 3000 · 빈도 #2326 · noun · EN: situation, job, position, post · KO revised 2026-08-14 · Example generated for quiz","core3000,core-3000,noun"
2327,kultura,문화,To jest kultura.,"Polish Core 3000 · 빈도 #2327 · noun · EN: culture (arts, customs and habits) · KO revised 2026-08-14 · Example generated for quiz","core3000,core-3000,noun"
2328,rozważyć,여기다,"Mogę rozważyć, jeśli będzie trzeba.",Polish Core 3000 · 빈도 #2328 · verb · EN: (transitive) to consider (to think about seriously) · KO revised 2026-08-14 · Example generated for quiz,"core3000,core-3000,verb"
2329,powiązać,관련이 있다,"Mogę powiązać, jeśli będzie trzeba.","Polish Core 3000 · 빈도 #2329 · verb · EN: (transitive) to relate, to connect, to associate · KO revised 2026-08-14 · Example generated for quiz","core3000,core-3000,verb"
2330,dwanaście,12배,Spotkajmy się o dwanaście.,Polish Core 3000 · 빈도 #2330 · num · EN: twelve · KO revised 2026-08-14 · Example generated for quiz,"core3000,core-3000,num"
2331,gorączka,열 / 발열,To jest gorączka.,Polish Core 3000 · 빈도 #2331 · noun · EN: fever (having a higher than normal or elevated body temperature) · KO revised 2026-08-14 · Example generated for quiz,"core3000,core-3000,noun"
2332,zawieźć,운전하다,"Mogę zawieźć, jeśli będzie trzeba.","Polish Core 3000 · 빈도 #2332 · verb · EN: (transitive, automotive, transport) to drive (to take someone or something somewhere) · KO revised 2026-08-14 · Example generated for quiz","core3000,core-3000,verb"
2333,lesbijka,동성연애자,To jest lesbijka.,Polish Core 3000 · 빈도 #2333 · noun · EN: lesbian · KO revised 2026-08-14 · Example generated for quiz,"core3000,core-3000,noun"
2334,prócz,이외,Prócz niego nikogo tam nie było.,"Polish Core 3000 · 빈도 #2334 · prep · EN: (literary) except, besides · KO revised 2026-08-14 · Example generated for quiz","core3000,core-3000,prep"
2335,roczny,일년초,W tekście pojawia się określenie „roczny”.,Polish Core 3000 · 빈도 #2335 · adj · EN: annual · KO revised 2026-08-14 · Example generated for quiz,"core3000,core-3000,adj"
2336,rasa,민족,To jest rasa.,Polish Core 3000 · 빈도 #2336 · noun · EN: race (group of people) · KO revised 2026-08-14 · Example generated for quiz,"core3000,core-3000,noun"
2337,przestraszyć,으르다,"Mogę przestraszyć, jeśli będzie trzeba.","Polish Core 3000 · 빈도 #2337 · verb · EN: (transitive) to scare, to startle, to frighten · KO revised 2026-08-14 · Example generated for quiz","core3000,core-3000,verb"
2338,skręcać,틀다,"Mogę skręcać, jeśli będzie trzeba.","Polish Core 3000 · 빈도 #2338 · verb · EN: (transitive) to twist, to curl · KO revised 2026-08-14 · Example generated for quiz","core3000,core-3000,verb"
2339,fala,물결,To jest fala.,Polish Core 3000 · 빈도 #2339 · noun · EN: wave · KO revised 2026-08-14 · Example generated for quiz,"core3000,core-3000,noun"
2340,działo,총,To jest działo.,"Polish Core 3000 · 빈도 #2340 · noun · EN: gun (a cannon with relatively long barrel, operating with relatively low angle of fire, and having a high muzzle velocity) · KO revised 2026-08-14 · Example generated for quiz","core3000,core-3000,noun"
2341,terrorysta,테러리스트,To jest terrorysta.,Polish Core 3000 · 빈도 #2341 · noun · EN: terrorist · KO revised 2026-08-14 · Example generated for quiz,"core3000,core-3000,noun"
2342,kwita,됐어! / 그걸로 끝! (구어),Po tej zapłacie jesteśmy kwita.,Polish Core 3000 · 빈도 #2342 · intj · EN: (colloquial) enough! · KO revised 2026-08-14 · Example generated for quiz,"core3000,core-3000,intj"
2343,piętnaście,열다섯 / 15,Mam piętnaście minut.,Polish Core 3000 · 빈도 #2343 · num · EN: fifteen · KO revised 2026-08-14 · Example generated for quiz,"core3000,core-3000,num"
2344,trucizna,중독,To jest trucizna.,Polish Core 3000 · 빈도 #2344 · noun · EN: poison (substance harmful to a living organism) · KO revised 2026-08-14 · Example generated for quiz,"core3000,core-3000,noun"
2345,panować,설복하다,"Mogę panować, jeśli będzie trzeba.","Polish Core 3000 · 빈도 #2345 · verb · EN: (intransitive) to be widespread; to prevail (of a condition, idea, etc.) · KO revised 2026-08-14 · Example generated for quiz","core3000,core-3000,verb"
2346,kosmos,우주,To jest kosmos.,"Polish Core 3000 · 빈도 #2346 · noun · EN: outer space, cosmos (the universe) · KO revised 2026-08-14 · Example generated for quiz","core3000,core-3000,noun"
2347,ręcznik,타월,To jest ręcznik.,Polish Core 3000 · 빈도 #2347 · noun · EN: towel · KO revised 2026-08-14 · Example generated for quiz,"core3000,core-3000,noun"
2348,budowa,건물,To jest budowa.,Polish Core 3000 · 빈도 #2348 · noun · EN: building (act or process of building) · KO revised 2026-08-14 · Example generated for quiz,"core3000,core-3000,noun"
2349,nędza,비참,To jest nędza.,Polish Core 3000 · 빈도 #2349 · noun · EN: misery · KO revised 2026-08-14 · Example generated for quiz,"core3000,core-3000,noun"
2350,dywan,깔개,To jest dywan.,Polish Core 3000 · 빈도 #2350 · noun · EN: carpet (a fabric used as a floor covering) · KO revised 2026-08-14 · Example generated for quiz,"core3000,core-3000,noun"
2351,bagaż,짐,To jest bagaż.,"Polish Core 3000 · 빈도 #2351 · noun · EN: luggage, baggage (traveller's containers) · KO revised 2026-08-14 · Example generated for quiz","core3000,core-3000,noun"
2352,ujawnić,계시하다,"Mogę ujawnić, jeśli będzie trzeba.","Polish Core 3000 · 빈도 #2352 · verb · EN: (transitive) to reveal, to expose, to disclose, to divulge · KO revised 2026-08-14 · Example generated for quiz","core3000,core-3000,verb"
2353,centrala,본부,To jest centrala.,Polish Core 3000 · 빈도 #2353 · noun · EN: headquarters (center of organisation's activity) · KO revised 2026-08-14 · Example generated for quiz,"core3000,core-3000,noun"
2354,rękawica,글러브,To jest rękawica.,Polish Core 3000 · 빈도 #2354 · noun · EN: glove · KO revised 2026-08-14 · Example generated for quiz,"core3000,core-3000,noun"
2355,down,다운 증후군 (구어·문맥 주의),To jest down.,"Polish Core 3000 · 빈도 #2355 · noun · EN: (colloquial, neurology) Down syndrome · KO revised 2026-08-14 · Example generated for quiz","core3000,core-3000,noun"
2356,plac,자,To jest plac.,Polish Core 3000 · 빈도 #2356 · noun · EN: square (open space in a town) · KO revised 2026-08-14 · Example generated for quiz,"core3000,core-3000,noun"
2357,sweter,스웨터,To jest sweter.,"Polish Core 3000 · 빈도 #2357 · noun · EN: sweater, pullover, jersey, jumper · KO revised 2026-08-14 · Example generated for quiz","core3000,core-3000,noun"
2358,kierownik,경영자,To jest kierownik.,"Polish Core 3000 · 빈도 #2358 · noun · EN: manager, head, leader, chief · KO revised 2026-08-14 · Example generated for quiz","core3000,core-3000,noun"
2359,odznaka,계급장,To jest odznaka.,"Polish Core 3000 · 빈도 #2359 · noun · EN: badge, pin · KO revised 2026-08-14 · Example generated for quiz","core3000,core-3000,noun"
2360,wiersza,어획용 통발 / 바구니,To jest wiersza.,Polish Core 3000 · 빈도 #2360 · noun · EN: fishing basket · KO revised 2026-08-14 · Example generated for quiz,"core3000,core-3000,noun"
2361,półtora,하나 반 / 1.5,Czekałem półtora godziny.,Polish Core 3000 · 빈도 #2361 · num · EN: one and a half · KO revised 2026-08-14 · Example generated for quiz,"core3000,core-3000,num"
2362,piersiowy,유방,W tekście pojawia się określenie „piersiowy”.,"Polish Core 3000 · 빈도 #2362 · adj · EN: (relational) breast, chest, pectoral, thoracic · KO revised 2026-08-14 · Example generated for quiz","core3000,core-3000,adj"
2363,graham,그레이엄빵 / 통밀빵의 일종,To jest graham.,Polish Core 3000 · 빈도 #2363 · noun · EN: Graham bread · KO revised 2026-08-14 · Example generated for quiz,"core3000,core-3000,noun"
2364,masaż,마사지,To jest masaż.,Polish Core 3000 · 빈도 #2364 · noun · EN: massage · KO revised 2026-08-14 · Example generated for quiz,"core3000,core-3000,noun"
2365,krzyk,지르다,To jest krzyk.,"Polish Core 3000 · 빈도 #2365 · noun · EN: scream, shout · KO revised 2026-08-14 · Example generated for quiz","core3000,core-3000,noun"
2366,podrzucić,던져올리다,"Mogę podrzucić, jeśli będzie trzeba.","Polish Core 3000 · 빈도 #2366 · verb · EN: (transitive) to toss, to flip · KO revised 2026-08-14 · Example generated for quiz","core3000,core-3000,verb"
2367,zwycięzca,수상자,To jest zwycięzca.,Polish Core 3000 · 빈도 #2367 · noun · EN: winner · KO revised 2026-08-14 · Example generated for quiz,"core3000,core-3000,noun"
2368,cynk,아연,To jest cynk.,Polish Core 3000 · 빈도 #2368 · noun · EN: zinc (element) · KO revised 2026-08-14 · Example generated for quiz,"core3000,core-3000,noun"
2369,gwarantować,보험,"Mogę gwarantować, jeśli będzie trzeba.",Polish Core 3000 · 빈도 #2369 · verb · EN: (transitive) to guarantee (to give an assurance that something will be done right) · KO revised 2026-08-14 · Example generated for quiz,"core3000,core-3000,verb"
2370,upaść,떨어지다,"Mogę upaść, jeśli będzie trzeba.","Polish Core 3000 · 빈도 #2370 · verb · EN: (intransitive) to fall, to drop · KO revised 2026-08-14 · Example generated for quiz","core3000,core-3000,verb"
2371,nieszczęście,재난,To jest nieszczęście.,Polish Core 3000 · 빈도 #2371 · noun · EN: calamity · KO revised 2026-08-14 · Example generated for quiz,"core3000,core-3000,noun"
2372,zabezpieczyć,예방하다,"Mogę zabezpieczyć, jeśli będzie trzeba.","Polish Core 3000 · 빈도 #2372 · verb · EN: (transitive) to protect, to safeguard, to preserve · KO revised 2026-08-14 · Example generated for quiz","core3000,core-3000,verb"
2373,marnować,황폐시키다,"Mogę marnować, jeśli będzie trzeba.","Polish Core 3000 · 빈도 #2373 · verb · EN: (transitive) to waste (e.g. energy, time, money, resources) · KO revised 2026-08-14 · Example generated for quiz","core3000,core-3000,verb"
2374,typowy,보통의,W tekście pojawia się określenie „typowy”.,"Polish Core 3000 · 빈도 #2374 · adj · EN: typical, usual · KO revised 2026-08-14 · Example generated for quiz","core3000,core-3000,adj"
2375,asystent,부,To jest asystent.,Polish Core 3000 · 빈도 #2375 · noun · EN: assistant · KO revised 2026-08-14 · Example generated for quiz,"core3000,core-3000,noun"
2376,smok,용,To jest smok.,Polish Core 3000 · 빈도 #2376 · noun · EN: dragon · KO revised 2026-08-14 · Example generated for quiz,"core3000,core-3000,noun"
2377,niepokoić,염려하다,"Mogę niepokoić, jeśli będzie trzeba.","Polish Core 3000 · 빈도 #2377 · verb · EN: (transitive) to worry, to trouble, to bother, to alarm · KO revised 2026-08-14 · Example generated for quiz","core3000,core-3000,verb"
2378,perspektywa,원근화법,To jest perspektywa.,Polish Core 3000 · 빈도 #2378 · noun · EN: perspective · KO revised 2026-08-14 · Example generated for quiz,"core3000,core-3000,noun"
2379,kręg,등뼈,To jest kręg.,Polish Core 3000 · 빈도 #2379 · noun · EN: vertebra · KO revised 2026-08-14 · Example generated for quiz,"core3000,core-3000,noun"
2380,mundur,제복 / 군복,To jest mundur.,Polish Core 3000 · 빈도 #2380 · noun · EN: uniform (a distinctive outfit as a means of identifying members of a group) · KO revised 2026-08-14 · Example generated for quiz,"core3000,core-3000,noun"
2381,powyżej,위,Mieszkamy powyżej dziesiątego piętra.,Polish Core 3000 · 빈도 #2381 · prep · EN: above (higher in spatial position than) [+genitive] · KO revised 2026-08-14 · Example generated for quiz,"core3000,core-3000,prep"
2382,instrukcja,손의,To jest instrukcja.,Polish Core 3000 · 빈도 #2382 · noun · EN: guide book · KO revised 2026-08-14 · Example generated for quiz,"core3000,core-3000,noun"
2383,występować,생기다,"Mogę występować, jeśli będzie trzeba.","Polish Core 3000 · 빈도 #2383 · verb · EN: (intransitive, of species or diseases) to occur, to be present, to be found · KO revised 2026-08-14 · Example generated for quiz","core3000,core-3000,verb"
2384,sprawca,고안자,To jest sprawca.,Polish Core 3000 · 빈도 #2384 · noun · EN: creator (one who creates) · KO revised 2026-08-14 · Example generated for quiz,"core3000,core-3000,noun"
2385,radar,레이더,To jest radar.,Polish Core 3000 · 빈도 #2385 · noun · EN: radar (method of detecting distant objects) · KO revised 2026-08-14 · Example generated for quiz,"core3000,core-3000,noun"
2386,popierać,괴다,"Mogę popierać, jeśli będzie trzeba.","Polish Core 3000 · 빈도 #2386 · verb · EN: (transitive) to support, to back · KO revised 2026-08-14 · Example generated for quiz","core3000,core-3000,verb"
2387,galeria,갱도,To jest galeria.,"Polish Core 3000 · 빈도 #2387 · noun · EN: (architecture) gallery (institution, building, or room for the exhibition and conservation of works of art) · KO revised 2026-08-14 · Example generated for quiz","core3000,core-3000,noun"
2388,naprzeciwko,마주보는,Kawiarnia jest naprzeciwko dworca.,"Polish Core 3000 · 빈도 #2388 · prep · EN: opposite, vis-à-vis · KO revised 2026-08-14 · Example generated for quiz","core3000,core-3000,prep"
2389,niedźwiedź,곰,To jest niedźwiedź.,Polish Core 3000 · 빈도 #2389 · noun · EN: bear · KO revised 2026-08-14 · Example generated for quiz,"core3000,core-3000,noun"
2390,DVD,DVD,To jest DVD.,Polish Core 3000 · 빈도 #2390 · noun · EN: DVD · KO revised 2026-08-14 · Example generated for quiz,"core3000,core-3000,noun"
2391,wymiana,교환 / 교체,To jest wymiana.,Polish Core 3000 · 빈도 #2391 · noun · EN: exchange · KO revised 2026-08-14 · Example generated for quiz,"core3000,core-3000,noun"
2392,paznokieć,못,To jest paznokieć.,Polish Core 3000 · 빈도 #2392 · noun · EN: nail; fingernail or toenail · KO revised 2026-08-14 · Example generated for quiz,"core3000,core-3000,noun"
2393,ponadto,아울러,Ponadto potrzebujemy jeszcze jednego dokumentu.,"Polish Core 3000 · 빈도 #2393 · particle · EN: furthermore, moreover · KO revised 2026-08-14 · Example generated for quiz","core3000,core-3000,particle"
2394,kajdanki,질곡,To jest kajdanki.,"Polish Core 3000 · 빈도 #2394 · noun · EN: handcuffs, manacles · KO revised 2026-08-14 · Example generated for quiz","core3000,core-3000,noun"
2395,frytka,볶다,To jest frytka.,"Polish Core 3000 · 빈도 #2395 · noun · EN: (US) a fry (fried potato), (British) potato chip · KO revised 2026-08-14 · Example generated for quiz","core3000,core-3000,noun"
2396,fort,성,To jest fort.,Polish Core 3000 · 빈도 #2396 · noun · EN: fortress (fortified place) · KO revised 2026-08-14 · Example generated for quiz,"core3000,core-3000,noun"
2397,apartament,조곡,To jest apartament.,Polish Core 3000 · 빈도 #2397 · noun · EN: luxury apartment · KO revised 2026-08-14 · Example generated for quiz,"core3000,core-3000,noun"
2398,reżyser,감독,To jest reżyser.,Polish Core 3000 · 빈도 #2398 · noun · EN: (film) film director · KO revised 2026-08-14 · Example generated for quiz,"core3000,core-3000,noun"
2399,uzbroić,팔,"Mogę uzbroić, jeśli będzie trzeba.","Polish Core 3000 · 빈도 #2399 · verb · EN: (transitive, military) to arm (to supply with weapons) · KO revised 2026-08-14 · Example generated for quiz","core3000,core-3000,verb"
2400,spełnić,이루다 / 충족하다 / 수행하다,"Mogę spełnić, jeśli będzie trzeba.","Polish Core 3000 · 빈도 #2400 · verb · EN: (transitive) to carry out, to perform, to fulfil · KO revised 2026-08-14 · Example generated for quiz","core3000,core-3000,verb"
2401,powstać,생기다,"Mogę powstać, jeśli będzie trzeba.","Polish Core 3000 · 빈도 #2401 · verb · EN: (intransitive) to arise, to develop, to come into being, to come about · KO revised 2026-08-14 · Example generated for quiz","core3000,core-3000,verb"
2402,mebel,가구,To jest mebel.,Polish Core 3000 · 빈도 #2402 · noun · EN: piece of furniture · KO revised 2026-08-14 · Example generated for quiz,"core3000,core-3000,noun"
2403,uczelnia,수업,To jest uczelnia.,Polish Core 3000 · 빈도 #2403 · noun · EN: (education) school (university-level educational institution) · KO revised 2026-08-14 · Example generated for quiz,"core3000,core-3000,noun"
2404,lądować,얻다,"Mogę lądować, jeśli będzie trzeba.","Polish Core 3000 · 빈도 #2404 · verb · EN: (intransitive, aviation) to land (to descend to a surface, especially from the air) · KO revised 2026-08-14 · Example generated for quiz","core3000,core-3000,verb"
2405,analiza,분석,To jest analiza.,Polish Core 3000 · 빈도 #2405 · noun · EN: analysis (decomposition into components in order to study) · KO revised 2026-08-14 · Example generated for quiz,"core3000,core-3000,noun"
2406,wojskowy,군용의,W tekście pojawia się określenie „wojskowy”.,Polish Core 3000 · 빈도 #2406 · adj · EN: (relational) military · KO revised 2026-08-14 · Example generated for quiz,"core3000,core-3000,adj"
2407,wątroba,간,To jest wątroba.,Polish Core 3000 · 빈도 #2407 · noun · EN: (anatomy) liver · KO revised 2026-08-14 · Example generated for quiz,"core3000,core-3000,noun"
2408,odczepiać,풀어놓다,"Mogę odczepiać, jeśli będzie trzeba.","Polish Core 3000 · 빈도 #2408 · verb · EN: (transitive) to unhitch, to detach, to uncouple · KO revised 2026-08-14 · Example generated for quiz","core3000,core-3000,verb"
2409,boy,보이,To jest boy.,"Polish Core 3000 · 빈도 #2409 · noun · EN: bellboy, office boy · KO revised 2026-08-14 · Example generated for quiz","core3000,core-3000,noun"
2410,gnój,거름,To jest gnój.,"Polish Core 3000 · 빈도 #2410 · noun · EN: manure, dung · KO revised 2026-08-14 · Example generated for quiz","core3000,core-3000,noun"
2411,krzyż,십자가,To jest krzyż.,Polish Core 3000 · 빈도 #2411 · noun · EN: cross · KO revised 2026-08-14 · Example generated for quiz,"core3000,core-3000,noun"
2412,gwałt,강간,To jest gwałt.,Polish Core 3000 · 빈도 #2412 · noun · EN: rape (act of forcibly having sex with someone) · KO revised 2026-08-14 · Example generated for quiz,"core3000,core-3000,noun"
2413,element,성분,To jest element.,"Polish Core 3000 · 빈도 #2413 · noun · EN: element (component, piece of a larger whole) · KO revised 2026-08-14 · Example generated for quiz","core3000,core-3000,noun"
2414,szósty,여섯째,To szósty rozdział.,Polish Core 3000 · 빈도 #2414 · num · EN: sixth · KO revised 2026-08-14 · Example generated for quiz,"core3000,core-3000,num"
2415,cool,식히다,W tekście pojawia się określenie „cool”.,Polish Core 3000 · 빈도 #2415 · adj · EN: (slang) cool (in its informal senses) · KO revised 2026-08-14 · Example generated for quiz,"core3000,core-3000,adj"
2416,zrozumiały,포함되는,W tekście pojawia się określenie „zrozumiały”.,"Polish Core 3000 · 빈도 #2416 · adj · EN: comprehensible, intelligible, understandable · KO revised 2026-08-14 · Example generated for quiz","core3000,core-3000,adj"
2417,powiesić,달다,"Mogę powiesić, jeśli będzie trzeba.","Polish Core 3000 · 빈도 #2417 · verb · EN: (transitive) to hang (up), to suspend · KO revised 2026-08-14 · Example generated for quiz","core3000,core-3000,verb"
2418,ogólny,일반적,W tekście pojawia się określenie „ogólny”.,"Polish Core 3000 · 빈도 #2418 · adj · EN: general, broad · KO revised 2026-08-14 · Example generated for quiz","core3000,core-3000,adj"
2419,ser,치즈,To jest ser.,Polish Core 3000 · 빈도 #2419 · noun · EN: cheese · KO revised 2026-08-14 · Example generated for quiz,"core3000,core-3000,noun"
2420,niewolnik,노예,To jest niewolnik.,Polish Core 3000 · 빈도 #2420 · noun · EN: slave · KO revised 2026-08-14 · Example generated for quiz,"core3000,core-3000,noun"
2421,trudność,어려움,To jest trudność.,Polish Core 3000 · 빈도 #2421 · noun · EN: difficulty · KO revised 2026-08-14 · Example generated for quiz,"core3000,core-3000,noun"
2422,francuski,프랑스어,W tekście pojawia się określenie „francuski”.,Polish Core 3000 · 빈도 #2422 · adj · EN: French · KO revised 2026-08-14 · Example generated for quiz,"core3000,core-3000,adj"
2423,skarga,고소,To jest skarga.,Polish Core 3000 · 빈도 #2423 · noun · EN: complaint · KO revised 2026-08-14 · Example generated for quiz,"core3000,core-3000,noun"
2424,wewnętrzny,내적,W tekście pojawia się określenie „wewnętrzny”.,"Polish Core 3000 · 빈도 #2424 · adj · EN: internal, interior · KO revised 2026-08-14 · Example generated for quiz","core3000,core-3000,adj"
2425,kochanek,애인,To jest kochanek.,Polish Core 3000 · 빈도 #2425 · noun · EN: lover (sexual partner) · KO revised 2026-08-14 · Example generated for quiz,"core3000,core-3000,noun"
2426,czujnik,감지기,To jest czujnik.,Polish Core 3000 · 빈도 #2426 · noun · EN: sensor (of a machine) · KO revised 2026-08-14 · Example generated for quiz,"core3000,core-3000,noun"
2427,szeroki,개구음의,W tekście pojawia się określenie „szeroki”.,"Polish Core 3000 · 빈도 #2427 · adj · EN: wide, broad · KO revised 2026-08-14 · Example generated for quiz","core3000,core-3000,adj"
2428,uparty,든든하다,W tekście pojawia się określenie „uparty”.,Polish Core 3000 · 빈도 #2428 · adj · EN: stubborn · KO revised 2026-08-14 · Example generated for quiz,"core3000,core-3000,adj"
2429,hę,응? / 뭐? (되묻기),"Hę, co powiedziałeś?",Polish Core 3000 · 빈도 #2429 · particle · EN: huh? (used as a tag question) · KO revised 2026-08-14 · Example generated for quiz,"core3000,core-3000,particle"
2430,papa,아빠,To jest papa.,Polish Core 3000 · 빈도 #2430 · noun · EN: tarpaper · KO revised 2026-08-14 · Example generated for quiz,"core3000,core-3000,noun"
2431,przystanek,정류장,To jest przystanek.,Polish Core 3000 · 빈도 #2431 · noun · KO revised 2026-08-14 · Example generated for quiz,"core3000,core-3000,noun"
2432,żyła,정맥,To jest żyła.,Polish Core 3000 · 빈도 #2432 · noun · EN: (anatomy) vein · KO revised 2026-08-14 · Example generated for quiz,"core3000,core-3000,noun"
2433,szczerość,솔직함 / 진심,To jest szczerość.,"Polish Core 3000 · 빈도 #2433 · noun · EN: honesty, sincerity · KO revised 2026-08-14 · Example generated for quiz","core3000,core-3000,noun"
2434,porzucić,포기하다,"Mogę porzucić, jeśli będzie trzeba.","Polish Core 3000 · 빈도 #2434 · verb · EN: (transitive) to abandon, to give up, to leave · KO revised 2026-08-14 · Example generated for quiz","core3000,core-3000,verb"
2435,artysta,예술가,To jest artysta.,Polish Core 3000 · 빈도 #2435 · noun · EN: (art) artist (someone who creates art) · KO revised 2026-08-14 · Example generated for quiz,"core3000,core-3000,noun"
2436,wyznać,공언하다,"Mogę wyznać, jeśli będzie trzeba.","Polish Core 3000 · 빈도 #2436 · verb · EN: (transitive) to profess, to preach · KO revised 2026-08-14 · Example generated for quiz","core3000,core-3000,verb"
2437,potencjał,가능법,To jest potencjał.,Polish Core 3000 · 빈도 #2437 · noun · EN: potential · KO revised 2026-08-14 · Example generated for quiz,"core3000,core-3000,noun"
2438,topić,액화하다,"Mogę topić, jeśli będzie trzeba.","Polish Core 3000 · 빈도 #2438 · verb · EN: (transitive) to liquefy, to melt (to make into a liquid) · KO revised 2026-08-14 · Example generated for quiz","core3000,core-3000,verb"
2439,ścieżka,단서,To jest ścieżka.,Polish Core 3000 · 빈도 #2439 · noun · EN: trail · KO revised 2026-08-14 · Example generated for quiz,"core3000,core-3000,noun"
2440,gest,몸짓,To jest gest.,Polish Core 3000 · 빈도 #2440 · noun · EN: gesture · KO revised 2026-08-14 · Example generated for quiz,"core3000,core-3000,noun"
2441,tylny,키우다,W tekście pojawia się określenie „tylny”.,"Polish Core 3000 · 빈도 #2441 · adj · EN: rear, back, hind · KO revised 2026-08-14 · Example generated for quiz","core3000,core-3000,adj"
2442,toczyć,굴러가다,"Mogę toczyć, jeśli będzie trzeba.",Polish Core 3000 · 빈도 #2442 · verb · EN: (transitive) to roll · KO revised 2026-08-14 · Example generated for quiz,"core3000,core-3000,verb"
2443,obywatel,공민,To jest obywatel.,Polish Core 3000 · 빈도 #2443 · noun · EN: citizen (legal member of a state) · KO revised 2026-08-14 · Example generated for quiz,"core3000,core-3000,noun"
2444,bajka,동화 / 우화,To jest bajka.,"Polish Core 3000 · 빈도 #2444 · noun · EN: fable, apologue (a story reenforcing some moral or morals) · KO revised 2026-08-14 · Example generated for quiz","core3000,core-3000,noun"
2445,przepis,비방,To jest przepis.,Polish Core 3000 · 빈도 #2445 · noun · EN: recipe (any set of instructions for preparing a mixture of ingredients) · KO revised 2026-08-14 · Example generated for quiz,"core3000,core-3000,noun"
2446,pozew,고소,To jest pozew.,"Polish Core 3000 · 빈도 #2446 · noun · EN: (law) suit, claim · KO revised 2026-08-14 · Example generated for quiz","core3000,core-3000,noun"
2447,pisarz,작가,To jest pisarz.,"Polish Core 3000 · 빈도 #2447 · noun · EN: writer (author, person who writes) · KO revised 2026-08-14 · Example generated for quiz","core3000,core-3000,noun"
2448,pobić,격파하다,"Mogę pobić, jeśli będzie trzeba.",Polish Core 3000 · 빈도 #2448 · verb · EN: (transitive) to beat up · KO revised 2026-08-14 · Example generated for quiz,"core3000,core-3000,verb"
2449,farciarz,운 좋은 녀석 / 행운아,To jest farciarz.,"Polish Core 3000 · 빈도 #2449 · noun · EN: (colloquial) lucky dog, lucky devil · KO revised 2026-08-14 · Example generated for quiz","core3000,core-3000,noun"
2450,ugoda,일치,To jest ugoda.,"Polish Core 3000 · 빈도 #2450 · noun · EN: agreement, conciliation · KO revised 2026-08-14 · Example generated for quiz","core3000,core-3000,noun"
2451,zawrócić,역동시키다,"Mogę zawrócić, jeśli będzie trzeba.","Polish Core 3000 · 빈도 #2451 · verb · EN: (transitive, intransitive) to reverse, to turn round · KO revised 2026-08-14 · Example generated for quiz","core3000,core-3000,verb"
2452,archiwum,기록 보관소 / 아카이브,To jest archiwum.,Polish Core 3000 · 빈도 #2452 · noun · EN: archive (place for storing earlier materials) · KO revised 2026-08-14 · Example generated for quiz,"core3000,core-3000,noun"
2453,obietnica,약속,To jest obietnica.,Polish Core 3000 · 빈도 #2453 · noun · EN: promise · KO revised 2026-08-14 · Example generated for quiz,"core3000,core-3000,noun"
2454,konkretny,두려운,W tekście pojawia się określenie „konkretny”.,Polish Core 3000 · 빈도 #2454 · adj · EN: concrete (not abstract) · KO revised 2026-08-14 · Example generated for quiz,"core3000,core-3000,adj"
2455,skutek,외관,To jest skutek.,Polish Core 3000 · 빈도 #2455 · noun · EN: effect · KO revised 2026-08-14 · Example generated for quiz,"core3000,core-3000,noun"
2456,atmosfera,분위기,To jest atmosfera.,Polish Core 3000 · 빈도 #2456 · noun · EN: atmosphere (gases surrounding the Earth) · KO revised 2026-08-14 · Example generated for quiz,"core3000,core-3000,noun"
2457,sedno,골자,To jest sedno.,Polish Core 3000 · 빈도 #2457 · noun · EN: gist; crux · KO revised 2026-08-14 · Example generated for quiz,"core3000,core-3000,noun"
2458,suknia,옷차림,To jest suknia.,"Polish Core 3000 · 빈도 #2458 · noun · EN: dress, gown (garment usually worn by a woman or girl) · KO revised 2026-08-14 · Example generated for quiz","core3000,core-3000,noun"
2459,uznawać,인정하다,"Mogę uznawać, jeśli będzie trzeba.","Polish Core 3000 · 빈도 #2459 · verb · EN: (transitive) to acknowledge, to recognize · KO revised 2026-08-14 · Example generated for quiz","core3000,core-3000,verb"
2460,tuzin,12개,To jest tuzin.,Polish Core 3000 · 빈도 #2460 · noun · EN: dozen (twelve) · KO revised 2026-08-14 · Example generated for quiz,"core3000,core-3000,noun"
2461,zarząd,부의,To jest zarząd.,Polish Core 3000 · 빈도 #2461 · noun · EN: council · KO revised 2026-08-14 · Example generated for quiz,"core3000,core-3000,noun"
2462,emocjonalny,감정적,W tekście pojawia się określenie „emocjonalny”.,Polish Core 3000 · 빈도 #2462 · adj · EN: emotional · KO revised 2026-08-14 · Example generated for quiz,"core3000,core-3000,adj"
2463,niski,납작하다,W tekście pojawia się określenie „niski”.,Polish Core 3000 · 빈도 #2463 · adj · EN: low · KO revised 2026-08-14 · Example generated for quiz,"core3000,core-3000,adj"
2464,przydarzyć,재난이 닥치다,"Mogę przydarzyć, jeśli będzie trzeba.","Polish Core 3000 · 빈도 #2464 · verb · EN: (reflexive) to bechance, to befall, to happen [+dative = to someone] · KO revised 2026-08-14 · Example generated for quiz","core3000,core-3000,verb"
2465,pieszy,도보의,To jest pieszy.,Polish Core 3000 · 빈도 #2465 · noun · EN: pedestrian · KO revised 2026-08-14 · Example generated for quiz,"core3000,core-3000,noun"
2466,potrzymać,잠시 들고 있다 / 잠깐 잡아주다,"Mogę potrzymać, jeśli będzie trzeba.",Polish Core 3000 · 빈도 #2466 · verb · EN: (transitive) to hold for some time · KO revised 2026-08-14 · Example generated for quiz,"core3000,core-3000,verb"
2467,minus,마이너스,To jest minus.,"Polish Core 3000 · 빈도 #2467 · noun · EN: minus, minus sign · KO revised 2026-08-14 · Example generated for quiz","core3000,core-3000,noun"
2468,kłótnia,말다툼 / 싸움,To jest kłótnia.,Polish Core 3000 · 빈도 #2468 · noun · EN: quarrel (dispute or heated argument) · KO revised 2026-08-14 · Example generated for quiz,"core3000,core-3000,noun"
2469,uprzejmy,공손한 / 친절한,W tekście pojawia się określenie „uprzejmy”.,Polish Core 3000 · 빈도 #2469 · adj · EN: polite (well-mannered) · KO revised 2026-08-14 · Example generated for quiz,"core3000,core-3000,adj"
2470,rozbić,깨지다,"Mogę rozbić, jeśli będzie trzeba.","Polish Core 3000 · 빈도 #2470 · verb · EN: (transitive) to break, to shatter · KO revised 2026-08-14 · Example generated for quiz","core3000,core-3000,verb"
2471,Indianin,인도사람,To jest Indianin.,"Polish Core 3000 · 빈도 #2471 · noun · EN: Indian, Native American (member of one of the indigenous peoples of the Americas) · KO revised 2026-08-14 · Example generated for quiz","core3000,core-3000,noun"
2472,kubek,머그,To jest kubek.,Polish Core 3000 · 빈도 #2472 · noun · EN: mug (large cup) · KO revised 2026-08-14 · Example generated for quiz,"core3000,core-3000,noun"
2473,utrata,손실,To jest utrata.,Polish Core 3000 · 빈도 #2473 · noun · EN: loss · KO revised 2026-08-14 · Example generated for quiz,"core3000,core-3000,noun"
2474,obrócić,굴곡하다,"Mogę obrócić, jeśli będzie trzeba.","Polish Core 3000 · 빈도 #2474 · verb · EN: (transitive) to turn, to rotate · KO revised 2026-08-14 · Example generated for quiz","core3000,core-3000,verb"
2475,wypalić,사위다,"Mogę wypalić, jeśli będzie trzeba.",Polish Core 3000 · 빈도 #2475 · verb · EN: (transitive) to burn up (destroy by burning) · KO revised 2026-08-14 · Example generated for quiz,"core3000,core-3000,verb"
2476,ano,네,"Ano, zobaczymy jutro.","Polish Core 3000 · 빈도 #2476 · particle · EN: yes, indeed · KO revised 2026-08-14 · Example generated for quiz","core3000,core-3000,particle"
2477,medycyna,약,To jest medycyna.,Polish Core 3000 · 빈도 #2477 · noun · EN: medicine (field of study) · KO revised 2026-08-14 · Example generated for quiz,"core3000,core-3000,noun"
2478,zaszczycić,해 주시다,"Mogę zaszczycić, jeśli będzie trzeba.",Polish Core 3000 · 빈도 #2478 · verb · EN: (transitive) to vouchsafe (to condescendingly grant a right) · KO revised 2026-08-14 · Example generated for quiz,"core3000,core-3000,verb"
2479,ukarać,벌주다,"Mogę ukarać, jeśli będzie trzeba.","Polish Core 3000 · 빈도 #2479 · verb · EN: (transitive) to penalise, to punish, to discipline · KO revised 2026-08-14 · Example generated for quiz","core3000,core-3000,verb"
2480,boisko,운동장 / 경기장,To jest boisko.,"Polish Core 3000 · 빈도 #2480 · noun · EN: (sports) pitch, field (field on which a sport is played) · KO revised 2026-08-14 · Example generated for quiz","core3000,core-3000,noun"
2481,rakieta,로켓,To jest rakieta.,"Polish Core 3000 · 빈도 #2481 · noun · EN: rocket, missile · KO revised 2026-08-14 · Example generated for quiz","core3000,core-3000,noun"
2482,klinika,대학병원 / 임상 병원,To jest klinika.,"Polish Core 3000 · 빈도 #2482 · noun · EN: teaching hospital, university hospital, clinical school · KO revised 2026-08-14 · Example generated for quiz","core3000,core-3000,noun"
2483,spłacić,치르다,"Mogę spłacić, jeśli będzie trzeba.","Polish Core 3000 · 빈도 #2483 · verb · EN: (transitive) to pay back, to pay off, to repay · KO revised 2026-08-14 · Example generated for quiz","core3000,core-3000,verb"
2484,AIDS,에이즈 / 후천성 면역결핍증,To jest AIDS.,Polish Core 3000 · 빈도 #2484 · noun · EN: AIDS (acquired immune deficiency syndrome) · KO revised 2026-08-14 · Example generated for quiz,"core3000,core-3000,noun"
2485,osolić,소금,"Mogę osolić, jeśli będzie trzeba.",Polish Core 3000 · 빈도 #2485 · verb · EN: (transitive) to salt (add salt to) · KO revised 2026-08-14 · Example generated for quiz,"core3000,core-3000,verb"
2486,zamach,휘두르기 / (다른 의미) 암살 시도,To jest zamach.,Polish Core 3000 · 빈도 #2486 · noun · EN: swing (movement of the body before throwing an object) · KO revised 2026-08-14 · Example generated for quiz,"core3000,core-3000,noun"
2487,nadajnik,발신기,To jest nadajnik.,Polish Core 3000 · 빈도 #2487 · noun · EN: transmitter (electronic device) · KO revised 2026-08-14 · Example generated for quiz,"core3000,core-3000,noun"
2488,obrazić,거슬리다,"Mogę obrazić, jeśli będzie trzeba.","Polish Core 3000 · 빈도 #2488 · verb · EN: (transitive) to offend, to upset · KO revised 2026-08-14 · Example generated for quiz","core3000,core-3000,verb"
2489,zachwycać,즐기다,"Mogę zachwycać, jeśli będzie trzeba.","Polish Core 3000 · 빈도 #2489 · verb · EN: (transitive) to delight, to charm · KO revised 2026-08-14 · Example generated for quiz","core3000,core-3000,verb"
2490,rytuał,풍습,To jest rytuał.,Polish Core 3000 · 빈도 #2490 · noun · EN: ritual · KO revised 2026-08-14 · Example generated for quiz,"core3000,core-3000,noun"
2491,zaginiony,없어진,W tekście pojawia się określenie „zaginiony”.,Polish Core 3000 · 빈도 #2491 · adj · EN: (usually of people) missing (unable to be found) · KO revised 2026-08-14 · Example generated for quiz,"core3000,core-3000,adj"
2492,przeważnie,대개,On robi to przeważnie.,"Polish Core 3000 · 빈도 #2492 · adv · EN: mostly, usually · KO revised 2026-08-14 · Example generated for quiz","core3000,core-3000,adv"
2493,Żyd,유대인,To jest Żyd.,Polish Core 3000 · 빈도 #2493 · noun · EN: Jew (a person with cultural or ancestral Jewish connections) · KO revised 2026-08-14 · Example generated for quiz,"core3000,core-3000,noun"
2494,zepsuć,망치다,"Mogę zepsuć, jeśli będzie trzeba.","Polish Core 3000 · 빈도 #2494 · verb · EN: (transitive) to ruin, to spoil · KO revised 2026-08-14 · Example generated for quiz","core3000,core-3000,verb"
2495,przestawać,공동시키다,"Mogę przestawać, jeśli będzie trzeba.","Polish Core 3000 · 빈도 #2495 · verb · EN: (auxiliary, intransitive) to stop doing something, to desist, to leave off · KO revised 2026-08-14 · Example generated for quiz","core3000,core-3000,verb"
2496,echo,메아리,To jest echo.,Polish Core 3000 · 빈도 #2496 · noun · EN: echo · KO revised 2026-08-14 · Example generated for quiz,"core3000,core-3000,noun"
2497,zawołać,부르다,"Mogę zawołać, jeśli będzie trzeba.","Polish Core 3000 · 빈도 #2497 · verb · EN: (transitive) to call, to hail (to cry or shout) · KO revised 2026-08-14 · Example generated for quiz","core3000,core-3000,verb"
2498,jejku,어,"Jejku, jakie to piękne!",Polish Core 3000 · 빈도 #2498 · intj · EN: oh · KO revised 2026-08-14 · Example generated for quiz,"core3000,core-3000,intj"
2499,podsłuch,벌레,To jest podsłuch.,"Polish Core 3000 · 빈도 #2499 · noun · EN: bug, wiretap (electronic listening device) · KO revised 2026-08-14 · Example generated for quiz","core3000,core-3000,noun"
2500,dogadać,빈정거리다 / 한마디 쏘아붙이다,"Mogę dogadać, jeśli będzie trzeba.","Polish Core 3000 · 빈도 #2500 · verb · EN: (transitive, colloquial) to jibe someone (say something unkind) · KO revised 2026-08-14 · Example generated for quiz","core3000,core-3000,verb"
2501,przewodniczący,가마꾼,To jest przewodniczący.,"Polish Core 3000 · 빈도 #2501 · noun · EN: chairman (a person who presides over a meeting, a board) · KO revised 2026-08-14 · Example generated for quiz","core3000,core-3000,noun"
2502,kolejność,명령,To jest kolejność.,"Polish Core 3000 · 빈도 #2502 · noun · EN: order, sequence · KO revised 2026-08-14 · Example generated for quiz","core3000,core-3000,noun"
2503,odpadać,나가다,"Mogę odpadać, jeśli będzie trzeba.","Polish Core 3000 · 빈도 #2503 · verb · EN: (intransitive) to fall off, to drop off · KO revised 2026-08-14 · Example generated for quiz","core3000,core-3000,verb"
2504,ulga,안도 / 완화,To jest ulga.,"Polish Core 3000 · 빈도 #2504 · noun · EN: (singular only) relief, alleviation · KO revised 2026-08-14 · Example generated for quiz","core3000,core-3000,noun"
2505,narodowy,국가의,W tekście pojawia się określenie „narodowy”.,Polish Core 3000 · 빈도 #2505 · adj · EN: (relational) national · KO revised 2026-08-14 · Example generated for quiz,"core3000,core-3000,adj"
2506,ujmować,움켜잡다,"Mogę ujmować, jeśli będzie trzeba.","Polish Core 3000 · 빈도 #2506 · verb · EN: (transitive) to grab, to seize · KO revised 2026-08-14 · Example generated for quiz","core3000,core-3000,verb"
2507,blok,만류하다,To jest blok.,Polish Core 3000 · 빈도 #2507 · noun · EN: block (cuboid piece of hard material) · KO revised 2026-08-14 · Example generated for quiz,"core3000,core-3000,noun"
2508,przegrać,실패하다,"Mogę przegrać, jeśli będzie trzeba.","Polish Core 3000 · 빈도 #2508 · verb · EN: (transitive, intransitive) to fail, to lose · KO revised 2026-08-14 · Example generated for quiz","core3000,core-3000,verb"
2509,piasek,모래,To jest piasek.,Polish Core 3000 · 빈도 #2509 · noun · EN: sand · KO revised 2026-08-14 · Example generated for quiz,"core3000,core-3000,noun"
2510,pojedynek,결투,To jest pojedynek.,Polish Core 3000 · 빈도 #2510 · noun · EN: duel · KO revised 2026-08-14 · Example generated for quiz,"core3000,core-3000,noun"
2511,śmiertelny,치사적인,W tekście pojawia się określenie „śmiertelny”.,"Polish Core 3000 · 빈도 #2511 · adj · EN: lethal, deadly (causing death) · KO revised 2026-08-14 · Example generated for quiz","core3000,core-3000,adj"
2512,ponieść,들다,"Mogę ponieść, jeśli będzie trzeba.",Polish Core 3000 · 빈도 #2512 · verb · EN: (transitive) to carry (to somewhere or for some period of time) · KO revised 2026-08-14 · Example generated for quiz,"core3000,core-3000,verb"
2513,makijaż,화장 / 메이크업,To jest makijaż.,Polish Core 3000 · 빈도 #2513 · noun · EN: make-up · KO revised 2026-08-14 · Example generated for quiz,"core3000,core-3000,noun"
2514,węgiel,카본지,To jest węgiel.,Polish Core 3000 · 빈도 #2514 · noun · EN: carbon · KO revised 2026-08-14 · Example generated for quiz,"core3000,core-3000,noun"
2515,sejf,무사,To jest sejf.,"Polish Core 3000 · 빈도 #2515 · noun · EN: lockbox, safe, strongbox (a box, usually made of metal, in which valuables can be locked for safekeeping) · KO revised 2026-08-14 · Example generated for quiz","core3000,core-3000,noun"
2516,przeciwnik,상대방,To jest przeciwnik.,"Polish Core 3000 · 빈도 #2516 · noun · EN: adversary, opponent · KO revised 2026-08-14 · Example generated for quiz","core3000,core-3000,noun"
2517,płata,급부,To jest płata.,Polish Core 3000 · 빈도 #2517 · noun · EN: (obsolete) payment (sum of money paid in exchange for goods or services) · KO revised 2026-08-14 · Example generated for quiz,"core3000,core-3000,noun"
2518,chirurg,군의관,To jest chirurg.,Polish Core 3000 · 빈도 #2518 · noun · EN: (medicine) surgeon · KO revised 2026-08-14 · Example generated for quiz,"core3000,core-3000,noun"
2519,odprowadzić,곁들이다,"Mogę odprowadzić, jeśli będzie trzeba.","Polish Core 3000 · 빈도 #2519 · verb · EN: (transitive) to lead away, to carry away · KO revised 2026-08-14 · Example generated for quiz","core3000,core-3000,verb"
2520,wrażliwy,민감한,W tekście pojawia się określenie „wrażliwy”.,"Polish Core 3000 · 빈도 #2520 · adj · EN: sensitive, tender, susceptible · KO revised 2026-08-14 · Example generated for quiz","core3000,core-3000,adj"
2521,teoretyczny,공론의,W tekście pojawia się określenie „teoretyczny”.,"Polish Core 3000 · 빈도 #2521 · adj · EN: theoretic, theoretical · KO revised 2026-08-14 · Example generated for quiz","core3000,core-3000,adj"
2522,gracz,경기자,To jest gracz.,Polish Core 3000 · 빈도 #2522 · noun · EN: (gaming) player (who plays any game) · KO revised 2026-08-14 · Example generated for quiz,"core3000,core-3000,noun"
2523,absurd,엉터리없는 일,To jest absurd.,"Polish Core 3000 · 빈도 #2523 · noun · EN: absurdity, nonsense · KO revised 2026-08-14 · Example generated for quiz","core3000,core-3000,noun"
2524,zupa,수프,To jest zupa.,Polish Core 3000 · 빈도 #2524 · noun · EN: soup · KO revised 2026-08-14 · Example generated for quiz,"core3000,core-3000,noun"
2525,konflikt,대립,To jest konflikt.,Polish Core 3000 · 빈도 #2525 · noun · EN: conflict · KO revised 2026-08-14 · Example generated for quiz,"core3000,core-3000,noun"
2526,buda,개집,To jest buda.,Polish Core 3000 · 빈도 #2526 · noun · EN: doghouse (shelter for a dog) · KO revised 2026-08-14 · Example generated for quiz,"core3000,core-3000,noun"
2527,zrzucić,넘어뜨리다,"Mogę zrzucić, jeśli będzie trzeba.","Polish Core 3000 · 빈도 #2527 · verb · EN: (transitive) to throw down, to cast off, to discard, to shed · KO revised 2026-08-14 · Example generated for quiz","core3000,core-3000,verb"
2528,ósmy,제8의,To ósmy przystanek.,Polish Core 3000 · 빈도 #2528 · num · EN: eighth · KO revised 2026-08-14 · Example generated for quiz,"core3000,core-3000,num"
2529,sesja,회의,To jest sesja.,"Polish Core 3000 · 빈도 #2529 · noun · EN: meeting, session (meeting of a body to conduct business) · KO revised 2026-08-14 · Example generated for quiz","core3000,core-3000,noun"
2530,port,항구,To jest port.,"Polish Core 3000 · 빈도 #2530 · noun · EN: port, harbour (area for ships) · KO revised 2026-08-14 · Example generated for quiz","core3000,core-3000,noun"
2531,zdrada,반역,To jest zdrada.,"Polish Core 3000 · 빈도 #2531 · noun · EN: treason, betrayal · KO revised 2026-08-14 · Example generated for quiz","core3000,core-3000,noun"
2532,przelecieć,하다,"Mogę przelecieć, jeśli będzie trzeba.",Polish Core 3000 · 빈도 #2532 · verb · EN: (intransitive) to fly from one place to another [+instrumental = on some machine] · KO revised 2026-08-14 · Example generated for quiz,"core3000,core-3000,verb"
2533,świecić,비치다,"Mogę świecić, jeśli będzie trzeba.","Polish Core 3000 · 빈도 #2533 · verb · EN: (intransitive, optionally reflexive) to shine · KO revised 2026-08-14 · Example generated for quiz","core3000,core-3000,verb"
2534,tablica,칠판,To jest tablica.,"Polish Core 3000 · 빈도 #2534 · noun · EN: (education) blackboard, chalkboard, whiteboard, writing board (surface that can be written upon) · KO revised 2026-08-14 · Example generated for quiz","core3000,core-3000,noun"
2535,pokolenie,세대,To jest pokolenie.,"Polish Core 3000 · 빈도 #2535 · noun · EN: generation (a period of around thirty years, the average amount of time before a child takes the place of its parents) · KO revised 2026-08-14 · Example generated for quiz","core3000,core-3000,noun"
2536,gryźć,물다,"Mogę gryźć, jeśli będzie trzeba.",Polish Core 3000 · 빈도 #2536 · verb · EN: (transitive) to bite · KO revised 2026-08-14 · Example generated for quiz,"core3000,core-3000,verb"
2537,procedura,절차,To jest procedura.,Polish Core 3000 · 빈도 #2537 · noun · EN: procedure (particular method for performing a task) · KO revised 2026-08-14 · Example generated for quiz,"core3000,core-3000,noun"
2538,narzeczony,약혼자(남성),To jest narzeczony.,Polish Core 3000 · 빈도 #2538 · noun · EN: fiancé · KO revised 2026-08-14 · Example generated for quiz,"core3000,core-3000,noun"
2539,zjazd,전통,To jest zjazd.,"Polish Core 3000 · 빈도 #2539 · noun · EN: convention, congress, reunion · KO revised 2026-08-14 · Example generated for quiz","core3000,core-3000,noun"
2540,przygoda,모험,To jest przygoda.,Polish Core 3000 · 빈도 #2540 · noun · EN: adventure (the encountering of risks) · KO revised 2026-08-14 · Example generated for quiz,"core3000,core-3000,noun"
2541,przedmiot,제목,To jest przedmiot.,Polish Core 3000 · 빈도 #2541 · noun · EN: subject (particular area of study) · KO revised 2026-08-14 · Example generated for quiz,"core3000,core-3000,noun"
2542,miodowy,발림말하다,W tekście pojawia się określenie „miodowy”.,Polish Core 3000 · 빈도 #2542 · adj · EN: (relational) honey · KO revised 2026-08-14 · Example generated for quiz,"core3000,core-3000,adj"
2543,częściowy,일부의,W tekście pojawia się określenie „częściowy”.,Polish Core 3000 · 빈도 #2543 · adj · EN: partial (existing only as a part of something) · KO revised 2026-08-14 · Example generated for quiz,"core3000,core-3000,adj"
2544,wysiłek,노력,To jest wysiłek.,Polish Core 3000 · 빈도 #2544 · noun · EN: effort (the amount of work involved in achieving something) · KO revised 2026-08-14 · Example generated for quiz,"core3000,core-3000,noun"
2545,naczynie,맥관,To jest naczynie.,"Polish Core 3000 · 빈도 #2545 · noun · EN: vessel, dish (container) · KO revised 2026-08-14 · Example generated for quiz","core3000,core-3000,noun"
2546,publiczny,공중의,W tekście pojawia się określenie „publiczny”.,Polish Core 3000 · 빈도 #2546 · adj · EN: public · KO revised 2026-08-14 · Example generated for quiz,"core3000,core-3000,adj"
2547,płeć,성교,To jest płeć.,"Polish Core 3000 · 빈도 #2547 · noun · EN: sex, gender (kind of an organism as determined by its reproductive organs) · KO revised 2026-08-14 · Example generated for quiz","core3000,core-3000,noun"
2548,środowisko,사위,To jest środowisko.,Polish Core 3000 · 빈도 #2548 · noun · EN: environment (area around something) · KO revised 2026-08-14 · Example generated for quiz,"core3000,core-3000,noun"
2549,delta,삼각주,To jest delta.,"Polish Core 3000 · 빈도 #2549 · noun · EN: delta (Greek letter Δ, δ) · KO revised 2026-08-14 · Example generated for quiz","core3000,core-3000,noun"
2550,motor,애마,To jest motor.,Polish Core 3000 · 빈도 #2550 · noun · EN: (colloquial) motorcycle · KO revised 2026-08-14 · Example generated for quiz,"core3000,core-3000,noun"
2551,ekran,화면,To jest ekran.,"Polish Core 3000 · 빈도 #2551 · noun · EN: screen (TV, monitor) · KO revised 2026-08-14 · Example generated for quiz","core3000,core-3000,noun"
2552,porozumiewać,전염시키다,"Mogę porozumiewać, jeśli będzie trzeba.",Polish Core 3000 · 빈도 #2552 · verb · EN: (reflexive) to communicate · KO revised 2026-08-14 · Example generated for quiz,"core3000,core-3000,verb"
2553,reprezentować,상연하다,"Mogę reprezentować, jeśli będzie trzeba.","Polish Core 3000 · 빈도 #2553 · verb · EN: (transitive) to represent (to stand in the place of, act on behalf of) · KO revised 2026-08-14 · Example generated for quiz","core3000,core-3000,verb"
2554,odczyt,독서,To jest odczyt.,"Polish Core 3000 · 빈도 #2554 · noun · EN: reading (event where something is read aloud); lecture, prelection · KO revised 2026-08-14 · Example generated for quiz","core3000,core-3000,noun"
2555,nieprzytomny,의식이 없는 / 기절한,W tekście pojawia się określenie „nieprzytomny”.,Polish Core 3000 · 빈도 #2555 · adj · EN: unconscious · KO revised 2026-08-14 · Example generated for quiz,"core3000,core-3000,adj"
2556,odwrotny,마주보는,W tekście pojawia się określenie „odwrotny”.,Polish Core 3000 · 빈도 #2556 · adj · EN: opposite (of either of two complementary or mutually exclusive things) · KO revised 2026-08-14 · Example generated for quiz,"core3000,core-3000,adj"
2557,granda,줄,To jest granda.,"Polish Core 3000 · 빈도 #2557 · noun · EN: (colloquial) row, brawl, fracas · KO revised 2026-08-14 · Example generated for quiz","core3000,core-3000,noun"
2558,krąg,반지,To jest krąg.,"Polish Core 3000 · 빈도 #2558 · noun · EN: ring, loop · KO revised 2026-08-14 · Example generated for quiz","core3000,core-3000,noun"
2559,prezes,가마꾼,To jest prezes.,"Polish Core 3000 · 빈도 #2559 · noun · EN: chairman, president (the primary leader of a corporation) · KO revised 2026-08-14 · Example generated for quiz","core3000,core-3000,noun"
2560,odesłać,보내다,"Mogę odesłać, jeśli będzie trzeba.","Polish Core 3000 · 빈도 #2560 · verb · EN: (transitive) to send away, to dismiss · KO revised 2026-08-14 · Example generated for quiz","core3000,core-3000,verb"
2561,lokal,사무실,To jest lokal.,"Polish Core 3000 · 빈도 #2561 · noun · EN: rented real estate, especially a room in a larger building, such as a dwelling, office, or shop · KO revised 2026-08-14 · Example generated for quiz","core3000,core-3000,noun"
2562,bielizna,속옷,To jest bielizna.,"Polish Core 3000 · 빈도 #2562 · noun · EN: underwear, undergarments, lingerie · KO revised 2026-08-14 · Example generated for quiz","core3000,core-3000,noun"
2563,swobodny,자유로운 / 편안한,W tekście pojawia się określenie „swobodny”.,Polish Core 3000 · 빈도 #2563 · adj · EN: free · KO revised 2026-08-14 · Example generated for quiz,"core3000,core-3000,adj"
2564,martini,마르티니,To jest martini.,Polish Core 3000 · 빈도 #2564 · noun · EN: martini (cocktail) · KO revised 2026-08-14 · Example generated for quiz,"core3000,core-3000,noun"
2565,marzec,삼월,To jest marzec.,Polish Core 3000 · 빈도 #2565 · noun · EN: March (month) · KO revised 2026-08-14 · Example generated for quiz,"core3000,core-3000,noun"
2566,plik,파일,To jest plik.,Polish Core 3000 · 빈도 #2566 · noun · EN: file (collection of papers) · KO revised 2026-08-14 · Example generated for quiz,"core3000,core-3000,noun"
2567,pył,먼지,To jest pył.,Polish Core 3000 · 빈도 #2567 · noun · EN: dust · KO revised 2026-08-14 · Example generated for quiz,"core3000,core-3000,noun"
2568,ninja,닌자,To jest ninja.,Polish Core 3000 · 빈도 #2568 · noun · EN: ninja · KO revised 2026-08-14 · Example generated for quiz,"core3000,core-3000,noun"
2569,inteligentny,슬기롭다,W tekście pojawia się określenie „inteligentny”.,Polish Core 3000 · 빈도 #2569 · adj · EN: intelligent · KO revised 2026-08-14 · Example generated for quiz,"core3000,core-3000,adj"
2570,oblicze,얼굴,To jest oblicze.,Polish Core 3000 · 빈도 #2570 · noun · EN: face · KO revised 2026-08-14 · Example generated for quiz,"core3000,core-3000,noun"
2571,incydent,사건,To jest incydent.,Polish Core 3000 · 빈도 #2571 · noun · EN: incident (event causing interruption or crisis) · KO revised 2026-08-14 · Example generated for quiz,"core3000,core-3000,noun"
2572,jakość,질,To jest jakość.,Polish Core 3000 · 빈도 #2572 · noun · EN: quality (level of excellence) · KO revised 2026-08-14 · Example generated for quiz,"core3000,core-3000,noun"
2573,oszczędzić,살리다,"Mogę oszczędzić, jeśli będzie trzeba.","Polish Core 3000 · 빈도 #2573 · verb · EN: (transitive) to spare, to save · KO revised 2026-08-14 · Example generated for quiz","core3000,core-3000,verb"
2574,okrutny,모질다,W tekście pojawia się określenie „okrutny”.,Polish Core 3000 · 빈도 #2574 · adj · EN: cruel · KO revised 2026-08-14 · Example generated for quiz,"core3000,core-3000,adj"
2575,ręczny,손의,W tekście pojawia się określenie „ręczny”.,"Polish Core 3000 · 빈도 #2575 · adj · EN: (relational) manual, hand · KO revised 2026-08-14 · Example generated for quiz","core3000,core-3000,adj"
2576,naleśnik,고형분,To jest naleśnik.,"Polish Core 3000 · 빈도 #2576 · noun · EN: pancake, crepe (thin, small pancakes) · KO revised 2026-08-14 · Example generated for quiz","core3000,core-3000,noun"
2577,oszczędność,경제,To jest oszczędność.,"Polish Core 3000 · 빈도 #2577 · noun · EN: thriftiness, frugality · KO revised 2026-08-14 · Example generated for quiz","core3000,core-3000,noun"
2578,karabin,강선,To jest karabin.,Polish Core 3000 · 빈도 #2578 · noun · EN: rifle · KO revised 2026-08-14 · Example generated for quiz,"core3000,core-3000,noun"
2579,bieżący,흐름,W tekście pojawia się określenie „bieżący”.,Polish Core 3000 · 빈도 #2579 · adj · EN: current (existing or occurring at the moment) · KO revised 2026-08-14 · Example generated for quiz,"core3000,core-3000,adj"
2580,dawka,복용시키다,To jest dawka.,"Polish Core 3000 · 빈도 #2580 · noun · EN: (pharmacology) dose, dosage (measured portion of medicine) · KO revised 2026-08-14 · Example generated for quiz","core3000,core-3000,noun"
2581,roślina,식물,To jest roślina.,Polish Core 3000 · 빈도 #2581 · noun · EN: plant (living organism) · KO revised 2026-08-14 · Example generated for quiz,"core3000,core-3000,noun"
2582,gra,게임 / 놀이 / 경기,To jest gra.,Polish Core 3000 · 빈도 #2582 · noun · EN: play · KO revised 2026-08-14 · Example generated for quiz,"core3000,core-3000,noun"
2583,zaprowadzić,이끌다,"Mogę zaprowadzić, jeśli będzie trzeba.","Polish Core 3000 · 빈도 #2583 · verb · EN: (transitive) to guide, to conduct, to show (bring to a specified location) · KO revised 2026-08-14 · Example generated for quiz","core3000,core-3000,verb"
2584,wojownik,무사,To jest wojownik.,Polish Core 3000 · 빈도 #2584 · noun · EN: warrior · KO revised 2026-08-14 · Example generated for quiz,"core3000,core-3000,noun"
2585,pięćdziesiąt,오십,To kosztuje pięćdziesiąt złotych.,Polish Core 3000 · 빈도 #2585 · num · EN: fifty · KO revised 2026-08-14 · Example generated for quiz,"core3000,core-3000,num"
2586,specjalność,전공,To jest specjalność.,Polish Core 3000 · 빈도 #2586 · noun · EN: specialty (special object or class of objects) · KO revised 2026-08-14 · Example generated for quiz,"core3000,core-3000,noun"
2587,ziom,친구,To jest ziom.,"Polish Core 3000 · 빈도 #2587 · noun · EN: (slang) homie, bro, friend · KO revised 2026-08-14 · Example generated for quiz","core3000,core-3000,noun"
2588,klątwa,저주,To jest klątwa.,"Polish Core 3000 · 빈도 #2588 · noun · EN: (Christianity) anathema, excommunication · KO revised 2026-08-14 · Example generated for quiz","core3000,core-3000,noun"
2589,podejrzeć,몰래 엿보다 / 훔쳐보다,"Mogę podejrzeć, jeśli będzie trzeba.",Polish Core 3000 · 빈도 #2589 · verb · EN: (transitive) to peep at (look at furtively) · KO revised 2026-08-14 · Example generated for quiz,"core3000,core-3000,verb"
2590,pomieszczać,적응시키다,"Mogę pomieszczać, jeśli będzie trzeba.","Polish Core 3000 · 빈도 #2590 · verb · EN: (transitive) to accommodate, to hold, to seat, to house · KO revised 2026-08-14 · Example generated for quiz","core3000,core-3000,verb"
2591,podatek,세금,To jest podatek.,Polish Core 3000 · 빈도 #2591 · noun · EN: tax · KO revised 2026-08-14 · Example generated for quiz,"core3000,core-3000,noun"
2592,cukierek,사탕,To jest cukierek.,"Polish Core 3000 · 빈도 #2592 · noun · EN: sweet, candy (sugary confection) · KO revised 2026-08-14 · Example generated for quiz","core3000,core-3000,noun"
2593,rozgryźć,깨물어 부수다 / (비유) 이해해 내다,"Mogę rozgryźć, jeśli będzie trzeba.","Polish Core 3000 · 빈도 #2593 · verb · EN: (transitive) to tear apart by biting, to break apart by biting · KO revised 2026-08-14 · Example generated for quiz","core3000,core-3000,verb"
2594,skandal,반감,To jest skandal.,Polish Core 3000 · 빈도 #2594 · noun · EN: scandal (incident that brings disgrace) · KO revised 2026-08-14 · Example generated for quiz,"core3000,core-3000,noun"
2595,dodzwonić,닿다,"Mogę dodzwonić, jeśli będzie trzeba.","Polish Core 3000 · 빈도 #2595 · verb · EN: (reflexive) to get through to, to reach (especially by telephone) · KO revised 2026-08-14 · Example generated for quiz","core3000,core-3000,verb"
2596,reagować,응수하다,"Mogę reagować, jeśli będzie trzeba.",Polish Core 3000 · 빈도 #2596 · verb · EN: (intransitive) to respond (to act in return) [+ na (accustive) = to something] · KO revised 2026-08-14 · Example generated for quiz,"core3000,core-3000,verb"
2597,głuchy,귀머거리의,W tekście pojawia się określenie „głuchy”.,Polish Core 3000 · 빈도 #2597 · adj · EN: deaf · KO revised 2026-08-14 · Example generated for quiz,"core3000,core-3000,adj"
2598,produkt,상품,To jest produkt.,Polish Core 3000 · 빈도 #2598 · noun · EN: product (commodity for sale) · KO revised 2026-08-14 · Example generated for quiz,"core3000,core-3000,noun"
2599,przytrzymać,안다,"Mogę przytrzymać, jeśli będzie trzeba.","Polish Core 3000 · 빈도 #2599 · verb · EN: (transitive) to hold, to keep in place · KO revised 2026-08-14 · Example generated for quiz","core3000,core-3000,verb"
2600,wybrzeże,해안,To jest wybrzeże.,Polish Core 3000 · 빈도 #2600 · noun · EN: coast (shoreline) · KO revised 2026-08-14 · Example generated for quiz,"core3000,core-3000,noun"
2601,teatr,극장 / 연극 극장,To jest teatr.,Polish Core 3000 · 빈도 #2601 · noun · EN: theatre (building) · KO revised 2026-08-14 · Example generated for quiz,"core3000,core-3000,noun"
2602,kredyt,대출 / 신용,To jest kredyt.,Polish Core 3000 · 빈도 #2602 · noun · EN: installment loan · KO revised 2026-08-14 · Example generated for quiz,"core3000,core-3000,noun"
2603,odprężać,이완하다,"Mogę odprężać, jeśli będzie trzeba.",Polish Core 3000 · 빈도 #2603 · verb · EN: (transitive) to slacken (to make less taut) · KO revised 2026-08-14 · Example generated for quiz,"core3000,core-3000,verb"
2604,zwiększyć,증가하다,"Mogę zwiększyć, jeśli będzie trzeba.","Polish Core 3000 · 빈도 #2604 · verb · EN: (transitive) to increase, to expand, to boost · KO revised 2026-08-14 · Example generated for quiz","core3000,core-3000,verb"
2605,tron,옥좌,To jest tron.,Polish Core 3000 · 빈도 #2605 · noun · EN: throne · KO revised 2026-08-14 · Example generated for quiz,"core3000,core-3000,noun"
2606,baseball,야구,To jest baseball.,Polish Core 3000 · 빈도 #2606 · noun · EN: baseball · KO revised 2026-08-14 · Example generated for quiz,"core3000,core-3000,noun"
2607,opona,타이어,To jest opona.,"Polish Core 3000 · 빈도 #2607 · noun · EN: tyre, tire (wheel covering) · KO revised 2026-08-14 · Example generated for quiz","core3000,core-3000,noun"
2608,kąt,코너,To jest kąt.,Polish Core 3000 · 빈도 #2608 · noun · EN: corner (space in the angle between converging lines or walls which meet in a point) · KO revised 2026-08-14 · Example generated for quiz,"core3000,core-3000,noun"
2609,spisek,음모,To jest spisek.,"Polish Core 3000 · 빈도 #2609 · noun · EN: plot, conspiracy · KO revised 2026-08-14 · Example generated for quiz","core3000,core-3000,noun"
2610,porażka,실패,To jest porażka.,Polish Core 3000 · 빈도 #2610 · noun · EN: failure · KO revised 2026-08-14 · Example generated for quiz,"core3000,core-3000,noun"
2611,przebić,사무치다,"Mogę przebić, jeśli będzie trzeba.",Polish Core 3000 · 빈도 #2611 · verb · EN: (transitive) to pierce · KO revised 2026-08-14 · Example generated for quiz,"core3000,core-3000,verb"
2612,podążać,뒤따르다,"Mogę podążać, jeśli będzie trzeba.","Polish Core 3000 · 빈도 #2612 · verb · EN: (intransitive) to follow, to go in the same direction · KO revised 2026-08-14 · Example generated for quiz","core3000,core-3000,verb"
2613,frajer,유반류,To jest frajer.,"Polish Core 3000 · 빈도 #2613 · noun · EN: (colloquial, derogatory) sucker, mug, chump · KO revised 2026-08-14 · Example generated for quiz","core3000,core-3000,noun"
2614,tempo,박자,To jest tempo.,Polish Core 3000 · 빈도 #2614 · noun · EN: tempo (frequency or rate) · KO revised 2026-08-14 · Example generated for quiz,"core3000,core-3000,noun"
2615,czerwiec,유월,To jest czerwiec.,Polish Core 3000 · 빈도 #2615 · noun · EN: June (month) · KO revised 2026-08-14 · Example generated for quiz,"core3000,core-3000,noun"
2616,rura,관악기,To jest rura.,"Polish Core 3000 · 빈도 #2616 · noun · EN: pipe, tube · KO revised 2026-08-14 · Example generated for quiz","core3000,core-3000,noun"
2617,odezwać,말을 꺼내다 / 입을 열다 / 연락하다,"Mogę odezwać, jeśli będzie trzeba.","Polish Core 3000 · 빈도 #2617 · verb · EN: (reflexive) to speak up, to speak out, to assert oneself, to reach out · KO revised 2026-08-14 · Example generated for quiz","core3000,core-3000,verb"
2618,rozsądek,까닭,To jest rozsądek.,Polish Core 3000 · 빈도 #2618 · noun · EN: reason (capacity of thinking) · KO revised 2026-08-14 · Example generated for quiz,"core3000,core-3000,noun"
2619,kieliszek,잔,To jest kieliszek.,Polish Core 3000 · 빈도 #2619 · noun · EN: wine glass · KO revised 2026-08-14 · Example generated for quiz,"core3000,core-3000,noun"
2620,żądać,요구하다,"Mogę żądać, jeśli będzie trzeba.",Polish Core 3000 · 빈도 #2620 · verb · EN: (transitive) to demand [+ genitive] · KO revised 2026-08-14 · Example generated for quiz,"core3000,core-3000,verb"
2621,zysk,이익,To jest zysk.,Polish Core 3000 · 빈도 #2621 · noun · EN: profit · KO revised 2026-08-14 · Example generated for quiz,"core3000,core-3000,noun"
2622,społeczny,사회적인,W tekście pojawia się określenie „społeczny”.,Polish Core 3000 · 빈도 #2622 · adj · EN: social · KO revised 2026-08-14 · Example generated for quiz,"core3000,core-3000,adj"
2623,odpoczynek,나머지,To jest odpoczynek.,Polish Core 3000 · 빈도 #2623 · noun · EN: rest (relief from exertion) · KO revised 2026-08-14 · Example generated for quiz,"core3000,core-3000,noun"
2624,poprowadzić,이끌다 / 안내하다,"Mogę poprowadzić, jeśli będzie trzeba.","Polish Core 3000 · 빈도 #2624 · verb · EN: (transitive) to go along, to guide · KO revised 2026-08-14 · Example generated for quiz","core3000,core-3000,verb"
2625,zabieg,재다,To jest zabieg.,Polish Core 3000 · 빈도 #2625 · noun · EN: measure (course of action) · KO revised 2026-08-14 · Example generated for quiz,"core3000,core-3000,noun"
2626,zaryzykować,감행하다,"Mogę zaryzykować, jeśli będzie trzeba.",Polish Core 3000 · 빈도 #2626 · verb · EN: (intransitive) to risk · KO revised 2026-08-14 · Example generated for quiz,"core3000,core-3000,verb"
2627,przywieźć,차로 가져오다 / 데려오다,"Mogę przywieźć, jeśli będzie trzeba.","Polish Core 3000 · 빈도 #2627 · verb · EN: (transitive, automotive, transport) to deliver something to someone or somewhere by carrying · KO revised 2026-08-14 · Example generated for quiz","core3000,core-3000,verb"
2628,promień,광선,To jest promień.,"Polish Core 3000 · 빈도 #2628 · noun · EN: ray, beam · KO revised 2026-08-14 · Example generated for quiz","core3000,core-3000,noun"
2629,wrzucić,던져 넣다 / 집어넣다,"Mogę wrzucić, jeśli będzie trzeba.",Polish Core 3000 · 빈도 #2629 · verb · EN: (transitive) to throw in · KO revised 2026-08-14 · Example generated for quiz,"core3000,core-3000,verb"
2630,regularny,규칙적인 / 정기적인,W tekście pojawia się określenie „regularny”.,Polish Core 3000 · 빈도 #2630 · adj · EN: regular · KO revised 2026-08-14 · Example generated for quiz,"core3000,core-3000,adj"
2631,obrót,굴곡부,To jest obrót.,"Polish Core 3000 · 빈도 #2631 · noun · EN: turn, rotation, revolution (turning of an object around an axis) · KO revised 2026-08-14 · Example generated for quiz","core3000,core-3000,noun"
2632,żółty,노란색의,W tekście pojawia się określenie „żółty”.,Polish Core 3000 · 빈도 #2632 · adj · EN: yellow · KO revised 2026-08-14 · Example generated for quiz,"core3000,core-3000,adj"
2633,obserwacja,감시,To jest obserwacja.,Polish Core 3000 · 빈도 #2633 · noun · EN: observation (act of observing or being observed) · KO revised 2026-08-14 · Example generated for quiz,"core3000,core-3000,noun"
2634,cenny,귀중한,W tekście pojawia się określenie „cenny”.,"Polish Core 3000 · 빈도 #2634 · adj · EN: precious, valuable · KO revised 2026-08-14 · Example generated for quiz","core3000,core-3000,adj"
2635,zawdzięczać,힘입다,"Mogę zawdzięczać, jeśli będzie trzeba.",Polish Core 3000 · 빈도 #2635 · verb · EN: (intransitive) to owe (to be under an obligation) · KO revised 2026-08-14 · Example generated for quiz,"core3000,core-3000,verb"
2636,wzgórze,언덕,To jest wzgórze.,Polish Core 3000 · 빈도 #2636 · noun · EN: hill (elevated location) · KO revised 2026-08-14 · Example generated for quiz,"core3000,core-3000,noun"
2637,świta,측근,To jest świta.,"Polish Core 3000 · 빈도 #2637 · noun · EN: entourage, retinue (group of servants) · KO revised 2026-08-14 · Example generated for quiz","core3000,core-3000,noun"
2638,festiwal,축제,To jest festiwal.,Polish Core 3000 · 빈도 #2638 · noun · EN: festival · KO revised 2026-08-14 · Example generated for quiz,"core3000,core-3000,noun"
2639,zawartość,내용,To jest zawartość.,Polish Core 3000 · 빈도 #2639 · noun · EN: contents · KO revised 2026-08-14 · Example generated for quiz,"core3000,core-3000,noun"
2640,religia,종교,To jest religia.,Polish Core 3000 · 빈도 #2640 · noun · EN: religion · KO revised 2026-08-14 · Example generated for quiz,"core3000,core-3000,noun"
2641,wykopać,파다,"Mogę wykopać, jeśli będzie trzeba.","Polish Core 3000 · 빈도 #2641 · verb · EN: (transitive) to dig (e.g., a hole) · KO revised 2026-08-14 · Example generated for quiz","core3000,core-3000,verb"
2642,czapka,두겁,To jest czapka.,Polish Core 3000 · 빈도 #2642 · noun · EN: cap (headwear) · KO revised 2026-08-14 · Example generated for quiz,"core3000,core-3000,noun"
2643,naruszać,강간하다,"Mogę naruszać, jeśli będzie trzeba.","Polish Core 3000 · 빈도 #2643 · verb · EN: (transitive) to violate, to contravene, to infringe · KO revised 2026-08-14 · Example generated for quiz","core3000,core-3000,verb"
2644,dyspozycja,명령,To jest dyspozycja.,"Polish Core 3000 · 빈도 #2644 · noun · EN: order, instruction · KO revised 2026-08-14 · Example generated for quiz","core3000,core-3000,noun"
2645,guma,고무,To jest guma.,Polish Core 3000 · 빈도 #2645 · noun · EN: rubber (substance) · KO revised 2026-08-14 · Example generated for quiz,"core3000,core-3000,noun"
2646,chan,대상의 숙사,To jest chan.,Polish Core 3000 · 빈도 #2646 · noun · EN: khan (ruler) · KO revised 2026-08-14 · Example generated for quiz,"core3000,core-3000,noun"
2647,miara,재다,To jest miara.,Polish Core 3000 · 빈도 #2647 · noun · EN: measure · KO revised 2026-08-14 · Example generated for quiz,"core3000,core-3000,noun"
2648,październik,시월,To jest październik.,Polish Core 3000 · 빈도 #2648 · noun · EN: October (month) · KO revised 2026-08-14 · Example generated for quiz,"core3000,core-3000,noun"
2649,makaron,파스타 / 면,To jest makaron.,Polish Core 3000 · 빈도 #2649 · noun · EN: pasta (dough) · KO revised 2026-08-14 · Example generated for quiz,"core3000,core-3000,noun"
2650,którędy,어느 길로 / 어디로,Którędy dojść do dworca?,"Polish Core 3000 · 빈도 #2650 · pron · EN: which way, in what direction, whichaway · KO revised 2026-08-14 · Example generated for quiz","core3000,core-3000,pron"
2651,kropka,점재,To jest kropka.,Polish Core 3000 · 빈도 #2651 · noun · EN: dot · KO revised 2026-08-14 · Example generated for quiz,"core3000,core-3000,noun"
2652,nastawiać,정하다,"Mogę nastawiać, jeśli będzie trzeba.","Polish Core 3000 · 빈도 #2652 · verb · EN: (transitive) to set, to adjust, to regulate · KO revised 2026-08-14 · Example generated for quiz","core3000,core-3000,verb"
2653,kosmiczny,질서있는,W tekście pojawia się określenie „kosmiczny”.,Polish Core 3000 · 빈도 #2653 · adj · EN: cosmic · KO revised 2026-08-14 · Example generated for quiz,"core3000,core-3000,adj"
2654,wiedźma,마녀,To jest wiedźma.,"Polish Core 3000 · 빈도 #2654 · noun · EN: witch, hag · KO revised 2026-08-14 · Example generated for quiz","core3000,core-3000,noun"
2655,niezręczny,서투른,W tekście pojawia się określenie „niezręczny”.,"Polish Core 3000 · 빈도 #2655 · adj · EN: unskillful, inept · KO revised 2026-08-14 · Example generated for quiz","core3000,core-3000,adj"
2656,apetyt,밥맛,To jest apetyt.,Polish Core 3000 · 빈도 #2656 · noun · EN: appetite (hunger for food) [+ na (accusative) = for what] · KO revised 2026-08-14 · Example generated for quiz,"core3000,core-3000,noun"
2657,halucynacja,착각,To jest halucynacja.,Polish Core 3000 · 빈도 #2657 · noun · EN: hallucination · KO revised 2026-08-14 · Example generated for quiz,"core3000,core-3000,noun"
2658,wielokrotny,다중,W tekście pojawia się określenie „wielokrotny”.,"Polish Core 3000 · 빈도 #2658 · adj · EN: multiple, repeated · KO revised 2026-08-14 · Example generated for quiz","core3000,core-3000,adj"
2659,psychiczny,정신의,W tekście pojawia się określenie „psychiczny”.,"Polish Core 3000 · 빈도 #2659 · adj · EN: mental, psychical, psychological (relating to the mind) · KO revised 2026-08-14 · Example generated for quiz","core3000,core-3000,adj"
2660,cywilizacja,문명,To jest cywilizacja.,Polish Core 3000 · 빈도 #2660 · noun · EN: civilization · KO revised 2026-08-14 · Example generated for quiz,"core3000,core-3000,noun"
2661,finansowy,금융,W tekście pojawia się określenie „finansowy”.,Polish Core 3000 · 빈도 #2661 · adj · EN: financial · KO revised 2026-08-14 · Example generated for quiz,"core3000,core-3000,adj"
2662,zagubić,잃다,"Mogę zagubić, jeśli będzie trzeba.","Polish Core 3000 · 빈도 #2662 · verb · EN: (transitive) to lose, to misplace · KO revised 2026-08-14 · Example generated for quiz","core3000,core-3000,verb"
2663,kwietny,꽃의,W tekście pojawia się określenie „kwietny”.,"Polish Core 3000 · 빈도 #2663 · adj · EN: (poetic) floral, flowery (covered, decorated with flowers) · KO revised 2026-08-14 · Example generated for quiz","core3000,core-3000,adj"
2664,ryć,파다,"Mogę ryć, jeśli będzie trzeba.","Polish Core 3000 · 빈도 #2664 · verb · EN: (transitive) to dig, to burrow · KO revised 2026-08-14 · Example generated for quiz","core3000,core-3000,verb"
2665,narodziny,탄생,To jest narodziny.,Polish Core 3000 · 빈도 #2665 · noun · EN: birth · KO revised 2026-08-14 · Example generated for quiz,"core3000,core-3000,noun"
2666,mrok,어둠,To jest mrok.,Polish Core 3000 · 빈도 #2666 · noun · EN: darkness · KO revised 2026-08-14 · Example generated for quiz,"core3000,core-3000,noun"
2667,depresja,불황,To jest depresja.,Polish Core 3000 · 빈도 #2667 · noun · EN: depression (state of mind producing serious long-term lowering of enjoyment) · KO revised 2026-08-14 · Example generated for quiz,"core3000,core-3000,noun"
2668,czwórka,아라비아 숫자,To jest czwórka.,Polish Core 3000 · 빈도 #2668 · noun · EN: the digit/figure 4 · KO revised 2026-08-14 · Example generated for quiz,"core3000,core-3000,noun"
2669,smród,악취,To jest smród.,"Polish Core 3000 · 빈도 #2669 · noun · EN: stink, stench · KO revised 2026-08-14 · Example generated for quiz","core3000,core-3000,noun"
2670,wymówka,핑계,To jest wymówka.,"Polish Core 3000 · 빈도 #2670 · noun · EN: (informal) excuse, pretext; an invented reason for not doing something · KO revised 2026-08-14 · Example generated for quiz","core3000,core-3000,noun"
2671,amunicja,공격수단,To jest amunicja.,"Polish Core 3000 · 빈도 #2671 · noun · EN: ammunition, ammo (articles used in charging firearms) · KO revised 2026-08-14 · Example generated for quiz","core3000,core-3000,noun"
2672,świr,견과,To jest świr.,Polish Core 3000 · 빈도 #2672 · noun · EN: (colloquial) nut; nutjob; crackpot; maniac · KO revised 2026-08-14 · Example generated for quiz,"core3000,core-3000,noun"
2673,wstęp,입력,To jest wstęp.,"Polish Core 3000 · 빈도 #2673 · noun · EN: entry, admission, admittance (permission to enter) · KO revised 2026-08-14 · Example generated for quiz","core3000,core-3000,noun"
2674,protokół,분,To jest protokół.,"Polish Core 3000 · 빈도 #2674 · noun · EN: minutes, transcript (record of meeting) · KO revised 2026-08-14 · Example generated for quiz","core3000,core-3000,noun"
2675,stado,무리 / 떼,To jest stado.,"Polish Core 3000 · 빈도 #2675 · noun · EN: herd, flock (group of sheep, birds etc) · KO revised 2026-08-14 · Example generated for quiz","core3000,core-3000,noun"
2676,świadomy,지각이 있는,W tekście pojawia się określenie „świadomy”.,Polish Core 3000 · 빈도 #2676 · adj · EN: conscious (aware of one's existence) · KO revised 2026-08-14 · Example generated for quiz,"core3000,core-3000,adj"
2677,nalegać,역설하다,"Mogę nalegać, jeśli będzie trzeba.",Polish Core 3000 · 빈도 #2677 · verb · EN: (intransitive) to insist (demand continually that something should happen or be done) · KO revised 2026-08-14 · Example generated for quiz,"core3000,core-3000,verb"
2678,zemścić,복수하다,"Mogę zemścić, jeśli będzie trzeba.","Polish Core 3000 · 빈도 #2678 · verb · EN: (reflexive) to get one's own back, to avenge oneself · KO revised 2026-08-14 · Example generated for quiz","core3000,core-3000,verb"
2679,spakować,포장하다,"Mogę spakować, jeśli będzie trzeba.","Polish Core 3000 · 빈도 #2679 · verb · EN: (transitive) to pack, to package, to pack up (to make a pack out of or place into e.g. a trunk, a suitcase, etc.) · KO revised 2026-08-14 · Example generated for quiz","core3000,core-3000,verb"
2680,sztuczny,인위,W tekście pojawia się określenie „sztuczny”.,"Polish Core 3000 · 빈도 #2680 · adj · EN: artificial, man-made · KO revised 2026-08-14 · Example generated for quiz","core3000,core-3000,adj"
2681,aktualny,시사문제의,W tekście pojawia się określenie „aktualny”.,Polish Core 3000 · 빈도 #2681 · adj · EN: topical (of interest in the given moment) · KO revised 2026-08-14 · Example generated for quiz,"core3000,core-3000,adj"
2682,samochodowy,자동차,W tekście pojawia się określenie „samochodowy”.,"Polish Core 3000 · 빈도 #2682 · adj · EN: (relational) car, automobile · KO revised 2026-08-14 · Example generated for quiz","core3000,core-3000,adj"
2683,ujść,달아나다,"Mogę ujść, jeśli będzie trzeba.","Polish Core 3000 · 빈도 #2683 · verb · EN: (intransitive) to escape, to flee · KO revised 2026-08-14 · Example generated for quiz","core3000,core-3000,verb"
2684,zjeżdżać,내려가다,"Mogę zjeżdżać, jeśli będzie trzeba.","Polish Core 3000 · 빈도 #2684 · verb · EN: (intransitive) to go down (in a vehicle), to drive down · KO revised 2026-08-14 · Example generated for quiz","core3000,core-3000,verb"
2685,skrzynka,박스,To jest skrzynka.,"Polish Core 3000 · 빈도 #2685 · noun · EN: box, case · KO revised 2026-08-14 · Example generated for quiz","core3000,core-3000,noun"
2686,liga,동맹,To jest liga.,Polish Core 3000 · 빈도 #2686 · noun · EN: league (a group or association of cooperating members) · KO revised 2026-08-14 · Example generated for quiz,"core3000,core-3000,noun"
2687,nakarmić,먹이다,"Mogę nakarmić, jeśli będzie trzeba.","Polish Core 3000 · 빈도 #2687 · verb · EN: (transitive) to feed, to fodder, to nourish · KO revised 2026-08-14 · Example generated for quiz","core3000,core-3000,verb"
2688,szyba,창유리,To jest szyba.,"Polish Core 3000 · 빈도 #2688 · noun · EN: pane, windowpane · KO revised 2026-08-14 · Example generated for quiz","core3000,core-3000,noun"
2689,szykować,준비하다,"Mogę szykować, jeśli będzie trzeba.","Polish Core 3000 · 빈도 #2689 · verb · EN: (transitive) to prepare, to ready · KO revised 2026-08-14 · Example generated for quiz","core3000,core-3000,verb"
2690,ceremonia,의식,To jest ceremonia.,Polish Core 3000 · 빈도 #2690 · noun · EN: (religion) ceremony (ritual with religious significance) · KO revised 2026-08-14 · Example generated for quiz,"core3000,core-3000,noun"
2691,grudzień,십이월,To jest grudzień.,"Polish Core 3000 · 빈도 #2691 · noun · EN: December (twelfth month in the Gregorian calendar, which has 31 days) · KO revised 2026-08-14 · Example generated for quiz","core3000,core-3000,noun"
2692,żywność,음식,To jest żywność.,Polish Core 3000 · 빈도 #2692 · noun · EN: food · KO revised 2026-08-14 · Example generated for quiz,"core3000,core-3000,noun"
2693,rewolucja,운행,To jest rewolucja.,Polish Core 3000 · 빈도 #2693 · noun · EN: (politics) revolution (political upheaval) · KO revised 2026-08-14 · Example generated for quiz,"core3000,core-3000,noun"
2694,szereg,줄,To jest szereg.,"Polish Core 3000 · 빈도 #2694 · noun · EN: row, series (line of objects) · KO revised 2026-08-14 · Example generated for quiz","core3000,core-3000,noun"
2695,prawidłowy,맞다,W tekście pojawia się określenie „prawidłowy”.,Polish Core 3000 · 빈도 #2695 · adj · EN: correct (well-formed) · KO revised 2026-08-14 · Example generated for quiz,"core3000,core-3000,adj"
2696,zawieść,실패하다,"Mogę zawieść, jeśli będzie trzeba.",Polish Core 3000 · 빈도 #2696 · verb · EN: (intransitive) to fail; to be unsuccessful · KO revised 2026-08-14 · Example generated for quiz,"core3000,core-3000,verb"
2697,technikum,기술고등학교 / 직업계 고등학교,To jest technikum.,Polish Core 3000 · 빈도 #2697 · noun · EN: technikum · KO revised 2026-08-14 · Example generated for quiz,"core3000,core-3000,noun"
2698,nieszczęśliwy,불행하다,W tekście pojawia się określenie „nieszczęśliwy”.,Polish Core 3000 · 빈도 #2698 · adj · EN: unhappy · KO revised 2026-08-14 · Example generated for quiz,"core3000,core-3000,adj"
2699,wnieść,들고 들어가다 / 반입하다,"Mogę wnieść, jeśli będzie trzeba.",Polish Core 3000 · 빈도 #2699 · verb · EN: (transitive) to carry in · KO revised 2026-08-14 · Example generated for quiz,"core3000,core-3000,verb"
2700,kłódka,자물쇠,To jest kłódka.,Polish Core 3000 · 빈도 #2700 · noun · EN: padlock · KO revised 2026-08-14 · Example generated for quiz,"core3000,core-3000,noun"
2701,blizna,낭떠러지,To jest blizna.,"Polish Core 3000 · 빈도 #2701 · noun · EN: scar (permanent mark on the skin, sometimes caused by the healing of a wound) · KO revised 2026-08-14 · Example generated for quiz","core3000,core-3000,noun"
2702,wczorajszy,어제의,W tekście pojawia się określenie „wczorajszy”.,Polish Core 3000 · 빈도 #2702 · adj · EN: yesterday's · KO revised 2026-08-14 · Example generated for quiz,"core3000,core-3000,adj"
2703,wykład,강연,To jest wykład.,Polish Core 3000 · 빈도 #2703 · noun · EN: lecture · KO revised 2026-08-14 · Example generated for quiz,"core3000,core-3000,noun"
2704,fundusz,기금,To jest fundusz.,Polish Core 3000 · 빈도 #2704 · noun · EN: fund (sum of money) · KO revised 2026-08-14 · Example generated for quiz,"core3000,core-3000,noun"
2705,spośród,~중에서 / ~사이에서,Wybierz jeden spośród tych modeli.,Polish Core 3000 · 빈도 #2705 · prep · EN: from among · KO revised 2026-08-14 · Example generated for quiz,"core3000,core-3000,prep"
2706,litera,편지,To jest litera.,Polish Core 3000 · 빈도 #2706 · noun · EN: letter (letter of the alphabet) · KO revised 2026-08-14 · Example generated for quiz,"core3000,core-3000,noun"
2707,strzęp,끄트러기,To jest strzęp.,"Polish Core 3000 · 빈도 #2707 · noun · EN: shred (torn off, often irregularly shaped piece of something) · KO revised 2026-08-14 · Example generated for quiz","core3000,core-3000,noun"
2708,łańcuch,고리줄,To jest łańcuch.,Polish Core 3000 · 빈도 #2708 · noun · EN: chain (series of interconnected rings or links) · KO revised 2026-08-14 · Example generated for quiz,"core3000,core-3000,noun"
2709,marsz,삼월,To jest marsz.,Polish Core 3000 · 빈도 #2709 · noun · EN: march (the act of walking) · KO revised 2026-08-14 · Example generated for quiz,"core3000,core-3000,noun"
2710,antidotum,해독제,To jest antidotum.,Polish Core 3000 · 빈도 #2710 · noun · EN: (medicine) antidote (a remedy to counteract the effects of poison) [+ na (accusative) = for what] or [+ przeciw (dative) = against what] · KO revised 2026-08-14 · Example generated for quiz,"core3000,core-3000,noun"
2711,robak,벌레 / 곤충,To jest robak.,Polish Core 3000 · 빈도 #2711 · noun · EN: (zoology) worm · KO revised 2026-08-14 · Example generated for quiz,"core3000,core-3000,noun"
2712,tygodniowy,주간의 / 일주일짜리,W tekście pojawia się określenie „tygodniowy”.,Polish Core 3000 · 빈도 #2712 · adj · EN: weekly · KO revised 2026-08-14 · Example generated for quiz,"core3000,core-3000,adj"
2713,siłownia,헬스장 / 체육관,To jest siłownia.,Polish Core 3000 · 빈도 #2713 · noun · EN: gym (sporting facility) · KO revised 2026-08-14 · Example generated for quiz,"core3000,core-3000,noun"
2714,przesadzać,이식하다,"Mogę przesadzać, jeśli będzie trzeba.",Polish Core 3000 · 빈도 #2714 · verb · EN: (transitive) to transplant (uproot vegetation and plant it elsewhere) · KO revised 2026-08-14 · Example generated for quiz,"core3000,core-3000,verb"
2715,front,앞쪽,To jest front.,Polish Core 3000 · 빈도 #2715 · noun · EN: front (facing side) · KO revised 2026-08-14 · Example generated for quiz,"core3000,core-3000,noun"
2716,hetera,노는 계집,To jest hetera.,"Polish Core 3000 · 빈도 #2716 · noun · EN: (Ancient Greece, historical) hetaera (hired female companion) · KO revised 2026-08-14 · Example generated for quiz","core3000,core-3000,noun"
2717,spisać,마음에 들다,"Mogę spisać, jeśli będzie trzeba.",Polish Core 3000 · 빈도 #2717 · verb · EN: (transitive) to list · KO revised 2026-08-14 · Example generated for quiz,"core3000,core-3000,verb"
2718,mafia,마피아 / 범죄 조직,To jest mafia.,Polish Core 3000 · 빈도 #2718 · noun · EN: mafia (crime syndicate) · KO revised 2026-08-14 · Example generated for quiz,"core3000,core-3000,noun"
2719,wanta,덮개,To jest wanta.,Polish Core 3000 · 빈도 #2719 · noun · EN: (sailing) shroud (mast support) · KO revised 2026-08-14 · Example generated for quiz,"core3000,core-3000,noun"
2720,wyjąć,내놓다,"Mogę wyjąć, jeśli będzie trzeba.",Polish Core 3000 · 빈도 #2720 · verb · EN: (transitive) to take (sth) out (of something) · KO revised 2026-08-14 · Example generated for quiz,"core3000,core-3000,verb"
2721,zaburzać,어지럽히다,"Mogę zaburzać, jeśli będzie trzeba.","Polish Core 3000 · 빈도 #2721 · verb · EN: (transitive) to disturb, to disrupt · KO revised 2026-08-14 · Example generated for quiz","core3000,core-3000,verb"
2722,mejl,이메일 (구어 표기),To jest mejl.,Polish Core 3000 · 빈도 #2722 · noun · EN: (colloquial) e-mail system · KO revised 2026-08-14 · Example generated for quiz,"core3000,core-3000,noun"
2723,bauer,부유한 독일 농부 (구어·역사적),To jest bauer.,"Polish Core 3000 · 빈도 #2723 · noun · EN: (agriculture, sometimes colloquial) rich German farmer · KO revised 2026-08-14 · Example generated for quiz","core3000,core-3000,noun"
2724,pobudka,기상 알림 / 모닝콜,To jest pobudka.,Polish Core 3000 · 빈도 #2724 · noun · EN: wake-up call (in a hotel) · KO revised 2026-08-14 · Example generated for quiz,"core3000,core-3000,noun"
2725,czarnuch,검둥이,To jest czarnuch.,"Polish Core 3000 · 빈도 #2725 · noun · EN: (derogatory, ethnic slur) coon, nigger, tar baby · KO revised 2026-08-14 · Example generated for quiz","core3000,core-3000,noun"
2726,obsługa,서비스,To jest obsługa.,Polish Core 3000 · 빈도 #2726 · noun · EN: service (act of being of assistance to someone) · KO revised 2026-08-14 · Example generated for quiz,"core3000,core-3000,noun"
2727,sorek,소렉뒤쥐(Notiosorex속),To jest sorek.,Polish Core 3000 · 빈도 #2727 · noun · EN: any shrew of the genus Notiosorex · KO revised 2026-08-14 · Example generated for quiz,"core3000,core-3000,noun"
2728,kaucja,보관,To jest kaucja.,Polish Core 3000 · 빈도 #2728 · noun · EN: deposit (sum of money to be repaid once a borrowed item is returned) · KO revised 2026-08-14 · Example generated for quiz,"core3000,core-3000,noun"
2729,wyrabiać,발전하다,"Mogę wyrabiać, jeśli będzie trzeba.","Polish Core 3000 · 빈도 #2729 · verb · EN: (transitive) to develop, to shape · KO revised 2026-08-14 · Example generated for quiz","core3000,core-3000,verb"
2730,biedactwo,불쌍한 것 / 불쌍한 사람 (애칭),To jest biedactwo.,Polish Core 3000 · 빈도 #2730 · noun · EN: (endearing) poor thing · KO revised 2026-08-14 · Example generated for quiz,"core3000,core-3000,noun"
2731,dziewica,처녀,To jest dziewica.,"Polish Core 3000 · 빈도 #2731 · noun · EN: maiden, virgin · KO revised 2026-08-14 · Example generated for quiz","core3000,core-3000,noun"
2732,ubaw,재미,To jest ubaw.,"Polish Core 3000 · 빈도 #2732 · noun · EN: fun, amusement · KO revised 2026-08-14 · Example generated for quiz","core3000,core-3000,noun"
2733,pamiętnik,일기,To jest pamiętnik.,"Polish Core 3000 · 빈도 #2733 · noun · EN: diary, memoir · KO revised 2026-08-14 · Example generated for quiz","core3000,core-3000,noun"
2734,promieniowanie,발광,To jest promieniowanie.,Polish Core 3000 · 빈도 #2734 · noun · EN: radiation · KO revised 2026-08-14 · Example generated for quiz,"core3000,core-3000,noun"
2735,wyeliminować,배제하다,"Mogę wyeliminować, jeśli będzie trzeba.","Polish Core 3000 · 빈도 #2735 · verb · EN: (transitive) to eliminate, to wipe out, to erase · KO revised 2026-08-14 · Example generated for quiz","core3000,core-3000,verb"
2736,wyskoczyć,튀어나오다,"Mogę wyskoczyć, jeśli będzie trzeba.",Polish Core 3000 · 빈도 #2736 · verb · EN: (intransitive) to jump out (exit by jumping) · KO revised 2026-08-14 · Example generated for quiz,"core3000,core-3000,verb"
2737,wtrącać,차단하다,"Mogę wtrącać, jeśli będzie trzeba.",Polish Core 3000 · 빈도 #2737 · verb · EN: (transitive) to interpose · KO revised 2026-08-14 · Example generated for quiz,"core3000,core-3000,verb"
2738,działalność,적극,To jest działalność.,Polish Core 3000 · 빈도 #2738 · noun · EN: (singular only) activity · KO revised 2026-08-14 · Example generated for quiz,"core3000,core-3000,noun"
2739,dumać,시심,"Mogę dumać, jeśli będzie trzeba.","Polish Core 3000 · 빈도 #2739 · verb · EN: (intransitive, literary) to muse, to ponder [+ nad (instrumental) = something] · KO revised 2026-08-14 · Example generated for quiz","core3000,core-3000,verb"
2740,piknik,소풍,To jest piknik.,Polish Core 3000 · 빈도 #2740 · noun · EN: picnic (social gathering) · KO revised 2026-08-14 · Example generated for quiz,"core3000,core-3000,noun"
2741,talerz,접시,To jest talerz.,Polish Core 3000 · 빈도 #2741 · noun · EN: plate (type of dishware) · KO revised 2026-08-14 · Example generated for quiz,"core3000,core-3000,noun"
2742,kaseta,파트로네,To jest kaseta.,"Polish Core 3000 · 빈도 #2742 · noun · EN: cassette (small flat case containing magnetic tape on two reels, used to record and play back audio and video material) · KO revised 2026-08-14 · Example generated for quiz","core3000,core-3000,noun"
2743,ryż,밥,To jest ryż.,Polish Core 3000 · 빈도 #2743 · noun · EN: rice · KO revised 2026-08-14 · Example generated for quiz,"core3000,core-3000,noun"
2744,tętno,고동,To jest tętno.,"Polish Core 3000 · 빈도 #2744 · noun · EN: (physiology) pulse (normally regular beat felt when arteries near the skin are depressed, caused by the heart pumping blood through them) · KO revised 2026-08-14 · Example generated for quiz","core3000,core-3000,noun"
2745,troska,손질,To jest troska.,Polish Core 3000 · 빈도 #2745 · noun · EN: care · KO revised 2026-08-14 · Example generated for quiz,"core3000,core-3000,noun"
2746,sława,유명,To jest sława.,"Polish Core 3000 · 빈도 #2746 · noun · EN: fame, glory, name · KO revised 2026-08-14 · Example generated for quiz","core3000,core-3000,noun"
2747,nerka,콩팥 / 신장,To jest nerka.,Polish Core 3000 · 빈도 #2747 · noun · EN: kidney · KO revised 2026-08-14 · Example generated for quiz,"core3000,core-3000,noun"
2748,plecak,배낭,To jest plecak.,"Polish Core 3000 · 빈도 #2748 · noun · EN: backpack, rucksack · KO revised 2026-08-14 · Example generated for quiz","core3000,core-3000,noun"
2749,wypaść,떨어지다,"Mogę wypaść, jeśli będzie trzeba.",Polish Core 3000 · 빈도 #2749 · verb · EN: (intransitive) to fall out (exit something by falling) · KO revised 2026-08-14 · Example generated for quiz,"core3000,core-3000,verb"
2750,team,팀,To jest team.,Polish Core 3000 · 빈도 #2750 · noun · EN: team (well-coordinated group of people working together) · KO revised 2026-08-14 · Example generated for quiz,"core3000,core-3000,noun"
2751,zabraknąć,다하다,"Mogę zabraknąć, jeśli będzie trzeba.","Polish Core 3000 · 빈도 #2751 · verb · EN: (impersonal, transitive) to run out of (a supply or material) [+dative = who], [+genitive = what] · KO revised 2026-08-14 · Example generated for quiz","core3000,core-3000,verb"
2752,burta,선측 / 배의 옆면,To jest burta.,Polish Core 3000 · 빈도 #2752 · noun · EN: side of a ship or vessel (i.e. port or starboard) · KO revised 2026-08-14 · Example generated for quiz,"core3000,core-3000,noun"
2753,kreska,직선,To jest kreska.,Polish Core 3000 · 빈도 #2753 · noun · EN: a straight line (a continuous mark) · KO revised 2026-08-14 · Example generated for quiz,"core3000,core-3000,noun"
2754,ziemniak,감자,To jest ziemniak.,Polish Core 3000 · 빈도 #2754 · noun · EN: potato · KO revised 2026-08-14 · Example generated for quiz,"core3000,core-3000,noun"
2755,popularny,대중의,W tekście pojawia się określenie „popularny”.,"Polish Core 3000 · 빈도 #2755 · adj · EN: popular (liked by many people, widely admired) · KO revised 2026-08-14 · Example generated for quiz","core3000,core-3000,adj"
2756,ohyda,혐오스러움 / 역겨움,To jest ohyda.,"Polish Core 3000 · 빈도 #2756 · noun · EN: heinousness, odiousness · KO revised 2026-08-14 · Example generated for quiz","core3000,core-3000,noun"
2757,blond,금발의 / 금발,W tekście pojawia się określenie „blond”.,Polish Core 3000 · 빈도 #2757 · adj · EN: (of hair) blond · KO revised 2026-08-14 · Example generated for quiz,"core3000,core-3000,adj"
2758,wydatek,비용,To jest wydatek.,Polish Core 3000 · 빈도 #2758 · noun · EN: (accounting) expense (spending or consuming; disbursement; expenditure) · KO revised 2026-08-14 · Example generated for quiz,"core3000,core-3000,noun"
2759,łaska,미,To jest łaska.,Polish Core 3000 · 빈도 #2759 · noun · EN: (Christianity) grace · KO revised 2026-08-14 · Example generated for quiz,"core3000,core-3000,noun"
2760,znikąd,아무 데서도 / 어디서 왔는지 모르게,On robi to znikąd.,Polish Core 3000 · 빈도 #2760 · adv · EN: from nowhere · KO revised 2026-08-14 · Example generated for quiz,"core3000,core-3000,adv"
2761,wanna,목욕,To jest wanna.,"Polish Core 3000 · 빈도 #2761 · noun · EN: bath, bathtub · KO revised 2026-08-14 · Example generated for quiz","core3000,core-3000,noun"
2762,bateria,구타,To jest bateria.,Polish Core 3000 · 빈도 #2762 · noun · EN: (electronics) battery (a device that produces electricity by a chemical reaction) · KO revised 2026-08-14 · Example generated for quiz,"core3000,core-3000,noun"
2763,spadek,넘어오다,To jest spadek.,"Polish Core 3000 · 빈도 #2763 · noun · EN: fall, drop · KO revised 2026-08-14 · Example generated for quiz","core3000,core-3000,noun"
2764,hazard,노름,To jest hazard.,Polish Core 3000 · 빈도 #2764 · noun · EN: (singular only) gambling · KO revised 2026-08-14 · Example generated for quiz,"core3000,core-3000,noun"
2765,męski,늠름하다,W tekście pojawia się określenie „męski”.,Polish Core 3000 · 빈도 #2765 · adj · EN: manly · KO revised 2026-08-14 · Example generated for quiz,"core3000,core-3000,adj"
2766,narzekać,투덜거리다,"Mogę narzekać, jeśli będzie trzeba.",Polish Core 3000 · 빈도 #2766 · verb · EN: (intransitive) to complain · KO revised 2026-08-14 · Example generated for quiz,"core3000,core-3000,verb"
2767,generator,발생기,To jest generator.,"Polish Core 3000 · 빈도 #2767 · noun · EN: (electricity) generator (piece of apparatus, equipment, etc, to convert or change energy from one form to another or to create energy) · KO revised 2026-08-14 · Example generated for quiz","core3000,core-3000,noun"
2768,zdrajca,매국노,To jest zdrajca.,"Polish Core 3000 · 빈도 #2768 · noun · EN: traitor, turncoat (one who violates allegiance and betrays one's country) · KO revised 2026-08-14 · Example generated for quiz","core3000,core-3000,noun"
2769,równowaga,저울,To jest równowaga.,"Polish Core 3000 · 빈도 #2769 · noun · EN: balance, equilibrium · KO revised 2026-08-14 · Example generated for quiz","core3000,core-3000,noun"
2770,pośrodku,가운데,Stół stoi pośrodku pokoju.,Polish Core 3000 · 빈도 #2770 · prep · EN: in the middle (of) · KO revised 2026-08-14 · Example generated for quiz,"core3000,core-3000,prep"
2771,przemówienie,말씀,To jest przemówienie.,Polish Core 3000 · 빈도 #2771 · noun · EN: speech (form of public address) · KO revised 2026-08-14 · Example generated for quiz,"core3000,core-3000,noun"
2772,postępować,행동하다,"Mogę postępować, jeśli będzie trzeba.","Polish Core 3000 · 빈도 #2772 · verb · EN: (intransitive) to act, behave · KO revised 2026-08-14 · Example generated for quiz","core3000,core-3000,verb"
2773,czyjś,누군가의,To chyba czyjś płaszcz.,Polish Core 3000 · 빈도 #2773 · pron · EN: somebody's (belonging to somebody) · KO revised 2026-08-14 · Example generated for quiz,"core3000,core-3000,pron"
2774,bezużyteczny,무익한,W tekście pojawia się określenie „bezużyteczny”.,Polish Core 3000 · 빈도 #2774 · adj · EN: useless · KO revised 2026-08-14 · Example generated for quiz,"core3000,core-3000,adj"
2775,rozwalić,박살내다,"Mogę rozwalić, jeśli będzie trzeba.","Polish Core 3000 · 빈도 #2775 · verb · EN: (transitive, colloquial) to smash, to bust, to crash · KO revised 2026-08-14 · Example generated for quiz","core3000,core-3000,verb"
2776,DJ,DJ / 디스크자키,To jest DJ.,"Polish Core 3000 · 빈도 #2776 · noun · EN: DJ, disk jockey, deejay · KO revised 2026-08-14 · Example generated for quiz","core3000,core-3000,noun"
2777,cyrk,곡마단,To jest cyrk.,Polish Core 3000 · 빈도 #2777 · noun · EN: circus · KO revised 2026-08-14 · Example generated for quiz,"core3000,core-3000,noun"
2778,skala,자,To jest skala.,Polish Core 3000 · 빈도 #2778 · noun · EN: scale (numerical sequence used for measurement) · KO revised 2026-08-14 · Example generated for quiz,"core3000,core-3000,noun"
2779,szatan,마왕,To jest szatan.,Polish Core 3000 · 빈도 #2779 · noun · EN: Satan (entity in the Abrahamic religions that seduces humans into sin or falsehood) · KO revised 2026-08-14 · Example generated for quiz,"core3000,core-3000,noun"
2780,etap,나이,To jest etap.,Polish Core 3000 · 빈도 #2780 · noun · EN: age (one of the stages of life) · KO revised 2026-08-14 · Example generated for quiz,"core3000,core-3000,noun"
2781,tarapaty,절인것,To jest tarapaty.,"Polish Core 3000 · 빈도 #2781 · noun · EN: (colloquial) pickle, peril, tangle, jam, quagmire, scrape, bind (difficult situation) · KO revised 2026-08-14 · Example generated for quiz","core3000,core-3000,noun"
2782,Włoch,이탈리아인(남성),To jest Włoch.,Polish Core 3000 · 빈도 #2782 · noun · EN: Italian · KO revised 2026-08-14 · Example generated for quiz,"core3000,core-3000,noun"
2783,eksplozja,급증,To jest eksplozja.,Polish Core 3000 · 빈도 #2783 · noun · EN: explosion · KO revised 2026-08-14 · Example generated for quiz,"core3000,core-3000,noun"
2784,zanieść,들다,"Mogę zanieść, jeśli będzie trzeba.","Polish Core 3000 · 빈도 #2784 · verb · EN: (transitive) to carry, to transport by carrying · KO revised 2026-08-14 · Example generated for quiz","core3000,core-3000,verb"
2785,pozazdrościć,시기하다,"Mogę pozazdrościć, jeśli będzie trzeba.",Polish Core 3000 · 빈도 #2785 · verb · EN: (intransitive) to envy (to be jealous) · KO revised 2026-08-14 · Example generated for quiz,"core3000,core-3000,verb"
2786,bractwo,결사,To jest bractwo.,"Polish Core 3000 · 빈도 #2786 · noun · EN: brotherhood (an association, society, or community of people linked by a common interest, religion, or trade) · KO revised 2026-08-14 · Example generated for quiz","core3000,core-3000,noun"
2787,ropa,고름,To jest ropa.,Polish Core 3000 · 빈도 #2787 · noun · EN: pus · KO revised 2026-08-14 · Example generated for quiz,"core3000,core-3000,noun"
2788,UFO,UFO / 미확인 비행 물체,To jest UFO.,"Polish Core 3000 · 빈도 #2788 · noun · EN: (science fiction, ufology) UFO · KO revised 2026-08-14 · Example generated for quiz","core3000,core-3000,noun"
2789,galaktyka,은하,To jest galaktyka.,Polish Core 3000 · 빈도 #2789 · noun · EN: (astronomy) galaxy · KO revised 2026-08-14 · Example generated for quiz,"core3000,core-3000,noun"
2790,hak,갈고랑이,To jest hak.,Polish Core 3000 · 빈도 #2790 · noun · EN: hook · KO revised 2026-08-14 · Example generated for quiz,"core3000,core-3000,noun"
2791,gładki,매끄러운,W tekście pojawia się określenie „gładki”.,"Polish Core 3000 · 빈도 #2791 · adj · EN: smooth (lacking friction, not rough) · KO revised 2026-08-14 · Example generated for quiz","core3000,core-3000,adj"
2792,sushi,횟감,To jest sushi.,Polish Core 3000 · 빈도 #2792 · noun · EN: sushi · KO revised 2026-08-14 · Example generated for quiz,"core3000,core-3000,noun"
2793,nawiązać,확립하다,"Mogę nawiązać, jeśli będzie trzeba.","Polish Core 3000 · 빈도 #2793 · verb · EN: (transitive) to establish, to form · KO revised 2026-08-14 · Example generated for quiz","core3000,core-3000,verb"
2794,ujrzeć,보다,"Mogę ujrzeć, jeśli będzie trzeba.","Polish Core 3000 · 빈도 #2794 · verb · EN: (transitive) to behold, to see, to descry · KO revised 2026-08-14 · Example generated for quiz","core3000,core-3000,verb"
2795,brzydki,못생기다,W tekście pojawia się określenie „brzydki”.,Polish Core 3000 · 빈도 #2795 · adj · EN: ugly · KO revised 2026-08-14 · Example generated for quiz,"core3000,core-3000,adj"
2796,publiczność,과객,To jest publiczność.,Polish Core 3000 · 빈도 #2796 · noun · EN: audience · KO revised 2026-08-14 · Example generated for quiz,"core3000,core-3000,noun"
2797,częstotliwość,횟수,To jest częstotliwość.,Polish Core 3000 · 빈도 #2797 · noun · EN: frequency (number of occurrences divided by time) · KO revised 2026-08-14 · Example generated for quiz,"core3000,core-3000,noun"
2798,kondolencje,조의 / 애도의 말,To jest kondolencje.,Polish Core 3000 · 빈도 #2798 · noun · EN: condolences · KO revised 2026-08-14 · Example generated for quiz,"core3000,core-3000,noun"
2799,siódmy,일곱째의,To siódmy dzień tygodnia.,Polish Core 3000 · 빈도 #2799 · num · EN: seventh · KO revised 2026-08-14 · Example generated for quiz,"core3000,core-3000,num"
2800,organizm,생물,To jest organizm.,Polish Core 3000 · 빈도 #2800 · noun · EN: organism · KO revised 2026-08-14 · Example generated for quiz,"core3000,core-3000,noun"
2801,nocny,야간에 활동하는,W tekście pojawia się określenie „nocny”.,Polish Core 3000 · 빈도 #2801 · adj · EN: nocturnal · KO revised 2026-08-14 · Example generated for quiz,"core3000,core-3000,adj"
2802,konkurencja,각축,To jest konkurencja.,"Polish Core 3000 · 빈도 #2802 · noun · EN: competition, rivalry (action of competing) · KO revised 2026-08-14 · Example generated for quiz","core3000,core-3000,noun"
2803,indyk,실패작,To jest indyk.,Polish Core 3000 · 빈도 #2803 · noun · EN: turkey (any species of the genus Meleagris) · KO revised 2026-08-14 · Example generated for quiz,"core3000,core-3000,noun"
2804,przyzwyczaić,늘하는식의,"Mogę przyzwyczaić, jeśli będzie trzeba.","Polish Core 3000 · 빈도 #2804 · verb · EN: (transitive) to accustom, to inure · KO revised 2026-08-14 · Example generated for quiz","core3000,core-3000,verb"
2805,ciekawość,골동품,To jest ciekawość.,Polish Core 3000 · 빈도 #2805 · noun · EN: curiosity (inquisitiveness) · KO revised 2026-08-14 · Example generated for quiz,"core3000,core-3000,noun"
2806,mysz,쥐,To jest mysz.,Polish Core 3000 · 빈도 #2806 · noun · EN: mouse (rodent of the genus Mus) · KO revised 2026-08-14 · Example generated for quiz,"core3000,core-3000,noun"
2807,dzielny,용감한,W tekście pojawia się określenie „dzielny”.,"Polish Core 3000 · 빈도 #2807 · adj · EN: brave, plucky, valiant · KO revised 2026-08-14 · Example generated for quiz","core3000,core-3000,adj"
2808,oznaka,표시 / 징표,To jest oznaka.,"Polish Core 3000 · 빈도 #2808 · noun · EN: sign, indication, symptom · KO revised 2026-08-14 · Example generated for quiz","core3000,core-3000,noun"
2809,cecha,특종,To jest cecha.,"Polish Core 3000 · 빈도 #2809 · noun · EN: feature, quality, trait · KO revised 2026-08-14 · Example generated for quiz","core3000,core-3000,noun"
2810,wstrząs,충격,To jest wstrząs.,"Polish Core 3000 · 빈도 #2810 · noun · EN: shock, impact · KO revised 2026-08-14 · Example generated for quiz","core3000,core-3000,noun"
2811,stabilny,강경하다,W tekście pojawia się określenie „stabilny”.,Polish Core 3000 · 빈도 #2811 · adj · EN: stable · KO revised 2026-08-14 · Example generated for quiz,"core3000,core-3000,adj"
2812,pomocny,도움이 되는 / 유용한,W tekście pojawia się określenie „pomocny”.,Polish Core 3000 · 빈도 #2812 · adj · EN: helpful · KO revised 2026-08-14 · Example generated for quiz,"core3000,core-3000,adj"
2813,słodycz,감미로움,To jest słodycz.,Polish Core 3000 · 빈도 #2813 · noun · EN: (literary) sweetness · KO revised 2026-08-14 · Example generated for quiz,"core3000,core-3000,noun"
2814,wciągnąć,내걸다,"Mogę wciągnąć, jeśli będzie trzeba.","Polish Core 3000 · 빈도 #2814 · verb · EN: (transitive) to pull in, to pull inside · KO revised 2026-08-14 · Example generated for quiz","core3000,core-3000,verb"
2815,łączność,연락,To jest łączność.,"Polish Core 3000 · 빈도 #2815 · noun · EN: communication, contact, liaison, connectedness · KO revised 2026-08-14 · Example generated for quiz","core3000,core-3000,noun"
2816,rozczarować,실망하다,"Mogę rozczarować, jeśli będzie trzeba.","Polish Core 3000 · 빈도 #2816 · verb · EN: (transitive) to disappoint, to displease, to underwhelm · KO revised 2026-08-14 · Example generated for quiz","core3000,core-3000,verb"
2817,portret,초상화,To jest portret.,Polish Core 3000 · 빈도 #2817 · noun · EN: (painting) portrait (painting of a person) · KO revised 2026-08-14 · Example generated for quiz,"core3000,core-3000,noun"
2818,negocjacje,거래,To jest negocjacje.,"Polish Core 3000 · 빈도 #2818 · noun · EN: bargaining, negotiation, parley (process of achieving agreement through discussion) · KO revised 2026-08-14 · Example generated for quiz","core3000,core-3000,noun"
2819,stawka,요율 / 판돈 / 지분,To jest stawka.,Polish Core 3000 · 빈도 #2819 · noun · EN: stake (wager or pledge) · KO revised 2026-08-14 · Example generated for quiz,"core3000,core-3000,noun"
2820,kraina,지역 / 나라 / 땅,To jest kraina.,Polish Core 3000 · 빈도 #2820 · noun · EN: land (a country or region) · KO revised 2026-08-14 · Example generated for quiz,"core3000,core-3000,noun"
2821,pojutrzejszy,모레의,W tekście pojawia się określenie „pojutrzejszy”.,Polish Core 3000 · 빈도 #2821 · adj · EN: day after tomorrow's · KO revised 2026-08-14 · Example generated for quiz,"core3000,core-3000,adj"
2822,wrobić,누명을 씌우다 / 함정에 빠뜨리다,"Mogę wrobić, jeśli będzie trzeba.","Polish Core 3000 · 빈도 #2822 · verb · EN: (transitive, colloquial) to frame, to set up (falsely incriminate) [+ w (accusative) = for something] · KO revised 2026-08-14 · Example generated for quiz","core3000,core-3000,verb"
2823,spoczywać,가로놓이다,"Mogę spoczywać, jeśli będzie trzeba.","Polish Core 3000 · 빈도 #2823 · verb · EN: (intransitive, formal) to repose (to sit in order to rest) · KO revised 2026-08-14 · Example generated for quiz","core3000,core-3000,verb"
2824,namówić,권유하다,"Mogę namówić, jeśli będzie trzeba.","Polish Core 3000 · 빈도 #2824 · verb · EN: (transitive) to persuade, to encourage · KO revised 2026-08-14 · Example generated for quiz","core3000,core-3000,verb"
2825,poduszka,베개,To jest poduszka.,"Polish Core 3000 · 빈도 #2825 · noun · EN: pillow, cushion · KO revised 2026-08-14 · Example generated for quiz","core3000,core-3000,noun"
2826,korporacja,형제간,To jest korporacja.,Polish Core 3000 · 빈도 #2826 · noun · EN: multinational company · KO revised 2026-08-14 · Example generated for quiz,"core3000,core-3000,noun"
2827,ochroniarz,경호원 / 보안요원,To jest ochroniarz.,"Polish Core 3000 · 빈도 #2827 · noun · EN: guard, bodyguard (a person responsible for protecting an individual or place) · KO revised 2026-08-14 · Example generated for quiz","core3000,core-3000,noun"
2828,dotrzymać,견디다,"Mogę dotrzymać, jeśli będzie trzeba.","Polish Core 3000 · 빈도 #2828 · verb · EN: (transitive) to keep (e.g. a promise, one's word), to make good on [+genitive] · KO revised 2026-08-14 · Example generated for quiz","core3000,core-3000,verb"
2829,paniusia,아씨,To jest paniusia.,Polish Core 3000 · 빈도 #2829 · noun · EN: (derogatory) madam (conceited girl) · KO revised 2026-08-14 · Example generated for quiz,"core3000,core-3000,noun"
2830,testament,의욕,To jest testament.,"Polish Core 3000 · 빈도 #2830 · noun · EN: (law) will, testament · KO revised 2026-08-14 · Example generated for quiz","core3000,core-3000,noun"
2831,uczestniczyć,가담하다,"Mogę uczestniczyć, jeśli będzie trzeba.",Polish Core 3000 · 빈도 #2831 · verb · EN: (intransitive) to participate [+ w (locative) = in something] · KO revised 2026-08-14 · Example generated for quiz,"core3000,core-3000,verb"
2832,rezerwacja,예약,To jest rezerwacja.,"Polish Core 3000 · 빈도 #2832 · noun · EN: reservation, booking · KO revised 2026-08-14 · Example generated for quiz","core3000,core-3000,noun"
2833,listopad,십일월,To jest listopad.,Polish Core 3000 · 빈도 #2833 · noun · EN: November (month) · KO revised 2026-08-14 · Example generated for quiz,"core3000,core-3000,noun"
2834,ważyć,헤아리다,"Mogę ważyć, jeśli będzie trzeba.",Polish Core 3000 · 빈도 #2834 · verb · EN: (transitive) to weigh (to determine the weight of an object) · KO revised 2026-08-14 · Example generated for quiz,"core3000,core-3000,verb"
2835,wspólnik,동업자 / 파트너 / 공범,To jest wspólnik.,"Polish Core 3000 · 빈도 #2835 · noun · EN: (business) associate, partner (person united with another or others in an act, enterprise, or business) · KO revised 2026-08-14 · Example generated for quiz","core3000,core-3000,noun"
2836,śledczy,수사의 / 조사하는,W tekście pojawia się określenie „śledczy”.,Polish Core 3000 · 빈도 #2836 · adj · EN: investigative · KO revised 2026-08-14 · Example generated for quiz,"core3000,core-3000,adj"
2837,omal,대충,On robi to omal.,"Polish Core 3000 · 빈도 #2837 · adv · EN: almost, nearly [+negation of the following verb] · KO revised 2026-08-14 · Example generated for quiz","core3000,core-3000,adv"
2838,dżentelmen,신사,To jest dżentelmen.,Polish Core 3000 · 빈도 #2838 · noun · EN: gentleman · KO revised 2026-08-14 · Example generated for quiz,"core3000,core-3000,noun"
2839,skoncentrować,집중되다,"Mogę skoncentrować, jeśli będzie trzeba.","Polish Core 3000 · 빈도 #2839 · verb · EN: (transitive) to concentrate (to bring to, or direct toward, a common center; to unite more closely; to gather into one body, mass, or force) · KO revised 2026-08-14 · Example generated for quiz","core3000,core-3000,verb"
2840,sierpień,팔월,To jest sierpień.,Polish Core 3000 · 빈도 #2840 · noun · EN: August (month) · KO revised 2026-08-14 · Example generated for quiz,"core3000,core-3000,noun"
2841,seryjny,연속적인 / 시리즈의,W tekście pojawia się określenie „seryjny”.,Polish Core 3000 · 빈도 #2841 · adj · EN: serial (having to do with or arranged in a series) · KO revised 2026-08-14 · Example generated for quiz,"core3000,core-3000,adj"
2842,niegdyś,이전에,On robi to niegdyś.,"Polish Core 3000 · 빈도 #2842 · adv · EN: (literary) formerly, once (roughly) used to · KO revised 2026-08-14 · Example generated for quiz","core3000,core-3000,adv"
2843,kelner,웨이터,To jest kelner.,Polish Core 3000 · 빈도 #2843 · noun · EN: waiter (a server in a restaurant or similar) · KO revised 2026-08-14 · Example generated for quiz,"core3000,core-3000,noun"
2844,autograf,사인 / 친필 서명,To jest autograf.,Polish Core 3000 · 빈도 #2844 · noun · EN: autograph (the signature of a famous or admired person) · KO revised 2026-08-14 · Example generated for quiz,"core3000,core-3000,noun"
2845,lojalny,고굉지신,W tekście pojawia się określenie „lojalny”.,Polish Core 3000 · 빈도 #2845 · adj · EN: loyal (firm in allegiance to a person or institution) · KO revised 2026-08-14 · Example generated for quiz,"core3000,core-3000,adj"
2846,naczelnik,머리,To jest naczelnik.,"Polish Core 3000 · 빈도 #2846 · noun · EN: head, chief, leader · KO revised 2026-08-14 · Example generated for quiz","core3000,core-3000,noun"
2847,uśmiechnąć,웃다,"Mogę uśmiechnąć, jeśli będzie trzeba.",Polish Core 3000 · 빈도 #2847 · verb · EN: (reflexive) to smile · KO revised 2026-08-14 · Example generated for quiz,"core3000,core-3000,verb"
2848,uścisk,고착하다,To jest uścisk.,"Polish Core 3000 · 빈도 #2848 · noun · EN: grip, hold · KO revised 2026-08-14 · Example generated for quiz","core3000,core-3000,noun"
2849,dorastać,자라나다,"Mogę dorastać, jeśli będzie trzeba.",Polish Core 3000 · 빈도 #2849 · verb · EN: (intransitive) to grow to a certain height or size · KO revised 2026-08-14 · Example generated for quiz,"core3000,core-3000,verb"
2850,piękność,여인,To jest piękność.,Polish Core 3000 · 빈도 #2850 · noun · EN: (countable) beauty (beautiful woman) · KO revised 2026-08-14 · Example generated for quiz,"core3000,core-3000,noun"
2851,kwatera,하숙집,To jest kwatera.,"Polish Core 3000 · 빈도 #2851 · noun · EN: lodgings, boarding house, quarters · KO revised 2026-08-14 · Example generated for quiz","core3000,core-3000,noun"
2852,obojętny,관계없는,W tekście pojawia się określenie „obojętny”.,"Polish Core 3000 · 빈도 #2852 · adj · EN: indifferent, apathetic · KO revised 2026-08-14 · Example generated for quiz","core3000,core-3000,adj"
2853,ława,낮은 탁자 / 벤치,To jest ława.,Polish Core 3000 · 빈도 #2853 · noun · EN: coffee table · KO revised 2026-08-14 · Example generated for quiz,"core3000,core-3000,noun"
2854,niezbędny,필수적인 / 꼭 필요한,W tekście pojawia się określenie „niezbędny”.,"Polish Core 3000 · 빈도 #2854 · adj · EN: essential, indispensable, necessary · KO revised 2026-08-14 · Example generated for quiz","core3000,core-3000,adj"
2855,podwórko,안뜰,To jest podwórko.,"Polish Core 3000 · 빈도 #2855 · noun · EN: courtyard, court, yard · KO revised 2026-08-14 · Example generated for quiz","core3000,core-3000,noun"
2856,wystawić,발휘하다,"Mogę wystawić, jeśli będzie trzeba.","Polish Core 3000 · 빈도 #2856 · verb · EN: (transitive) to exhibit, to display · KO revised 2026-08-14 · Example generated for quiz","core3000,core-3000,verb"
2857,zachodni,서쪽,W tekście pojawia się określenie „zachodni”.,"Polish Core 3000 · 빈도 #2857 · adj · EN: west, western (of or relating to the west) · KO revised 2026-08-14 · Example generated for quiz","core3000,core-3000,adj"
2858,beznadziejny,가망없는,W tekście pojawia się określenie „beznadziejny”.,Polish Core 3000 · 빈도 #2858 · adj · EN: hopeless · KO revised 2026-08-14 · Example generated for quiz,"core3000,core-3000,adj"
2859,okręg,감금,To jest okręg.,"Polish Core 3000 · 빈도 #2859 · noun · EN: (politics) electoral division, ward, precinct (subdivision for the purposes of voting and representation) · KO revised 2026-08-14 · Example generated for quiz","core3000,core-3000,noun"
2860,kolekcja,모집,To jest kolekcja.,Polish Core 3000 · 빈도 #2860 · noun · EN: collection (set of thematically associated items gathered by a collector) · KO revised 2026-08-14 · Example generated for quiz,"core3000,core-3000,noun"
2861,uciszyć,침묵시키다,"Mogę uciszyć, jeśli będzie trzeba.","Polish Core 3000 · 빈도 #2861 · verb · EN: (transitive) to silence, to quiet, to hush · KO revised 2026-08-14 · Example generated for quiz","core3000,core-3000,verb"
2862,budżet,예산,To jest budżet.,"Polish Core 3000 · 빈도 #2862 · noun · EN: budget (amount of money or resources earmarked for a particular institution, activity or time-frame) · KO revised 2026-08-14 · Example generated for quiz","core3000,core-3000,noun"
2863,cmentarz,공동묘지,To jest cmentarz.,Polish Core 3000 · 빈도 #2863 · noun · EN: cemetery · KO revised 2026-08-14 · Example generated for quiz,"core3000,core-3000,noun"
2864,choja,구과식물,To jest choja.,"Polish Core 3000 · 빈도 #2864 · noun · EN: conifer, especially a pine or spruce tree · KO revised 2026-08-14 · Example generated for quiz","core3000,core-3000,noun"
2865,maniera,매너,To jest maniera.,Polish Core 3000 · 빈도 #2865 · noun · EN: manner (one's customary method of acting; habit) · KO revised 2026-08-14 · Example generated for quiz,"core3000,core-3000,noun"
2866,federacja,연맹,To jest federacja.,Polish Core 3000 · 빈도 #2866 · noun · EN: federation · KO revised 2026-08-14 · Example generated for quiz,"core3000,core-3000,noun"
2867,tkanka,거미집,To jest tkanka.,Polish Core 3000 · 빈도 #2867 · noun · EN: (biology) tissue · KO revised 2026-08-14 · Example generated for quiz,"core3000,core-3000,noun"
2868,ocenić,어림잡다,"Mogę ocenić, jeśli będzie trzeba.","Polish Core 3000 · 빈도 #2868 · verb · EN: (transitive) to rate, to evaluate · KO revised 2026-08-14 · Example generated for quiz","core3000,core-3000,verb"
2869,pastor,목사,To jest pastor.,Polish Core 3000 · 빈도 #2869 · noun · EN: pastor (in Protestant churches) · KO revised 2026-08-14 · Example generated for quiz,"core3000,core-3000,noun"
2870,aktywność,적극,To jest aktywność.,"Polish Core 3000 · 빈도 #2870 · noun · EN: activity, activeness, liveliness (quality of being full of activity) · KO revised 2026-08-14 · Example generated for quiz","core3000,core-3000,noun"
2871,zdążyć,시간에 맞추다 / 제때 도착하다,"Mogę zdążyć, jeśli będzie trzeba.",Polish Core 3000 · 빈도 #2871 · verb · EN: (intransitive) to make it (to reach a place); to be in time · KO revised 2026-08-14 · Example generated for quiz,"core3000,core-3000,verb"
2872,dokładny,꼼꼼한,W tekście pojawia się określenie „dokładny”.,"Polish Core 3000 · 빈도 #2872 · adj · EN: exact, accurate · KO revised 2026-08-14 · Example generated for quiz","core3000,core-3000,adj"
2873,ambulatorium,외래 진료소 / 폴리클리닉,To jest ambulatorium.,Polish Core 3000 · 빈도 #2873 · noun · EN: (medicine) polyclinic · KO revised 2026-08-14 · Example generated for quiz,"core3000,core-3000,noun"
2874,rocznik,층,To jest rocznik.,"Polish Core 3000 · 빈도 #2874 · noun · EN: (education) class, form, grade (group of students graduating in the same year) · KO revised 2026-08-14 · Example generated for quiz","core3000,core-3000,noun"
2875,luz,자유시간,To jest luz.,Polish Core 3000 · 빈도 #2875 · noun · EN: a spacious place · KO revised 2026-08-14 · Example generated for quiz,"core3000,core-3000,noun"
2876,pasek,벨트,To jest pasek.,"Polish Core 3000 · 빈도 #2876 · noun · EN: belt (band worn around the waist), strap · KO revised 2026-08-14 · Example generated for quiz","core3000,core-3000,noun"
2877,hrabstwo,군민,To jest hrabstwo.,"Polish Core 3000 · 빈도 #2877 · noun · EN: (historical) county, (land ruled by a count or countess) · KO revised 2026-08-14 · Example generated for quiz","core3000,core-3000,noun"
2878,przeć,밀다,"Mogę przeć, jeśli będzie trzeba.",Polish Core 3000 · 빈도 #2878 · verb · EN: (intransitive) to push (during labour) · KO revised 2026-08-14 · Example generated for quiz,"core3000,core-3000,verb"
2879,sprzątać,엄습하다,"Mogę sprzątać, jeśli będzie trzeba.","Polish Core 3000 · 빈도 #2879 · verb · EN: (transitive) to clean up, to sweep, to tidy up · KO revised 2026-08-14 · Example generated for quiz","core3000,core-3000,verb"
2880,country,나라,To jest country.,"Polish Core 3000 · 빈도 #2880 · noun · EN: country, country music · KO revised 2026-08-14 · Example generated for quiz","core3000,core-3000,noun"
2881,satelita,위성,To jest satelita.,Polish Core 3000 · 빈도 #2881 · noun · EN: (astronomy) satellite (either natural or man-made) · KO revised 2026-08-14 · Example generated for quiz,"core3000,core-3000,noun"
2882,wuj,외삼촌 / 삼촌,To jest wuj.,"Polish Core 3000 · 빈도 #2882 · noun · EN: maternal uncle (brother of someone’s mother), vernacularly uncle · KO revised 2026-08-14 · Example generated for quiz","core3000,core-3000,noun"
2883,zasługa,장점,To jest zasługa.,"Polish Core 3000 · 빈도 #2883 · noun · EN: merit, credit, contribution · KO revised 2026-08-14 · Example generated for quiz","core3000,core-3000,noun"
2884,kasyno,소별장,To jest kasyno.,Polish Core 3000 · 빈도 #2884 · noun · EN: casino · KO revised 2026-08-14 · Example generated for quiz,"core3000,core-3000,noun"
2885,namiot,장막,To jest namiot.,Polish Core 3000 · 빈도 #2885 · noun · EN: tent · KO revised 2026-08-14 · Example generated for quiz,"core3000,core-3000,noun"
2886,operować,조작하다,"Mogę operować, jeśli będzie trzeba.","Polish Core 3000 · 빈도 #2886 · verb · EN: (transitive, medicine) to operate (perform surgery) · KO revised 2026-08-14 · Example generated for quiz","core3000,core-3000,verb"
2887,igła,바늘,To jest igła.,Polish Core 3000 · 빈도 #2887 · noun · EN: needle (as used to sew) · KO revised 2026-08-14 · Example generated for quiz,"core3000,core-3000,noun"
2888,samodzielny,독립당의,W tekście pojawia się określenie „samodzielny”.,"Polish Core 3000 · 빈도 #2888 · adj · EN: independent, self-sufficient, self-reliant · KO revised 2026-08-14 · Example generated for quiz","core3000,core-3000,adj"
2889,praktyka,연습,To jest praktyka.,Polish Core 3000 · 빈도 #2889 · noun · EN: practice (repetition of an activity to improve skill) · KO revised 2026-08-14 · Example generated for quiz,"core3000,core-3000,noun"
2890,obłęd,광기,To jest obłęd.,"Polish Core 3000 · 빈도 #2890 · noun · EN: mental illness, madness, insanity · KO revised 2026-08-14 · Example generated for quiz","core3000,core-3000,noun"
2891,pobyć,잠시 머무르다,"Mogę pobyć, jeśli będzie trzeba.","Polish Core 3000 · 빈도 #2891 · verb · EN: (intransitive) to stay for some time, to be somewhere temporarily · KO revised 2026-08-14 · Example generated for quiz","core3000,core-3000,verb"
2892,sypiać,습관적으로 자다 / 자곤 하다,"Mogę sypiać, jeśli będzie trzeba.",Polish Core 3000 · 빈도 #2892 · verb · EN: (intransitive) to sleep habitually · KO revised 2026-08-14 · Example generated for quiz,"core3000,core-3000,verb"
2893,obwiniać,책잡다,"Mogę obwiniać, jeśli będzie trzeba.",Polish Core 3000 · 빈도 #2893 · verb · EN: (transitive) to blame (to place blame upon) · KO revised 2026-08-14 · Example generated for quiz,"core3000,core-3000,verb"
2894,rzekomy,주장된,W tekście pojawia się określenie „rzekomy”.,"Polish Core 3000 · 빈도 #2894 · adj · EN: alleged, supposed · KO revised 2026-08-14 · Example generated for quiz","core3000,core-3000,adj"
2895,wynagrodzić,보답하다,"Mogę wynagrodzić, jeśli będzie trzeba.",Polish Core 3000 · 빈도 #2895 · verb · EN: (transitive) to reward · KO revised 2026-08-14 · Example generated for quiz,"core3000,core-3000,verb"
2896,gil,피리새,To jest gil.,Polish Core 3000 · 빈도 #2896 · noun · EN: bullfinch (any bird of the genus Pyrrhula) · KO revised 2026-08-14 · Example generated for quiz,"core3000,core-3000,noun"
2897,ironia,반어,To jest ironia.,Polish Core 3000 · 빈도 #2897 · noun · EN: irony · KO revised 2026-08-14 · Example generated for quiz,"core3000,core-3000,noun"
2898,uporać,이겨내다,"Mogę uporać, jeśli będzie trzeba.","Polish Core 3000 · 빈도 #2898 · verb · EN: (reflexive) to overcome, to tackle, to deal with [+ z (instrumental)] · KO revised 2026-08-14 · Example generated for quiz","core3000,core-3000,verb"
2899,dyżur,당직 / 근무,To jest dyżur.,"Polish Core 3000 · 빈도 #2899 · noun · EN: shift, duty (the state of being at work and responsible for or doing a particular task) · KO revised 2026-08-14 · Example generated for quiz","core3000,core-3000,noun"
2900,róża,장미,To jest róża.,Polish Core 3000 · 빈도 #2900 · noun · EN: rose; any shrub from the genus Rosa or its flower · KO revised 2026-08-14 · Example generated for quiz,"core3000,core-3000,noun"
2901,wdech,흡입,To jest wdech.,"Polish Core 3000 · 빈도 #2901 · noun · EN: the act of breathing in, inhalation, inspiration · KO revised 2026-08-14 · Example generated for quiz","core3000,core-3000,noun"
2902,maleństwo,작은 장신구,To jest maleństwo.,Polish Core 3000 · 빈도 #2902 · noun · EN: (endearing) little one; tot; little thing (small child or young animal) · KO revised 2026-08-14 · Example generated for quiz,"core3000,core-3000,noun"
2903,odmiana,가지가지,To jest odmiana.,"Polish Core 3000 · 빈도 #2903 · noun · EN: A variant, a type · KO revised 2026-08-14 · Example generated for quiz","core3000,core-3000,noun"
2904,autopsja,검시,To jest autopsja.,Polish Core 3000 · 빈도 #2904 · noun · EN: (literary) autopsy (a dissection performed on a cadaver) · KO revised 2026-08-14 · Example generated for quiz,"core3000,core-3000,noun"
2905,szkolić,훈련시키다 / 교육하다,"Mogę szkolić, jeśli będzie trzeba.","Polish Core 3000 · 빈도 #2905 · verb · EN: (transitive) to coach, to train (to teach a task) · KO revised 2026-08-14 · Example generated for quiz","core3000,core-3000,verb"
2906,dolegać,괴로와하다,"Mogę dolegać, jeśli będzie trzeba.","Polish Core 3000 · 빈도 #2906 · verb · EN: (intransitive) to ail, to trouble [+dative = someone] · KO revised 2026-08-14 · Example generated for quiz","core3000,core-3000,verb"
2907,filiżanka,찻잔,To jest filiżanka.,"Polish Core 3000 · 빈도 #2907 · noun · EN: teacup, cup (vessel for drinking) · KO revised 2026-08-14 · Example generated for quiz","core3000,core-3000,noun"
2908,buzia,입,To jest buzia.,"Polish Core 3000 · 빈도 #2908 · noun · EN: (informal, childish) mouth · KO revised 2026-08-14 · Example generated for quiz","core3000,core-3000,noun"
2909,premier,수상,To jest premier.,Polish Core 3000 · 빈도 #2909 · noun · EN: prime minister · KO revised 2026-08-14 · Example generated for quiz,"core3000,core-3000,noun"
2910,przesada,과장적 표헌,To jest przesada.,Polish Core 3000 · 빈도 #2910 · noun · EN: exaggeration · KO revised 2026-08-14 · Example generated for quiz,"core3000,core-3000,noun"
2911,turniej,토너먼트 / 대회,To jest turniej.,"Polish Core 3000 · 빈도 #2911 · noun · EN: (historical) tourney, tournament (during the Middle Ages, a series of battles and other contests designed to prepare knights for war) · KO revised 2026-08-14 · Example generated for quiz","core3000,core-3000,noun"
2912,wylot,배출구 / 출구,To jest wylot.,"Polish Core 3000 · 빈도 #2912 · noun · EN: exhaust, outlet · KO revised 2026-08-14 · Example generated for quiz","core3000,core-3000,noun"
2913,bójka,싸움 / 난투,To jest bójka.,"Polish Core 3000 · 빈도 #2913 · noun · EN: fight, brawl · KO revised 2026-08-14 · Example generated for quiz","core3000,core-3000,noun"
2914,wizerunek,상사성,To jest wizerunek.,"Polish Core 3000 · 빈도 #2914 · noun · EN: likeness, image · KO revised 2026-08-14 · Example generated for quiz","core3000,core-3000,noun"
2915,kaliber,도량,To jest kaliber.,Polish Core 3000 · 빈도 #2915 · noun · EN: calibre · KO revised 2026-08-14 · Example generated for quiz,"core3000,core-3000,noun"
2916,rzadki,귀한,W tekście pojawia się określenie „rzadki”.,"Polish Core 3000 · 빈도 #2916 · adj · EN: rare, uncommon · KO revised 2026-08-14 · Example generated for quiz","core3000,core-3000,adj"
2917,zgwałcić,강간하다,"Mogę zgwałcić, jeśli będzie trzeba.",Polish Core 3000 · 빈도 #2917 · verb · EN: (transitive) to rape (to force sexual intercourse) · KO revised 2026-08-14 · Example generated for quiz,"core3000,core-3000,verb"
2918,rocznica,기념일의,To jest rocznica.,Polish Core 3000 · 빈도 #2918 · noun · EN: anniversary · KO revised 2026-08-14 · Example generated for quiz,"core3000,core-3000,noun"
2919,wznieść,세우다,"Mogę wznieść, jeśli będzie trzeba.","Polish Core 3000 · 빈도 #2919 · verb · EN: (transitive) to erect, to raise, to build · KO revised 2026-08-14 · Example generated for quiz","core3000,core-3000,verb"
2920,dziesiątka,길,To jest dziesiątka.,Polish Core 3000 · 빈도 #2920 · noun · EN: The digit ten · KO revised 2026-08-14 · Example generated for quiz,"core3000,core-3000,noun"
2921,przebaczać,용서하다,"Mogę przebaczać, jeśli będzie trzeba.","Polish Core 3000 · 빈도 #2921 · verb · EN: (transitive) to forgive, to pardon · KO revised 2026-08-14 · Example generated for quiz","core3000,core-3000,verb"
2922,zapłata,급부,To jest zapłata.,Polish Core 3000 · 빈도 #2922 · noun · EN: payment (money paid in exchange for goods or services) · KO revised 2026-08-14 · Example generated for quiz,"core3000,core-3000,noun"
2923,pomijać,거르다,"Mogę pomijać, jeśli będzie trzeba.","Polish Core 3000 · 빈도 #2923 · verb · EN: (transitive) to omit, to leave out · KO revised 2026-08-14 · Example generated for quiz","core3000,core-3000,verb"
2924,wojenny,무용의,W tekście pojawia się określenie „wojenny”.,"Polish Core 3000 · 빈도 #2924 · adj · EN: (relational) martial, war (of, relating to, or suggestive of war) · KO revised 2026-08-14 · Example generated for quiz","core3000,core-3000,adj"
2925,atrakcyjny,관심을 끄는,W tekście pojawia się określenie „atrakcyjny”.,Polish Core 3000 · 빈도 #2925 · adj · EN: attractive · KO revised 2026-08-14 · Example generated for quiz,"core3000,core-3000,adj"
2926,długość,세로,To jest długość.,Polish Core 3000 · 빈도 #2926 · noun · EN: length · KO revised 2026-08-14 · Example generated for quiz,"core3000,core-3000,noun"
2927,skopać,파다,"Mogę skopać, jeśli będzie trzeba.","Polish Core 3000 · 빈도 #2927 · verb · EN: (transitive) to dig up, to dig · KO revised 2026-08-14 · Example generated for quiz","core3000,core-3000,verb"
2928,formularz,모양,To jest formularz.,Polish Core 3000 · 빈도 #2928 · noun · EN: form (blank document to be filled in) · KO revised 2026-08-14 · Example generated for quiz,"core3000,core-3000,noun"
2929,ambasador,대사,To jest ambasador.,Polish Core 3000 · 빈도 #2929 · noun · EN: ambassador (diplomat) · KO revised 2026-08-14 · Example generated for quiz,"core3000,core-3000,noun"
2930,klan,당파,To jest klan.,Polish Core 3000 · 빈도 #2930 · noun · EN: (literary) clan (group of people all descended from a common ancestor) · KO revised 2026-08-14 · Example generated for quiz,"core3000,core-3000,noun"
2931,wedle,대로,Wedle umowy płatność jest jutro.,Polish Core 3000 · 빈도 #2931 · prep · EN: according to · KO revised 2026-08-14 · Example generated for quiz,"core3000,core-3000,prep"
2932,przesłać,부치다,"Mogę przesłać, jeśli będzie trzeba.","Polish Core 3000 · 빈도 #2932 · verb · EN: (transitive) to send, to ship, to post · KO revised 2026-08-14 · Example generated for quiz","core3000,core-3000,verb"
2933,buziak,키스,To jest buziak.,"Polish Core 3000 · 빈도 #2933 · noun · EN: (colloquial, somewhat childish) kiss · KO revised 2026-08-14 · Example generated for quiz","core3000,core-3000,noun"
2934,warzywo,채소 / 야채,To jest warzywo.,Polish Core 3000 · 빈도 #2934 · noun · EN: vegetable · KO revised 2026-08-14 · Example generated for quiz,"core3000,core-3000,noun"
2935,wnętrze,속,To jest wnętrze.,Polish Core 3000 · 빈도 #2935 · noun · EN: inside · KO revised 2026-08-14 · Example generated for quiz,"core3000,core-3000,noun"
2936,hrabia,세다,To jest hrabia.,Polish Core 3000 · 빈도 #2936 · noun · EN: count (the male ruler of a county) · KO revised 2026-08-14 · Example generated for quiz,"core3000,core-3000,noun"
2937,świadczyć,증명하다,"Mogę świadczyć, jeśli będzie trzeba.","Polish Core 3000 · 빈도 #2937 · verb · EN: (transitive) to prove, to evince, to testify, to betoken, to bear witness to · KO revised 2026-08-14 · Example generated for quiz","core3000,core-3000,verb"
2938,wcisnąć,으깨다,"Mogę wcisnąć, jeśli będzie trzeba.","Polish Core 3000 · 빈도 #2938 · verb · EN: (transitive) to press in, to push in · KO revised 2026-08-14 · Example generated for quiz","core3000,core-3000,verb"
2939,kapować,제거하다,"Mogę kapować, jeśli będzie trzeba.","Polish Core 3000 · 빈도 #2939 · verb · EN: (transitive, slang) to get; to understand · KO revised 2026-08-14 · Example generated for quiz","core3000,core-3000,verb"
2940,wąs,침상결정,To jest wąs.,Polish Core 3000 · 빈도 #2940 · noun · EN: (chiefly in the plural) moustache · KO revised 2026-08-14 · Example generated for quiz,"core3000,core-3000,noun"
2941,nić,실,To jest nić.,"Polish Core 3000 · 빈도 #2941 · noun · EN: thread (long, thin and flexible form of material) · KO revised 2026-08-14 · Example generated for quiz","core3000,core-3000,noun"
2942,werdykt,답신,To jest werdykt.,Polish Core 3000 · 빈도 #2942 · noun · EN: verdict · KO revised 2026-08-14 · Example generated for quiz,"core3000,core-3000,noun"
2943,lokalizacja,위치,To jest lokalizacja.,"Polish Core 3000 · 빈도 #2943 · noun · EN: location, place, site · KO revised 2026-08-14 · Example generated for quiz","core3000,core-3000,noun"
2944,podstawowy,근본의,W tekście pojawia się określenie „podstawowy”.,"Polish Core 3000 · 빈도 #2944 · adj · EN: basic, elementary, primary, principal · KO revised 2026-08-14 · Example generated for quiz","core3000,core-3000,adj"
2945,opanować,통치권,"Mogę opanować, jeśli będzie trzeba.","Polish Core 3000 · 빈도 #2945 · verb · EN: (transitive) to rule over, to reign over, to capture, to seize · KO revised 2026-08-14 · Example generated for quiz","core3000,core-3000,verb"
2946,skarpetka,양말,To jest skarpetka.,Polish Core 3000 · 빈도 #2946 · noun · EN: sock (covering for the foot) · KO revised 2026-08-14 · Example generated for quiz,"core3000,core-3000,noun"
2947,minimum,하다 못해,On robi to minimum.,Polish Core 3000 · 빈도 #2947 · adv · EN: at least · KO revised 2026-08-14 · Example generated for quiz,"core3000,core-3000,adv"
2948,przytulić,껴안다,"Mogę przytulić, jeśli będzie trzeba.","Polish Core 3000 · 빈도 #2948 · verb · EN: (transitive) to hug, to cuddle, to snuggle · KO revised 2026-08-14 · Example generated for quiz","core3000,core-3000,verb"
2949,producent,생산자,To jest producent.,"Polish Core 3000 · 빈도 #2949 · noun · EN: producer, manufacturer · KO revised 2026-08-14 · Example generated for quiz","core3000,core-3000,noun"
2950,mikrofon,마이크,To jest mikrofon.,Polish Core 3000 · 빈도 #2950 · noun · EN: microphone · KO revised 2026-08-14 · Example generated for quiz,"core3000,core-3000,noun"
2951,przodek,얼굴,To jest przodek.,"Polish Core 3000 · 빈도 #2951 · noun · EN: ancestor, forebear · KO revised 2026-08-14 · Example generated for quiz","core3000,core-3000,noun"
2952,utknąć,꼼짝 못 하다 / 끼이다 / 막히다,"Mogę utknąć, jeśli będzie trzeba.","Polish Core 3000 · 빈도 #2952 · verb · EN: (intransitive) to get stuck, to be unable to move · KO revised 2026-08-14 · Example generated for quiz","core3000,core-3000,verb"
2953,czterdziesty,40번째,To czterdziesty numer na liście.,Polish Core 3000 · 빈도 #2953 · num · EN: fortieth · KO revised 2026-08-14 · Example generated for quiz,"core3000,core-3000,num"
2954,strzelanina,총질하다,To jest strzelanina.,"Polish Core 3000 · 빈도 #2954 · noun · EN: firefight, gunfight, shootout · KO revised 2026-08-14 · Example generated for quiz","core3000,core-3000,noun"
2955,strategia,병법,To jest strategia.,Polish Core 3000 · 빈도 #2955 · noun · EN: strategy · KO revised 2026-08-14 · Example generated for quiz,"core3000,core-3000,noun"
2956,walentynka,선물 등,To jest walentynka.,"Polish Core 3000 · 빈도 #2956 · noun · EN: valentine (expression of affection, especially romantic) · KO revised 2026-08-14 · Example generated for quiz","core3000,core-3000,noun"
2957,mdłości,구역질,To jest mdłości.,Polish Core 3000 · 빈도 #2957 · noun · EN: (pathology) nausea · KO revised 2026-08-14 · Example generated for quiz,"core3000,core-3000,noun"
2958,malować,범포,"Mogę malować, jeśli będzie trzeba.","Polish Core 3000 · 빈도 #2958 · verb · EN: (transitive, painting) to cover something with paint or varnish · KO revised 2026-08-14 · Example generated for quiz","core3000,core-3000,verb"
2959,podstęp,속임,To jest podstęp.,"Polish Core 3000 · 빈도 #2959 · noun · EN: deception, subterfuge · KO revised 2026-08-14 · Example generated for quiz","core3000,core-3000,noun"
2960,sprzedawca,판매인,To jest sprzedawca.,"Polish Core 3000 · 빈도 #2960 · noun · EN: seller, salesman · KO revised 2026-08-14 · Example generated for quiz","core3000,core-3000,noun"
2961,trenować,훈련하다 / 연습하다,"Mogę trenować, jeśli będzie trzeba.","Polish Core 3000 · 빈도 #2961 · verb · EN: (transitive) to coach, to train · KO revised 2026-08-14 · Example generated for quiz","core3000,core-3000,verb"
2962,blask,달아오르다,To jest blask.,"Polish Core 3000 · 빈도 #2962 · noun · EN: (of light) glow, flare, sparkle, glare, shine, flash, brightness, brilliance · KO revised 2026-08-14 · Example generated for quiz","core3000,core-3000,noun"
2963,wypłata,지불,To jest wypłata.,"Polish Core 3000 · 빈도 #2963 · noun · EN: withdrawal of money, payout · KO revised 2026-08-14 · Example generated for quiz","core3000,core-3000,noun"
2964,trząść,흔들다,"Mogę trząść, jeśli będzie trzeba.",Polish Core 3000 · 빈도 #2964 · verb · EN: (transitive) to shake · KO revised 2026-08-14 · Example generated for quiz,"core3000,core-3000,verb"
2965,wystraszyć,겁주다 / 놀라게 하다,"Mogę wystraszyć, jeśli będzie trzeba.","Polish Core 3000 · 빈도 #2965 · verb · EN: (transitive) to scare, to startle, to frighten · KO revised 2026-08-14 · Example generated for quiz","core3000,core-3000,verb"
2966,wschodni,동쪽의 / 동부의,W tekście pojawia się określenie „wschodni”.,"Polish Core 3000 · 빈도 #2966 · adj · EN: east, eastern (of or relating to the east) · KO revised 2026-08-14 · Example generated for quiz","core3000,core-3000,adj"
2967,dziedzina,분야 / 영역,To jest dziedzina.,"Polish Core 3000 · 빈도 #2967 · noun · EN: field of study, discipline · KO revised 2026-08-14 · Example generated for quiz","core3000,core-3000,noun"
2968,licencja,허가증,To jest licencja.,"Polish Core 3000 · 빈도 #2968 · noun · EN: (law) license, permission (legal document giving official permission to do something) · KO revised 2026-08-14 · Example generated for quiz","core3000,core-3000,noun"
2969,zażenować,곤란케 하다,"Mogę zażenować, jeśli będzie trzeba.","Polish Core 3000 · 빈도 #2969 · verb · EN: (transitive) to embarrass, to confound, to abash · KO revised 2026-08-14 · Example generated for quiz","core3000,core-3000,verb"
2970,sięgać,닿다,"Mogę sięgać, jeśli będzie trzeba.",Polish Core 3000 · 빈도 #2970 · verb · EN: (intransitive) to reach (e.g. one's arm out to grab something) [+ po (accusative) = for what] · KO revised 2026-08-14 · Example generated for quiz,"core3000,core-3000,verb"
2971,wyczyścić,청소하다,"Mogę wyczyścić, jeśli będzie trzeba.",Polish Core 3000 · 빈도 #2971 · verb · EN: (transitive) to clean · KO revised 2026-08-14 · Example generated for quiz,"core3000,core-3000,verb"
2972,życiowy,인생의 / 생활의,W tekście pojawia się określenie „życiowy”.,"Polish Core 3000 · 빈도 #2972 · adj · EN: (relational, not comparable) life, living, vital · KO revised 2026-08-14 · Example generated for quiz","core3000,core-3000,adj"
2973,oryginalny,원래의 / 독창적인,W tekście pojawia się określenie „oryginalny”.,Polish Core 3000 · 빈도 #2973 · adj · EN: original (first in a series or copies/versions; initial) · KO revised 2026-08-14 · Example generated for quiz,"core3000,core-3000,adj"
2974,przejebać,흩뜨리다,"Mogę przejebać, jeśli będzie trzeba.","Polish Core 3000 · 빈도 #2974 · verb · EN: (transitive, vulgar) to piss away, to squander, to dissipate, to misspend · KO revised 2026-08-14 · Example generated for quiz","core3000,core-3000,verb"
2975,nowina,뉴스,To jest nowina.,Polish Core 3000 · 빈도 #2975 · noun · EN: news · KO revised 2026-08-14 · Example generated for quiz,"core3000,core-3000,noun"
2976,pociągnąć,당기다,"Mogę pociągnąć, jeśli będzie trzeba.",Polish Core 3000 · 빈도 #2976 · verb · EN: (transitive) to pull · KO revised 2026-08-14 · Example generated for quiz,"core3000,core-3000,verb"
2977,dostępny,이용 가능한 / 접근 가능한,W tekście pojawia się określenie „dostępny”.,Polish Core 3000 · 빈도 #2977 · adj · EN: accessible · KO revised 2026-08-14 · Example generated for quiz,"core3000,core-3000,adj"
2978,płonąć,불타다,"Mogę płonąć, jeśli będzie trzeba.",Polish Core 3000 · 빈도 #2978 · verb · EN: (intransitive) to burn; to be aflame; to be on fire · KO revised 2026-08-14 · Example generated for quiz,"core3000,core-3000,verb"
2979,presja,압박 / 압력,To jest presja.,Polish Core 3000 · 빈도 #2979 · noun · EN: (figuratively) pressure (force or impulse of any kind) · KO revised 2026-08-14 · Example generated for quiz,"core3000,core-3000,noun"
2980,fryzura,헤어스타일 / 머리 모양,To jest fryzura.,"Polish Core 3000 · 빈도 #2980 · noun · EN: haircut, hairstyle · KO revised 2026-08-14 · Example generated for quiz","core3000,core-3000,noun"
2981,spieprzać,꺼지다 / 달아나다 (비속어),"Mogę spieprzać, jeśli będzie trzeba.","Polish Core 3000 · 빈도 #2981 · verb · EN: (intransitive, mildly vulgar) to hightail it, to piss off, to bugger off (to leave) · KO revised 2026-08-14 · Example generated for quiz","core3000,core-3000,verb"
2982,ród,혈족,To jest ród.,Polish Core 3000 · 빈도 #2982 · noun · EN: bloodline · KO revised 2026-08-14 · Example generated for quiz,"core3000,core-3000,noun"
2983,skrót,생략,To jest skrót.,Polish Core 3000 · 빈도 #2983 · noun · EN: abbreviation · KO revised 2026-08-14 · Example generated for quiz,"core3000,core-3000,noun"
2984,fotel,안락의자,To jest fotel.,Polish Core 3000 · 빈도 #2984 · noun · EN: armchair · KO revised 2026-08-14 · Example generated for quiz,"core3000,core-3000,noun"
2985,bon,배급표,To jest bon.,"Polish Core 3000 · 빈도 #2985 · noun · EN: coupon, voucher (piece of paper that entitles the holder to a discount, or that can be exchanged for goods and services) · KO revised 2026-08-14 · Example generated for quiz","core3000,core-3000,noun"
2986,chudy,마른 / 야윈,W tekście pojawia się określenie „chudy”.,"Polish Core 3000 · 빈도 #2986 · adj · EN: (of persons) thin, lean · KO revised 2026-08-14 · Example generated for quiz","core3000,core-3000,adj"
2987,sałatka,샐러드,To jest sałatka.,Polish Core 3000 · 빈도 #2987 · noun · EN: salad · KO revised 2026-08-14 · Example generated for quiz,"core3000,core-3000,noun"
2988,negocjować,협상하다,"Mogę negocjować, jeśli będzie trzeba.",Polish Core 3000 · 빈도 #2988 · verb · EN: (transitive) to negotiate; to confer to reach an agreement · KO revised 2026-08-14 · Example generated for quiz,"core3000,core-3000,verb"
2989,krata,격자,To jest krata.,"Polish Core 3000 · 빈도 #2989 · noun · EN: lattice, grid · KO revised 2026-08-14 · Example generated for quiz","core3000,core-3000,noun"
2990,biżuteria,보석류 / 장신구,To jest biżuteria.,Polish Core 3000 · 빈도 #2990 · noun · EN: jewellery · KO revised 2026-08-14 · Example generated for quiz,"core3000,core-3000,noun"
2991,żyć,살다,"Mogę żyć, jeśli będzie trzeba.",Polish Core 3000 · 빈도 #2991 · verb · EN: (intransitive) to live (be alive) · KO revised 2026-08-14 · Example generated for quiz,"core3000,core-3000,verb"
2992,papież,교황,To jest papież.,Polish Core 3000 · 빈도 #2992 · noun · EN: (Roman Catholicism) pope (head of the Roman Catholic Church) · KO revised 2026-08-14 · Example generated for quiz,"core3000,core-3000,noun"
2993,lalka,인형,To jest lalka.,Polish Core 3000 · 빈도 #2993 · noun · EN: doll (a toy made in the form of a person) · KO revised 2026-08-14 · Example generated for quiz,"core3000,core-3000,noun"
2994,brązowy,갈색,W tekście pojawia się określenie „brązowy”.,Polish Core 3000 · 빈도 #2994 · adj · EN: (relational) bronzen · KO revised 2026-08-14 · Example generated for quiz,"core3000,core-3000,adj"
2995,intencja,의도,To jest intencja.,Polish Core 3000 · 빈도 #2995 · noun · EN: intention · KO revised 2026-08-14 · Example generated for quiz,"core3000,core-3000,noun"
2996,moneta,동전,To jest moneta.,Polish Core 3000 · 빈도 #2996 · noun · EN: coin (a piece of currency) · KO revised 2026-08-14 · Example generated for quiz,"core3000,core-3000,noun"
2997,przełożyć,옮기다 / 연기하다 / 번역하다,"Mogę przełożyć, jeśli będzie trzeba.","Polish Core 3000 · 빈도 #2997 · verb · EN: (transitive) to move around, to put elsewhere · KO revised 2026-08-14 · Example generated for quiz","core3000,core-3000,verb"
2998,hart,강하기,To jest hart.,"Polish Core 3000 · 빈도 #2998 · noun · EN: strength, resilience, fortitude · KO revised 2026-08-14 · Example generated for quiz","core3000,core-3000,noun"
2999,koroner,검시관,To jest koroner.,Polish Core 3000 · 빈도 #2999 · noun · EN: (medicine) coroner (who presides over an inquest) · KO revised 2026-08-14 · Example generated for quiz,"core3000,core-3000,noun"
3000,hola,멈춰! / 워워!,"Hola, dokąd tak szybko?","Polish Core 3000 · 빈도 #3000 · intj · EN: stop!, whoa! · KO revised 2026-08-14 · Example generated for quiz","core3000,core-3000,intj"
